-- Dumping structure for table cynosure-website.applications
CREATE TABLE IF NOT EXISTS `applications` (
  `id` int(10) unsigned NOT NULL AUTO_INCREMENT,
  `job_title` varchar(255) COLLATE utf8mb4_unicode_ci NOT NULL,
  `name` varchar(255) COLLATE utf8mb4_unicode_ci NOT NULL,
  `email` varchar(255) COLLATE utf8mb4_unicode_ci NOT NULL,
  `phone` varchar(255) COLLATE utf8mb4_unicode_ci DEFAULT NULL,
  `current_company` varchar(255) COLLATE utf8mb4_unicode_ci DEFAULT NULL,
  `linkedin` varchar(255) COLLATE utf8mb4_unicode_ci DEFAULT NULL,
  `hear_about_us` varchar(255) COLLATE utf8mb4_unicode_ci DEFAULT NULL,
  `resume` varchar(255) COLLATE utf8mb4_unicode_ci DEFAULT NULL,
  `cover` text COLLATE utf8mb4_unicode_ci,
  `created_at` timestamp NULL DEFAULT NULL,
  `updated_at` timestamp NULL DEFAULT NULL,
  `status` varchar(255) COLLATE utf8mb4_unicode_ci NOT NULL DEFAULT 'Pending',
  `current_salary` varchar(255) COLLATE utf8mb4_unicode_ci DEFAULT NULL,
  `expected_salary` varchar(255) COLLATE utf8mb4_unicode_ci DEFAULT NULL,
  PRIMARY KEY (`id`)
) ENGINE=InnoDB AUTO_INCREMENT=96 DEFAULT CHARSET=utf8mb4 COLLATE=utf8mb4_unicode_ci;

-- Dumping data for table cynosure-website.applications: ~87 rows (approximately)
INSERT IGNORE INTO `applications` (`id`, `job_title`, `name`, `email`, `phone`, `current_company`, `linkedin`, `hear_about_us`, `resume`, `cover`, `created_at`, `updated_at`, `status`, `current_salary`, `expected_salary`) VALUES
	(3, 'Digital Marketing Associate', 'Ali Raza', 'ali.rz.malik@gmail.com', '+923016209309', 'Mailmunch', 'Ali-malik-seo', 'Linkedin', 'https://cynosuredesigns.co.uk//storage/application/PCjZ2L.pdf', 'Im an SEO analyst with over 3 years of experience. \r\n\r\nI am also partially into performance marketing', '2022-04-20 16:59:36', '2022-04-20 16:59:36', '', NULL, NULL),
	(4, 'Digital Marketing Associate', 'Shaheer Shahid', 'shaheerking1@gmail.com', '03044464756', 'Tkxel', 'https://www.linkedin.com/in/theshaheermalik/', 'Linkedin', 'https://cynosuredesigns.co.uk//storage/application/3ANF8b.pdf', 'Everything in Resume', '2022-04-21 00:09:44', '2022-04-21 00:09:44', '', NULL, NULL),
	(5, 'Digital Marketing Associate', 'fazal-e-rabbi', 'fazalerabbi1611@gmail.com', '03074902213', 'enablers.org', 'https://www.linkedin.com/in/fazal-rabbi-ab95a3179/', 'Linkdin', 'https://cynosuredesigns.co.uk//storage/application/7PPJDL.pdf', 'Resume attached', '2022-04-21 01:02:15', '2022-04-21 01:02:15', '', NULL, NULL),
	(6, 'Digital Marketing Associate', 'Fatima Habib', 'fatimahabib400@gmail.com', '03233050000', 'None', 'Fatimahabib', 'Linkedin', 'https://cynosuredesigns.co.uk//storage/application/xrpMz1.pdf', 'I have a specialization in Public Relations and Advertising \r\nAnd almost 2 years experience in Social media handling and content creation', '2022-04-21 03:33:08', '2022-04-21 03:33:08', '', NULL, NULL),
	(7, 'Digital Marketing Associate', 'Shehroze', 'amirshehroze@gmail.com', '03357665699', 'The Oasis golf and Aqua resort', 'linkedin.com/in/shehrozeamir', 'LinkedIn', 'https://cynosuredesigns.co.uk//storage/application/f5fbDT.pdf', 'Hi there,\r\n\r\nHope you are doing great.\r\n\r\nI’m writing this email in hopes to join your team as a Marketing Business Manager. Currently I’m employed at the Oasis Golf and Aqua Resort for nearly 2 years as a marketing executive, where my job responsibilities are numerous but to state the few I’m responsible for designing marketing campaign and materials for our social media, business development and maintaining healthy relationships with existing and new clients and much more.\r\n\r\nI have attached my updated resume for you to go through, my contact details are mentioned in it as well. Really looking forward to speak to you in near future. \r\n\r\nBest regards,\r\nShehroze', '2022-04-21 04:05:18', '2022-04-21 04:05:18', '', NULL, NULL),
	(9, 'Digital Marketing Associate', 'Ammar Ahmad', 'ammarahmad777222@gmail.com', '03224645562', 'choice industries', 'www.choiceindustries.com', 'by linkedin', 'https://cynosuredesigns.co.uk/storage/application/Ammar-Ahmad-58895.docx', 'Hello. \r\n I can help you with your project perfectly. I am skilled man who can complete your work with 100% honesty.\r\n As I am strong at this kind of project, I am pretty sure that I can deliver high quality result within time.\r\n I so want have a brief chat or call to discuss about your project. I am very interested in your project.', '2022-04-21 13:05:32', '2022-04-21 13:05:32', '', NULL, NULL),
	(10, 'Digital Marketing Associate', 'Zeeshan Ghaffar', 'zeeshanghaffar55@gmail.com', '03129700055', 'Automated Business Solutions-Abs', 'https://www.linkedin.com/in/zeeshanghaffar/', 'From Linkedin', 'https://cynosuredesigns.co.uk/storage/application/Zeeshan-Ghaffar-63755.pdf', 'This is Zeeshan Ghaffar, a Computer science graduate. I am looking for an opportunity as a Digital Marketing Analyst. Thanks!', '2022-04-22 19:27:29', '2022-04-22 19:27:29', '', NULL, NULL),
	(11, 'Digital Marketing Associate', 'waqas Ahmad', 'waqasahmad6994@gmail.com', '03215305800', 'NOBORDER.z', 'https://www.linkedin.com/in/waqas-ahmad55/', 'Google', 'https://cynosuredesigns.co.uk/storage/application/waqas-Ahmad-53968.pdf', 'Currently I’m working in NOBORDER.z as a SEO SMM SEM AND SMO expert\r\n\r\n\r\n\r\nTotal Experience 4years\r\n\r\nTechnologies\r\n\r\n\r\n\r\nVirtual reality platform AR/VR\r\n\r\nESPORTS \r\n\r\nNFT’s\r\n\r\n\r\n\r\nSocial accounts that currently im handling \r\n\r\n\r\n\r\nFacebook\r\n\r\nInstagram \r\n\r\nTwitter \r\n\r\nDiscord\r\n\r\nTelegram\r\n\r\nMedium\r\n\r\nQuora\r\n\r\nYouTube \r\n\r\nKeywords That i have ranked in Google SERP\'s\r\n\r\nKeyword\r\n\r\nThermopre\r\n\r\nWebsite\r\n\r\nThermopre.com\r\nThermopore branding also\r\n\r\nKeyword\r\n\r\nNFT Marketplace \r\n\r\nXanalia.com\r\nXANALIA Branding Also\r\n\r\n\r\nThank you!', '2022-04-23 14:06:05', '2022-04-23 14:06:05', '', NULL, NULL),
	(12, 'Frontend Developer', 'Mubashar Nazir', 'mubashir.broah@gmail.com', '03556136191', 'Nafees Solutions Mirpur', 'http://linkedin.com/in/mubashar-nazir-038a55210', 'Linked In', 'https://cynosuredesigns.co.uk/storage/application/Mubashar-Nazir-24182.pdf', 'Dear sir,\r\n\r\nThis is with reference to your job requirement on the linkedin job portal for the Front-end Web Developer. I am intrested in this position and would appriciate your consideration as a candidate gor this job. I believe that my Skills, qualification and Experience make me suitable candidate for this job.\r\nI am confident that my Skills and Experience will be right fit for this job opportunity. please check the attached CV for further refrences.\r\nThankyou for your time in reviewing this letter. Again I request you to please consider my application for this role.\r\nPlease feel free to contact me for further details.\r\n\r\nSincerely,\r\nMubashar Nazir', '2022-04-23 17:04:50', '2022-04-23 17:04:50', '', NULL, NULL),
	(13, 'Frontend Developer', 'Tayyab Ali', 'bbcblack28@gmail.com', '+923029516473', 'BEST-NET', 'linkedin.com/in/tayyab-ali-41876b221', 'link', 'https://cynosuredesigns.co.uk/storage/application/Tayyab-Ali-91028.pdf', NULL, '2022-04-23 17:49:18', '2022-04-23 17:49:18', '', NULL, NULL),
	(14, 'Frontend Developer', 'Arslan', 'ms102043@gmail.com', '030700476111', 'Acroex design studio', 'Mirza shani', 'LinkedIn', 'https://cynosuredesigns.co.uk/storage/application/Arslan-10089.pdf', 'I am arslan i have 2 years of experience in front end developer. I was working on multiple projects for theme forest. With pixel perfect template.', '2022-04-23 18:13:51', '2022-04-23 18:13:51', '', NULL, NULL),
	(18, 'Frontend Developer', 'Shahzaib', 'muhammadshahzaib706@gmail.com', '03087661122', 'Alpha Squad', 'https://www.linkedin.com/in/shah-zaib-60bb571b7/', 'LinkedIn', 'https://cynosuredesigns.co.uk/storage/application/Shahzaib-36458.pdf', 'Hi, It would be a pleasure to work with you and for such a fine organization. I have worked on 2 major projects from scratch, as per UI i have developed dynamic, responsive and functional interfaces. I have the expertise in Tailwind CSS, CSS3, jQuery, JavaScript and SASS and Components along with React and Next JS. \r\nHope to hear from you', '2022-04-23 19:24:19', '2022-04-23 19:24:19', '', NULL, NULL),
	(19, 'Frontend Developer', 'Sarim', 'sarimaltaf17@gmail.com', '03232401470', 'Conovo', 'Sarim altaf', 'From linkedIn', 'https://cynosuredesigns.co.uk/storage/application/Sarim-37489.docx', 'Sarim Ul Hassan\r\n\r\nHi i am a front end developer and 3.5 y of experience.', '2022-04-23 20:14:40', '2022-04-23 20:14:40', '', NULL, NULL),
	(20, 'Frontend Developer', 'M Abdurrehman Atif', 'muhammadabdurrehmanatif@yahoo.com', '+923400034035', NULL, 'www.linkedin.com/in/m-abdurrehman-atif-632402216/', 'Linkedin', 'https://cynosuredesigns.co.uk/storage/application/M-Abdurrehman-Atif-54689.pdf', 'Respected Sir/Madam,\r\nI\'m applying for the position of Front End Developer at your company, Educative. I\'m eager to learn new tools with my full-time job but considering the fact that we fresh graduates are unable to learn these frameworks without any mentorship so I\'m seeking my mentors at Educative. I\'m willing to give my 100\r\npercent to the company. I\'m seeking guidance so I could use my ability of algorithms development, efficient programming and data handling for the betterment. I\'m looking forward to hearing from you.\r\nBest Regards,\r\nM Abdurrehman Atif\r\nApplying for the position of Front End Developer.', '2022-04-23 20:16:52', '2022-04-23 20:16:52', '', NULL, NULL),
	(21, 'Frontend Developer', 'KASHIF ULLAH', 'kashifnymph@gmail.com', '03360759753', 'Mk Smart Solution', 'https://www.linkedin.com/in/kashif-ullah-46b605206', 'LinkedIn', 'https://cynosuredesigns.co.uk/storage/application/KASHIF-ULLAH-51989.pdf', 'Respected Sir,\r\nI am writing you to apply to the position of Front End Developer. My three years of experience as a Front End Developer has honed my CSS3 and HTML5 skills and 1 Year Experience of Bootstrap, React js, React Hooks, Redux and Javascript as well as my knowledge of mobile and responsive design.My professional experience includes bringing the wireframes of the UX designer to life through HTML5, BOOTSTRAP, CSS3, as well as collaborating with Back End Developers to create a stellar finished product. I think my skills and experience makes me a great fit for your organization.Here are some of my most relevant qualifications and accomplishments: Three years of experience as a Front End Developer, various website features using HTML5 CSS3 and JavaScript Developed and Implemented project scope and timelines based on the design-develop-deploy process Collaborated with UX designers and Back End Developers and ensured coherence between all parties Tested feature prototypes for bugs and user experienceI know how important the details are for a Front End Developer. My keen attention to detail and dedication to solving any problem at hand are what separates me from other candidates with similar qualifications. If you agree that I’d be a good fit for your organization, I would love to schedule an interview at your earliest convenience.Sincerely,\r\nKashif Ullah', '2022-04-23 23:20:41', '2022-04-23 23:20:41', '', NULL, NULL),
	(22, 'Frontend Developer', 'Muhammad usman', 'musman000057@gmail.com', '+92 310-8813057', 'None', 'None', 'None', 'https://cynosuredesigns.co.uk/storage/application/Muhammad-usman-58872.pdf', NULL, '2022-04-24 01:32:08', '2022-04-24 01:32:08', '', NULL, NULL),
	(23, 'Frontend Developer', 'Muhammad Awais', 'muhammad.awais.genius@gmail.com', '0331 4092595', NULL, 'https://www.linkedin.com/in/muhammad-awais-it/', 'LinkedIn', 'https://cynosuredesigns.co.uk/storage/application/Muhammad-Awais-17835.pdf', NULL, '2022-04-24 03:25:13', '2022-04-24 03:25:13', '', NULL, NULL),
	(24, 'Frontend Developer', 'saad rasool', 'saadrasool381@gamil.com', '03024029406', 'No self', 'linkedin.com/in/saad-rasool-b306b8171', 'React js', 'https://cynosuredesigns.co.uk/storage/application/saad-rasool-45847.pdf', 'Hy!\r\nI hope you are well.\r\nMy name is saad rasool and i am React js developer.\r\nI want work to your company as react js developer.', '2022-04-24 04:20:09', '2022-04-24 04:20:09', '', NULL, NULL),
	(25, 'Frontend Developer', 'Noman Abbasi', 'nomanabbasi500@gmail.com', '03163000520', 'Mehran University of Technology', 'https://www.linkedin.com/in/noman-abbasi-723872185', 'LinkedIn', 'https://cynosuredesigns.co.uk/storage/application/Noman-Abbasi-2897.pdf', 'I am active and having prior knowledge of my field, i can design and develop a website, i work on WordPress and canva.\r\nSkills: Html CSS Bootstrap JavaScript php and mysql(basic).\r\nWordPress i can design a website by Elementor & WooCommerce.', '2022-04-24 04:58:07', '2022-04-24 04:58:07', '', NULL, NULL),
	(26, 'Frontend Developer', 'Aqib Malik', 'hmaqibmalik@gmail.com', '03200404781', 'Deline Media', 'hmaqibmalik', 'LinkedIn', 'https://cynosuredesigns.co.uk/storage/application/Aqib-Malik-10790.pdf', 'I am Frontend Developer', '2022-04-24 14:53:00', '2022-04-25 02:55:04', 'Decline', NULL, NULL),
	(27, 'Frontend Developer', 'Muazzam Younus', 'muazzam.younus925@gmail.com', '+923337470794', 'BitLogix', 'https://www.linkedin.com/in/muazzamyounus001/', 'LinkedIb=n', 'https://cynosuredesigns.co.uk/storage/application/Muazzam-Younus-95246.pdf', 'Dear Sir / Madam\r\nThis letter is to express my interest in your posting on LinkedIn for Front End UI Developer position within your organization. Without wishing to sound boastful I feel that I come to you with a background that is unique and distinctive from other applicants. I possess a strong desire to build a career within your company and to learn more about how to successfully operate. These points coupled with my proven ability to act as a key point of contact with existing and potential clients, have prepared me well for a position at your company. My core strengths include, but are not limited to the following: \r\n•	Having an approachable and professional manner at all times.\r\n•	Able to work on and support several projects simultaneously.\r\n•	Continuously striving to improve all practices, routines and systems\r\nFor additional information about my capabilities please view my attached resume.\r\nRight now I want to work for a reputable and exciting company like yours where there will be a big stage for my talents. Therefore I would welcome the chance of an interview, where we would be able to discuss in greater detail the value and strength I can bring to your already successful company.\r\nI thank you for your time and I look forward to hearing from you.\r\n\r\nYours sincerely\r\nMuazzam Younus', '2022-04-25 04:03:14', '2022-04-25 04:03:14', 'Pending', NULL, NULL),
	(29, 'Frontend Developer', 'Shah Zaman', 'shahzamanamjad@gmail.com', '03074327043', 'IMSI technologies', 'www.linkin.com', 'Linkin', 'https://cynosuredesigns.co.uk/storage/application/Shah-Zaman-10884.pdf', NULL, '2022-04-25 06:15:13', '2022-04-25 06:15:13', 'Pending', NULL, NULL),
	(30, 'Frontend Developer', 'test afsd', 'test@gmail.com', '03217903734', NULL, 'rashidmalik107', 'LinkedIn', 'https://cynosuredesigns.co.uk/storage/application/test-afsd-77627.pdf', 'H', '2022-04-27 08:24:43', '2022-04-27 08:24:43', 'Pending', NULL, NULL),
	(31, 'Frontend Developer', 'azhar mehmood', 'azharg139@gmail.com', '03214079850', 'Ashlarglobal', 'https://www.linkedin.com/in/azhar-mughal-832211163', 'Linkedin', 'https://cynosuredesigns.co.uk/storage/application/azhar-mehmood-57973.pdf', 'Frontend Developer', '2022-05-06 07:49:31', '2022-05-06 07:49:31', 'Pending', NULL, NULL),
	(32, 'Digital Designer', 'Usman Butt', 'usman.sadiq1235@gmail.com', '03161468213', 'Mindbridge', 'https://www.linkedin.com/in/usman-butt-681601239', 'LinkedIn', NULL, 'I do not hvae any experience in designing but i did my certification along with my job in call center. I want to apply for this job and i want to chnage my career', '2022-05-06 08:57:34', '2022-05-06 08:57:34', 'Pending', NULL, NULL),
	(33, 'Digital Designer', 'asma azwar', 'Asmaazwar7@gmail.com', '03256541746', 'Adex360', 'https://www.linkedin.com/in/asma-azwar-113a7b164', 'Linkedin', 'https://cynosuredesigns.co.uk/storage/application/asma-azwar-87506.txt', 'Dont have any yet', '2022-05-06 13:57:13', '2022-05-06 13:57:13', 'Pending', NULL, NULL),
	(34, 'Digital Designer', 'Shehr Bano', 'shehrbxno@gmail.com', '+923241929741', NULL, 'https://www.linkedin.com/in/shaherbanos/', 'linkedin', 'https://cynosuredesigns.co.uk/storage/application/Shehr-Bano-38264.pdf', 'NaN', '2022-05-08 12:17:47', '2022-05-08 12:17:47', 'Pending', NULL, NULL),
	(35, 'Digital Designer', 'Ahmad', 'ahmad12488@gmail.com', '00923324662730', NULL, 'https://www.linkedin.com/in/visual-dot/', 'Linkedin', 'https://cynosuredesigns.co.uk/storage/application/Ahmad-4197.doc', 'Greetings!\r\n\r\nI am enthusiastically writing with an interest to join your good company. A creative minded individual with over 4 years of Gulf experience and a total of 12 years as Graphic Designer, Web Designer and Network Administrator. I am ready to leverage my capabilities to contribute to your bottom line.\r\n\r\nAs indicated in the enclosed resume, I have considerable experience in web/graphic designing applications and tools. My ability to create precise web/graphic designs that are easy to maintain, revise and expand has been commended by managers many times. I have handled the CRM and worked with art and advertising materials for many companies. I am confident that with all this experience and skill set, I can turn out to be an asset for the company and will help the company to grow further in future.\r\n\r\nHoping you\'ll consider my offer to be a part of your company. I look forward to meeting with you and to discuss my aspirations in detail. Please feel free to call me at +923324662730 if you need any further information from my side.\r\n\r\nThank you for your time and consideration.\r\n\r\nSincerely,\r\nAhmad Raza\r\n\r\nEnclosures:\r\nResume – Ahmad Resume.Doc', '2022-05-09 09:47:51', '2022-05-09 09:47:51', 'Pending', NULL, NULL),
	(36, 'Frontend Developer', 'Muhammad Bilal', 'bilalmanj9@gmail.com', '03073974378', 'Bizzclan PVT LTD', 'Ghjhdd', 'LinkedIn', 'https://cynosuredesigns.co.uk/storage/application/Muhammad-Bilal-67087.pdf', NULL, '2022-05-12 04:20:04', '2022-05-12 04:20:04', 'Pending', NULL, NULL),
	(37, 'Frontend Developer', 'Syed Saqib Ali', 'saqibsyed1014@gmail.com', '03084381531', 'Bright Arrow', 'https://www.linkedin.com/in/saqib-syed-b7737620b/', 'LinkedIn', 'https://cynosuredesigns.co.uk/storage/application/Syed-Saqib-Ali-33754.pdf', 'Dear HR recruiter,\r\nI am writing in application for the front-end developer position at Cynosure Designs as advertised on LinkedIn. My training and experience in the field of computer programming and web development, along with my ability to make them fully responsive & interactable make me the perfect candidate for the job. I know that I would be a valuable addition to the team at Cynosure Designs.\r\n                                                                                              Sincerely,\r\n                                                                                        Syed Saqib Ali', '2022-05-12 04:37:05', '2022-05-12 04:37:05', 'Pending', NULL, NULL),
	(38, 'Frontend Developer', 'Muhammad shahryar asif', 'shaheryarasif73@gmail.com', '+923120622505', 'Tkxel', 'Www.linkedin.com/in/shaheryar-asif-502a19174', 'LinkedIn', 'https://cynosuredesigns.co.uk/storage/application/Muhammad-shahryar-asif-81126.pdf', 'Hi, \r\nI am shaheryar asif working as associate frontend engineer in tkxel\r\nI have a experience of more than 1 year in frontend and i am highly efficient in converting figma designs into code using latest framework like React.\r\nI am expert in making website mobile friendly and responsive for better user experience.', '2022-05-12 05:01:26', '2022-05-12 05:01:26', 'Pending', NULL, NULL),
	(39, 'Frontend Developer', 'Ali Hamza', 'alihamza1997@gmail.com', '+923157630507', 'Envision Digital', 'https://www.linkedin.com/in/ali-hamza-a81252190', 'LinkedIn', 'https://cynosuredesigns.co.uk/storage/application/Ali-Hamza-42205.pdf', 'Hello,\r\nI am an experienced web developer proficient in HTML, CSS, Bootstrap, JavaScript, and PHP. I have also worked in WordPress specifically in WP Elementor. I am eager to learn and work in some kind of framework in near future. I am looking for a job opportunity where I can learn latest tools and technologies. \r\n\r\nYours sincerely,\r\nAli Hamza', '2022-05-12 05:25:10', '2022-05-12 05:25:10', 'Pending', NULL, NULL),
	(40, 'Frontend Developer', 'muhammad naveed', 'naveedmn203@gmail.com', '03121432854', 'First web solution', 'www.linkedin.com', 'Linkedin.com', 'https://cynosuredesigns.co.uk/storage/application/muhammad-naveed-22722.pdf', 'I am passionate to work hard and provide my best things to this company.\r\nThanks', '2022-05-12 06:00:31', '2022-05-12 06:00:31', 'Pending', NULL, NULL),
	(41, 'Frontend Developer', 'Aimen Asad', 'aimenmalik2124@gmail.com', '03094502513', 'Hungry Epos', 'https://www.linkedin.com/in/aimen-asad-7425311b3/', 'LinkedIn', 'https://cynosuredesigns.co.uk/storage/application/Aimen-Asad-78740.pdf', 'This letter is to express my interest in the job posted on your website for a front-end web developer. As you\'ll see, I have 1.5 years of hands-on experience efficiently coding websites and applications using modern HTML, CSS, and JavaScript.\r\nBuilding state-of-the-art, easy to use, user-friendly websites and applications is truly a passion of mine and I am confident I would be an excellent addition to your organization. In addition to my knowledge base, I actively seek out new technologies and stay up-to-date on industry trends and advancements. \r\nI can be reached anytime via my cell phone, 03094502513 or by email at aimenmalik2124@gmail.com.\r\nThank you for your time and consideration. I look forward to speaking with you about this opportunity. \r\nBest regards,\r\nAimen Asad', '2022-05-12 06:17:06', '2022-05-12 06:17:06', 'Pending', NULL, NULL),
	(42, 'Frontend Developer', 'Qamar Abbas', 'qamarabbax71@gmail.com', '03459345458', NULL, 'https://www.linkedin.com/in/qamar-abbas-48a08a236', 'I saw the post on LinkedIn', 'https://cynosuredesigns.co.uk/storage/application/Qamar-Abbas-24285.pdf', NULL, '2022-05-12 06:45:27', '2022-05-12 06:45:27', 'Pending', NULL, NULL),
	(43, 'Frontend Developer', 'Mubashar Nazir', 'mubashir.broah@gmail.com', '03556136191', 'Nafees Solutions Mirpur', 'http://linkedin.com/in/mubashar-nazir-038a55210', 'Linked In', 'https://cynosuredesigns.co.uk/storage/application/Mubashar-Nazir-19520.pdf', 'I am willing to work for this company to givr my best and learn something new.\r\nJazak Allah', '2022-05-12 07:13:09', '2022-05-12 07:13:09', 'Pending', NULL, NULL),
	(44, 'Frontend Developer', 'Nazir ali', 'nazirali6758@gmail.com', '03466593858', 'No', 'Hijkkkk', 'Well', 'https://cynosuredesigns.co.uk/storage/application/Nazir-ali-19522.pdf', NULL, '2022-05-12 07:33:44', '2022-05-12 07:33:44', 'Pending', NULL, NULL),
	(45, 'Frontend Developer', 'Muhammad Talha Gul', 'gultalha87@gmail.com', '03098373032', 'Techificent in lahore', 'Talha Gul Rajput', 'reguler', NULL, NULL, '2022-05-12 07:47:26', '2022-05-12 07:47:26', 'Pending', NULL, NULL),
	(46, 'Frontend Developer', 'Touseeq Haider', 'hh7393014@gmail.com', '03046446325', 'Ers tech', 'https://www.linkedin.com/feed/', 'Through linkedin', 'https://cynosuredesigns.co.uk/storage/application/Touseeq-Haider-65129.pdf', 'Hi, i am looking for the job of Reactjs front-end developer. Sir, please give me a chance', '2022-05-12 08:39:01', '2022-05-12 08:39:01', 'Pending', NULL, NULL),
	(47, 'Frontend Developer', 'M Huzaifa Imran', 'mhuzaifaimran88@gmail.com', '+923204522924', 'Enrichers Pvt ltd', 'https://www.linkedin.com/in/mhuzaifaimran/', 'through Linkedin', 'https://cynosuredesigns.co.uk/storage/application/M-Huzaifa-Imran-79036.pdf', 'Hi! I m a Cs Student. I have developed a good\r\nskill Set in programming and have experience of\r\n3 years of completing semester projects and\r\nhave more than 1-year experience of in developing\r\nsoftware for professional purposes (React Js, PHP, Java, C#, React JS).', '2022-05-16 04:32:53', '2022-05-16 04:32:53', 'Pending', NULL, NULL),
	(48, 'Frontend Developer', 'Majid Basharat', 'majidbasharat21@gmail.com', '03206229676', 'Gharbaar.com', 'LinkedIn.com/in/majid-basharat-1b57a4112', 'LinkedIn', 'https://cynosuredesigns.co.uk/storage/application/Majid-Basharat-63322.pdf', 'I am a Computer Science Graduate having extensive experience with Web development and SEO Technologies along with front end development.', '2022-05-16 04:33:44', '2022-05-16 04:33:44', 'Pending', NULL, NULL),
	(49, 'Frontend Developer', 'Aleena Raza', 'aleena.raza08@gmail.com', '03318232324', 'Tylextech', 'https://www.linkedin.com/in/aleena-raza-b6a435192/', 'linkdIn', 'https://cynosuredesigns.co.uk/storage/application/Aleena-Raza-90974.pdf', 'Contact to discuss in detail', '2022-05-16 04:41:40', '2022-05-16 04:41:40', 'Pending', NULL, NULL),
	(50, 'Frontend Developer', 'Rashid', 'rashidmalik107@gmail.com', '03217903734', 'Magnatec', 'rashidmalik107', 'LinkedIn', 'https://cynosuredesigns.co.uk/storage/application/Rashid-21994.pdf', 'Hi', '2022-05-16 04:58:56', '2022-05-16 04:58:56', 'Pending', NULL, NULL),
	(51, 'Frontend Developer', 'Moaz Rana', 'muaazmehmood@gmail.com', '03314815098', NULL, 'https://www.linkedin.com/in/moaz-rana-6a94ab137/', 'linkedin', 'https://cynosuredesigns.co.uk/storage/application/Moaz-Rana-26586.pdf', 'AOA\r\nI\'m excited to be applying for the frontend-developer position at Cynosure Designs International Solutions. With software development, there is always something new to discover. Designing a program that is truly helpful to the user is my ultimate goal on every project, and I am delighted by the opportunity to apply my knowledge at  Cynosure Designs International Solutions\r\nDuring my previous role at lilymaas I developed many web systems as a full stack developer that includes a system to manage freights and to generate documents and a system to manage office its like a social media platform within the office, generating invoices is also a functionality of this system. Both of these systems were developed with php laravel at backend, vue.js at frontend and mysql database.\r\nPlease find CV to this email. I am looking forward to hearing from you', '2022-05-16 05:24:55', '2022-05-16 05:24:55', 'Pending', NULL, NULL),
	(52, 'Frontend Developer', 'Moaz Rana', 'muaazmehmood@gmail.com', '03314815098', NULL, 'https://www.linkedin.com/in/moaz-rana-6a94ab137/', 'linkedin', 'https://cynosuredesigns.co.uk/storage/application/Moaz-Rana-3908.pdf', 'AOA\r\nI\'m excited to be applying for the frontend-developer position at Cynosure Designs International Solutions. With software development, there is always something new to discover. Designing a program that is truly helpful to the user is my ultimate goal on every project, and I am delighted by the opportunity to apply my knowledge at  Cynosure Designs International Solutions\r\nDuring my previous role at lilymaas I developed many web systems as a full stack developer that includes a system to manage freights and to generate documents and a system to manage office its like a social media platform within the office, generating invoices is also a functionality of this system. Both of these systems were developed with php laravel at backend, vue.js at frontend and mysql database.\r\nPlease find CV to this email. I am looking forward to hearing from you', '2022-05-16 05:25:08', '2022-05-16 05:25:08', 'Pending', NULL, NULL),
	(53, 'Frontend Developer', 'Haris Arif', 'harif3496@gmail.com', '03000669884', 'Techlo 9', 'www.linkedin.com/in/haris-arif-9b538021b', 'Friend send me for apply', 'https://cynosuredesigns.co.uk/storage/application/Haris-Arif-58090.pdf', NULL, '2022-05-16 05:28:06', '2022-05-16 05:28:06', 'Pending', NULL, NULL),
	(54, 'Frontend Developer', 'Muaaz Arif', 'muazarif86@gmail.com', '03224904617', 'Enablers', 'https://www.linkedin.com/in/muaz-arif-614362211/', 'Frontend developer', 'https://cynosuredesigns.co.uk/storage/application/Muaaz-Arif-9160.pdf', NULL, '2022-05-16 05:59:19', '2022-05-16 05:59:19', 'Pending', NULL, NULL),
	(55, 'Frontend Developer', 'Ali Haider', 'alihaiderabid786@gmail.com', '03081080891', 'Zoom Digital Dubai', 'https://www.linkedin.com/in/ali-haider-a-135166175', 'From my linked in Profile', 'https://cynosuredesigns.co.uk/storage/application/Ali-Haider-49715.pdf', NULL, '2022-05-16 06:26:27', '2022-05-16 06:26:27', 'Pending', NULL, NULL),
	(56, 'Frontend Developer', 'Muhammad Waqar Aslam', 'waqaraslam565@gmail.com', '03485416504', NULL, 'https://www.linkedin.com/in/waqar-aslam/', 'linkedin', 'https://cynosuredesigns.co.uk/storage/application/Muhammad-Waqar-Aslam-76468.pdf', 'Analytical and detail-oriented Software Engineer with stellar communication skills. Solid understanding\r\nof all aspects of the mobile development lifecycle and end-to-end project management, from concept\r\nthrough to development and delivery. Conceptualizing Software solutions with the latest technology, design\r\ntheory, and a large dose of creativity. Committed to viable and easily functional app solutions for\r\nclients.', '2022-05-16 06:43:06', '2022-05-16 06:43:06', 'Pending', NULL, NULL),
	(57, 'Frontend Developer', 'M Hassan Ali Zaffar', 'hassan.ali.zaffar123@gmail.com', '03060760130', 'Fresh Graduate', 'Don\'t have linked in account yet', 'Through WhatsApp', NULL, 'My name is M Hassan Ali Zaffar.\r\nI am from okara city.\r\nI am doing BSCS from Comsats University Islamabad sahiwal campus .\r\nI am in my last semester only 2 months to go.\r\nI want an opportunity where i can work and learn and provide my best skills.', '2022-05-16 13:45:20', '2022-05-16 13:45:20', 'Pending', NULL, NULL),
	(58, 'Frontend Developer', 'Ayyan Zakir', 'developerayyan@gmail.com', '03334233325', 'Orcalo Holdings', 'https://www.linkedin.com/in/ayyan-zakir-3b4b2b220', 'LinkedIn', 'https://cynosuredesigns.co.uk/storage/application/Ayyan-Zakir-30516.pdf', NULL, '2022-05-16 15:19:58', '2022-05-16 15:19:58', 'Pending', NULL, NULL),
	(59, 'Frontend Developer', 'saher javed', 'saher.javed95@gmail.com', '03318040411', NULL, 'https://www.linkedin.com/in/saher-javed-b62b8821b', 'from linkedin', 'https://cynosuredesigns.co.uk/storage/application/saher-javed-5336.pdf', 'For the past 2 years, I have been working in one company where I gained exceptional skills and commendable experience. But now I feel to expand the scope of my skills with a new company. Your organization seems to provide me with this opportunity where I can thrive more and be more efficient.', '2022-05-17 02:08:00', '2022-05-17 02:08:00', 'Pending', NULL, NULL),
	(60, 'Frontend Developer', 'Ali Hasnain', 'alihasnainhasnainali@gmail.com', '03058744823', NULL, 'https://www.linkedin.com/in/ali-hasnain-52ba51182/', 'On linkdin', 'https://cynosuredesigns.co.uk/storage/application/Ali-Hasnain-84810.pdf', 'Hello recruiters,\r\n\r\nI have extensive knowledge of HTML, JavaScript, CSS, and React.js Django Combined with my communication and problem-solving skills, I think I would be an excellent candidate for the Web Developer role at CYNOSURE Company.\r\n\r\nIn my previous role as a shopify Web Developer at\r\nblack urban wears  I design, code, and implement websites for a variety of clients. In my latest project, I redesigned a website for a  company, which helped increase their sales by 25% this quarter. Through working collaboratively with marketing, design, and product teams, I have developed strong communication and teamwork skills. I can bring my technical skills and passion for collaboration to the CYNOSURE Company team.\r\n\r\nI have always been passionate about web development, which led me in Computer Science education. I am constantly seeking out new technologies and staying up-to-date on trends in the industry. XYZ Company has created some of the most innovative websites in the world, and I would be so thrilled to join the team as a Web Developer.\r\n\r\nThank you for taking the time to review my qualifications. I look forward to sharing more about my skills and experiences. Feel free to contact me at 03058744823 or alihasnainhasnainali@gmail.com.com.\r\n\r\nBest Regards,\r\nCYNOSURE', '2022-05-17 03:46:58', '2022-05-17 03:46:58', 'Pending', NULL, NULL),
	(61, 'Frontend Developer', 'Muhammad Awais', 'awaisdesigner1@gmail.com', '0304 4011217', 'i2c Inc.', 'https://www.linkedin.com/in/awaisg', 'LinkedIn', 'https://cynosuredesigns.co.uk/storage/application/Muhammad-Awais-47061.pdf', 'Dear Talent Accusation Manager:\r\n\r\nWith a Bachelor’s Degree in computer science, numerous hands-on experience creating user friendly websites, and the ability to troubleshoot and solve problems in a timely and accurate manner, I confidently express my interest in your posting for UI Developer.\r\n\r\nI fully understand the importance of time management and open communication. While it may be easy to focus on the technical side of work, I’ve found that being able to express concerns, roadblocks, and alternative solutions to colleagues of varying technical backgrounds has been invaluable in my professional development.\r\n\r\nI truly believe that the qualities you seek from a candidate perfectly match my qualifications, skills, I hope to bring my knowledge, and future knowledge, to your organization.\r\nAttached is a copy of my resume that further explains my background and technical skills. I can be reached anytime via my cell phone, +92-3044011217 or via email at awaisdesigner1@gmail.com. Thank you for your time and consideration. I look forward to speaking with you more about this opportunity.\r\n\r\nBest regards,\r\nMuhammad Awais', '2022-05-17 14:31:29', '2022-05-17 14:31:29', 'Pending', NULL, NULL),
	(62, 'Frontend Developer', 'Asif Munawar', 'asifmunawar631@gmail.com', '03008098460', 'MediaLinkers', 'https://www.linkedin.com/in/asifmunawar6/', 'From Linkdin', NULL, NULL, '2022-05-17 16:59:35', '2022-05-17 16:59:35', 'Pending', NULL, NULL),
	(63, 'Digital Designer', 'Allah Bakhsh', 'abakhsh56@gmail.com', '03069856575', 'Billion Ideas', 'www.linkedin.com/in/allah-bakhsh-uiux-designer', 'LinkedIn', 'https://cynosuredesigns.co.uk/storage/application/Allah-Bakhsh-6701.pdf', '......', '2022-05-18 19:57:58', '2022-05-18 19:57:58', 'Pending', NULL, NULL),
	(64, 'Digital Designer', 'Muhammad Uzair', 'creativeuzzi1996@gmail.com', '03024553962', 'Mullenlowe Rauf', 'MU', 'LinkedIn', 'https://cynosuredesigns.co.uk/storage/application/Muhammad-Uzair-80157.bin', NULL, '2022-05-19 00:19:31', '2022-05-19 00:19:31', 'Pending', NULL, NULL),
	(65, 'Digital Designer', 'Warda Naeem', 'wardanaeem192@gmail.com', '03361122370', 'Seven ages', 'https://www.behance.net/wardanaeem', 'Linkedin', 'https://cynosuredesigns.co.uk/storage/application/Warda-Naeem-99299.png', 'Hey! \r\nI am warda did bachelors in graphic design and have 3 years work experience in graphic design and 2 years work experience in web design O am also a part time photographer. I am hard working, ambitious and I communicate with world through design and pictures. I worked in fast paced environments and I managed my tasks to deliver before or on given time.', '2022-05-19 08:15:55', '2022-05-19 08:15:55', 'Pending', NULL, NULL),
	(66, 'Digital Designer', 'Wagma Aslam', 'wagma.aslam@gmail.com', '03024476882', NULL, 'https://www.linkedin.com/in/wagma-aslam-916528233/', 'linkedin', 'https://cynosuredesigns.co.uk/storage/application/Wagma-Aslam-28161.docx', 'I want to work as an internee and learn new skills. I am enthusiastic, good at time management and hard working.', '2022-05-19 09:35:08', '2022-05-19 09:35:08', 'Pending', NULL, NULL),
	(67, 'Digital Designer', 'Syed Khizer Raza', 'Khizzershah68@gmail.com', '+923078157845', 'Next Solution Now', 'https://www.linkedin.com/in/syed-khizer-45337117b/', 'Linked In', 'https://cynosuredesigns.co.uk/storage/application/Syed-Khizer-Raza-31332.pdf', 'Hi, I hope you\'re doing well.\r\nI\'m applying for the UI/UX Designer position at your company. Looking forward to hear from you. Please find my resume attached.\r\nThanks and regards.', '2022-05-20 14:40:59', '2022-05-20 14:40:59', 'Pending', NULL, NULL),
	(68, 'Digital Designer', 'Usama Ahmad', 'usamaahmad6464@gmail.com', '03022845091', 'Fresh graduate', 'https://www.linkedin.com/in/usama-ahmad-864960212', 'Linkedin', 'https://cynosuredesigns.co.uk/storage/application/Usama-Ahmad-56849.pdf', NULL, '2022-05-23 03:08:16', '2022-05-23 03:08:16', 'Pending', NULL, NULL),
	(69, 'Frontend Developer', 'Muhammad Tayyab', '22100200@lums.edu.pk', '03058298396', NULL, 'https://www.linkedin.com/in/tayyab123/', 'LinkedIn', 'https://cynosuredesigns.co.uk/storage/application/Muhammad-Tayyab-9554.pdf', '.', '2022-05-23 14:39:58', '2022-05-23 14:39:58', 'Pending', NULL, NULL),
	(70, 'Frontend Developer', 'M Hassan Ali Zaffar', 'hassan.ali.zaffar123@gmail.com', '+923060760130', 'Fresh Graduate', 'Don\'t have linked in account yet', 'Through WhatsApp', NULL, 'My name is M Hassan Ali.\r\nI am currently a student of 8th semester under Comsats University Islamabad sahiwal campus. I have interest in front end development. I am hard working enough to make a reason to stay at your institution. I just want an opportunity to learn more and provide more.', '2022-05-23 14:54:35', '2022-05-23 14:54:35', 'Pending', NULL, NULL),
	(71, 'Frontend Developer', 'Farhan Amin', 'farhanamin412@gmail.com', '03004121730', 'COMSATS', 'https://www.linkedin.com/in/farhan-amin-609938218/', 'social media', 'https://cynosuredesigns.co.uk/storage/application/Farhan-Amin-12206.pdf', 'Dear Team CynosureDesigns! I have Worked for React Front-end Website Designs with Dynamic Data Holding, and Formik as Validations with All Handle Changes Scripts.', '2022-05-23 15:01:02', '2022-05-23 15:01:02', 'Pending', NULL, NULL),
	(72, 'Frontend Developer', 'Muhammad Umar', 'umar.munir.2010@gmail.com', '+923184072407', 'Encoder squad', 'https://www.linkedin.com/in/umar-munir-3a8312237', 'Linkdin', 'https://cynosuredesigns.co.uk/storage/application/Muhammad-Umar-29094.pdf', 'I\'m hard working and passionate', '2022-05-23 15:02:58', '2022-05-23 15:02:58', 'Pending', NULL, NULL),
	(73, 'Frontend Developer', 'Allah Bukhsh', 'sarjeelkhan2229@gmail.com', '03126381213', 'Plomx Studio', 'www.linkedin.com/in/mr-sarjeel-khan-2119b6182', 'Linkedin', 'https://cynosuredesigns.co.uk/storage/application/Allah-Bukhsh-83481.pdf', NULL, '2022-05-23 15:22:36', '2022-05-23 15:22:36', 'Pending', NULL, NULL),
	(74, 'Frontend Developer', 'Muhammad Haris Butt', 'harisandazbutt@gmail.com', '03234134622', 'Shopify Pro', 'https://www.linkedin.com/in/harisbutt05', 'On LinkedIn', 'https://cynosuredesigns.co.uk/storage/application/Muhammad-Haris-Butt-29076.pdf', NULL, '2022-05-23 15:52:51', '2022-05-23 15:52:51', 'Pending', NULL, NULL),
	(75, 'Frontend Developer', 'Sumbal Amjad', 'sumbalamjad97@gmail.com', '+923356481600', 'None', 'https://www.linkedin.com/in/sumbal-amjad-b4a63416b', 'On Linked In', 'https://cynosuredesigns.co.uk/storage/application/Sumbal-Amjad-97209.pdf', NULL, '2022-05-23 18:37:30', '2022-05-23 18:37:30', 'Pending', NULL, NULL),
	(76, 'Frontend Developer', 'Asim Saeed', 'asim24285@gmail.com', '03457517656', 'Gomal Themes', '@linkedIn.com/in/theasimsaeed/', 'LinkedIn', 'https://cynosuredesigns.co.uk/storage/application/Asim-Saeed-47195.pdf', 'I am looking for job', '2022-05-23 20:12:51', '2022-05-23 20:12:51', 'Pending', NULL, NULL),
	(77, 'Frontend Developer', 'Arooj Fatima', 'aroojfa90@gmail.com', '+923466863552', NULL, 'https://www.linkedin.com/in/arooj-fatima-690a1a23b', 'Linkdin', 'https://cynosuredesigns.co.uk/storage/application/Arooj-Fatima-19447.pdf', 'Ready to serve to your company', '2022-05-23 22:56:34', '2022-05-23 22:56:34', 'Pending', NULL, NULL),
	(78, 'Frontend Developer', 'KHAWAR SHAHZAD', 'khawarshehzad856@gmail.com', '03022292835', 'W Group', 'https://www.linkedin.com/in/khawarshehzad7/', 'linkdin', 'https://cynosuredesigns.co.uk/storage/application/KHAWAR-SHAHZAD-2073.pdf', '...', '2022-05-23 23:51:02', '2022-05-23 23:51:02', 'Pending', NULL, NULL),
	(79, 'Frontend Developer', 'khuram', 'khuramraju86@gmail.com', '03462722696', NULL, 'linkedin.com/in/khuram-shahzad-192328236', 'Google', 'https://cynosuredesigns.co.uk/storage/application/khuram-43959.pdf', NULL, '2022-05-24 02:37:00', '2022-05-24 02:37:00', 'Pending', NULL, NULL),
	(80, 'Frontend Developer', 'Ali Hasnain', 'alihasnainhasnainali@gmail.com', '03058744823', NULL, 'https://www.linkedin.com/in/ali-hasnain-52ba51182/', 'On linkdin', 'https://cynosuredesigns.co.uk/storage/application/Ali-Hasnain-20056.pdf', 'FUL L STACK DEVEL0PER\r\nDear Recruiter,\r\nAs a passionate Developer and long-time fan of\r\ncynosuredesigns Company, I was elated to see an opening\r\nfor a Web Developer role. I have experience in HTML, CSS,\r\nand JavaScript. Combined with my recent job in front-end\r\nweb development, I am confident I have the skills to help\r\ncynosuredesigns Company succeed.\r\nDuring my internship with Black Urban Wears, I gained\r\nhands-on experience coding websites and applications.\r\nOne of my projects was developing a web-based cynosuredesigns website store that is now currently serving a lot\r\nof user in pakistan. The app helped increase their revenue\r\nsignups by 40%. Through my internship, I also gained\r\nvaluable teamwork and communication skills that will\r\nmake me a great asset to cynosuredesigns Company.\r\nSimilar to cynosuredesigns Company, I am dedicated to\r\nbuilding easy-to-use, user-friendly websites, and\r\napplications. I am inspired by the work that\r\ncynosuredesigns  Company does. I want to bring my\r\nexperience in web development and my passion for finding\r\ncreative solutions to help XYZ Company excel.\r\nI have attached a copy of my resume detailing my\r\neducation and experience. I can be reached anytime by\r\nphone at 0305-8744823 or email at\r\nalihasnainhasnainali@gmail.com. Thank you for your time\r\nand consideration. I look forward to speaking with you\r\nsoon.\r\nSincerely,\r\nAli Hasnain\r\nFull Stack web developer\r\nGithub:github.com/Alihasnain7518\r\nLinkedIn: linkedin.com/in/ali-hasnain-52ba51182/\r\nemail: alihasanainhasnainali@gmail.com. com\r\nWhatsapp 0305874423', '2022-05-24 03:43:07', '2022-05-24 03:43:07', 'Pending', NULL, NULL),
	(81, 'general', 'test last name', 'hamxa5522@gmail.com', '03214211741', NULL, 'te', 'te', 'https://cynosuredesigns.co.uk/storage/application/test-last-name-55399.jpg', 'te', '2022-05-24 10:47:07', '2022-05-24 10:47:07', 'Pending', NULL, NULL),
	(82, 'Frontend Developer', 'test last name', 'hamxa5522@gmail.com', '03214211741', NULL, 'linkedin.com', 'fb', 'https://cynosuredesigns.co.uk/storage/application/test-last-name-64174.pdf', 'tese', '2022-05-24 10:55:32', '2022-05-24 10:55:32', 'Pending', NULL, NULL),
	(83, 'Frontend Developer', 'zain ali', 'zain.ali.s.8957@gmail.com', '03470431584', 'Vision Bird Technology', 'https://www.linkedin.com/in/zain-ali-270020174/', 'Found on LinkedIn', 'https://cynosuredesigns.co.uk/storage/application/zain-ali-65674.pdf', 'Dear Hiring Manager,\r\n\r\nThank you for the opportunity to apply for the Front End Developer role at Cynosure Designs. After reviewing your job description, it\'s clear that you\'re looking for a candidate that is extremely familiar with the responsibilities associated with the role and can perform them confidently. Given these requirements, I am certain that I have the necessary skills to do the job adeptly and perform above expectations successfully.\r\n\r\nAfter reviewing my resume, I hope you will agree that I am the type of competent and competitive candidate you are looking for.\r\n\r\nThank you for your consideration, and I look forward to hearing from you soon.\r\n\r\nSincerely\r\n\r\nZain', '2022-05-25 03:28:51', '2022-05-25 03:28:51', 'Pending', NULL, NULL),
	(84, 'Technical Content Writer', 'Sana Kayani', 'sark84@gmail.com', '03018412576', NULL, 'http://linkedin.com/in/sana-kayani-71548b170', 'LinkedIn', 'https://cynosuredesigns.co.uk/storage/application/Sana-Kayani-69655.pdf', 'Hello,\r\n\r\nI am applying for the position of Technical Content Writer. Looking forward to hear from you.', '2022-07-05 09:13:29', '2022-07-05 09:13:29', 'Pending', NULL, NULL),
	(85, 'Technical Content Writer', 'Ali hassan', 'alihassanwriter24@gmail.com', '03061019191', 'The360technologies', 'https://www.linkedin.com/in/ali-hassan-821436180', 'Linkedin', 'https://cynosuredesigns.co.uk/storage/application/Ali-hassan-19414.pdf', NULL, '2022-07-05 09:26:31', '2022-07-05 09:26:31', 'Pending', NULL, NULL),
	(86, 'Technical Content Writer', 'Fatima Atif', 'fatima129e@gmail.com', '03214024749', 'Astera Software', 'https://www.linkedin.com/in/fatima-atif-0902211b5/', 'LinkedIn', 'https://cynosuredesigns.co.uk/storage/application/Fatima-Atif-49266.pdf', 'Respected Recipient, \r\nI have been working as a freelance content writer for almost four years now. I am well versed in SEO techniques along with writing both technical and blog-related content. I have also written amazon affiliated articles. Additionally, I have considerable experience with MS  office. Please do not hesitate to contact me in case any further information is required. \r\nRegards, \r\nFatima Atif', '2022-07-05 09:32:31', '2022-07-05 09:32:31', 'Pending', NULL, NULL),
	(87, 'Technical Content Writer', 'Fatima Atif', 'fatima129e@gmail.com', '03214024749', 'Astera Software', 'https://www.linkedin.com/in/fatima-atif-0902211b5/', 'LinkedIn', 'https://cynosuredesigns.co.uk/storage/application/Fatima-Atif-65642.pdf', 'Respected Recipient, \r\nI have been working as a freelance content writer for almost four years now. I am well versed in SEO techniques along with writing both technical and blog-related content. I have also written amazon affiliated articles. Additionally, I have considerable experience with MS  office. Please do not hesitate to contact me in case any further information is required. \r\nRegards, \r\nFatima Atif', '2022-07-05 09:32:54', '2022-07-05 09:32:54', 'Pending', NULL, NULL),
	(88, 'Technical Content Writer', 'test', 'hamxa5522@gmail.com', '09876546789', 'cynosure', 'linkedin.com', 'linkedin', 'https://cynosuredesigns.co.uk/storage/application/test-11900.pdf', 'test', '2022-07-05 09:46:20', '2022-07-05 09:46:20', 'Pending', '50000', '80000'),
	(89, 'Technical Content Writer', 'MAHNOOR JAY', 'Mahnoor-jay@gmail.com', '+923185916232', 'MERITORIOS', 'YHJGGM', 'Through Youtube.', 'https://cynosuredesigns.co.uk/storage/application/MAHNOOR-JAY-77322.pdf', NULL, '2022-07-05 10:18:13', '2022-07-05 10:18:13', 'Pending', '15000', '20000'),
	(90, 'Technical Content Writer', 'Madeeha Khan', 'mjyk92@gmail.com', '+923016100186', 'Xinix technology', 'Madeeha yousafzai', 'Linkedin', NULL, NULL, '2022-07-06 18:39:47', '2022-07-06 18:39:47', 'Pending', '150000', '200000'),
	(91, 'Technical Content Writer', 'Zohaib Rashid', 'zohaibrashid062@gmail.com', '+923136231225', 'Digivation Agency', 'https://www.linkedin.com/in/zohaib-rashid-a9112b1a3/', 'LinkedIn', 'https://cynosuredesigns.co.uk/storage/application/Zohaib-Rashid-81962.pdf', 'Zohaib Rashid \r\n\r\nAddress Lahore, PB, 54590 \r\n\r\nE-mail zohaibrashid062@gmail.com \r\n\r\nJune 22, 2022 \r\n\r\nRE: Copywriter for hire \r\n\r\nDear\r\n\r\nIn my pursuit of new creative endeavors, I was excited to find the Copywriter opportunity with your company. As a progressive professional with lead generation and Copy writing experience, I believe that I can bring valuable contributions to your team. \r\nIdentifying innovative approaches and improved solutions to business challenges both motivate and drive me. Observation, inspiration, and determination are my foundation for success. My philosophy is that introducing fresh perspectives and new techniques allow businesses to evolve and grow. Similar to your reputed company, my goal is to remain on the cutting-edge of advancements. \r\nFormerly in my copywriter role, my successes have stemmed from essential skills, including writing and marketing. I have enhanced my management abilities and cultivated a reputation as a major contributor through decision-making and planning. I am a collaborative team player who is always searching for opportunities to impart valuable insights. With these qualities, I am able to facilitate positive change and impacting outcomes. \r\nFor a greater presentation of my background and qualifications, please review my attached resume. I am eager to speak with you and greatly appreciate your consideration. \r\n\r\nSincerely, \r\n\r\nZohaib Rashid', '2022-07-06 20:41:43', '2022-07-06 20:41:43', 'Pending', '60,000 pkr', '75000 pkr'),
	(92, 'Technical Content Writer', 'Bakhtawar bokhari', 'bakhtawarali2000@gmail.com', '03211689968', 'Tripscon', 'https://www.linkedin.com/in/bakhtawar-bokhari-019b5720b/', 'LinkedIn', 'https://cynosuredesigns.co.uk/storage/application/Bakhtawar-bokhari-41024.pdf', NULL, '2022-07-06 21:41:11', '2022-07-06 21:41:11', 'Pending', '55k', '70k'),
	(93, 'Technical Content Writer', 'Aamir Majeed', 'aamirmajeed5100@gmail.com', '03426900258', 'Best SEO Consultants of Delhi', 'Linkedin/aamirmajed', 'Through linkedIn', 'https://cynosuredesigns.co.uk/storage/application/Aamir-Majeed-93678.png', 'Dear Hiring Manager, \r\n \r\nGreetings, \r\n \r\nI am Aamir from Pakistan,  \r\n \r\nI would like you to consider me as an Article/Content Writer in your organization. I would like to apply for the job in your company that you have posted on Freelancer/ Up work. Seeing your post, I could not miss the opportunity to work with you. I believe that I would be able to carry out the tasks and fulfill your requirements. I consider myself a professional Article/Content Writer and never willing to let you down. I consider myself perfect for this job because I have experience of 4 years and within these years I have studied and written Articles/Contents thoroughly. I will try my best to fulfill your requirements with my honest and active response. \r\n \r\nI have written a lot of articles either by studying or under the light of my own understanding and that has given me the knowledge to cope with any situations. From those articles/ blogs majority are ranking on websites and official pages of govt. (https://youthparliament.pk/global-impact-ofworld-wars/). I have put my mind (niche) into Research SEO articles, Historic, wildlife, entertainment, literature, hair care products, Fashion and beauty, product reviews, computer components, stories, and so on. \r\n \r\nAbout education, I have completed my Bachelor of Social Sciences & Arts degree from Punjab University and obtained a first-class degree in economics and English Language (Literature). The diversified syllabus included a lot of content that are now helping me in Article writing. I know the boundaries and shortcomings of an Article writer. Time is the most important aspect in this field and I am ready for the challenge you have for me and I am ready to provide you your tasks in due time. I have a decent amount of computer applications and have been trained for six months. I can use most of the software that are used. \r\n \r\nI am ready to provide with you the things that you want with honesty and delicacy. I will work with you as much time as you wish and your satisfaction is my motto. \r\n \r\nI am hoping to hear from you soon. I am 24/7 available on your service on email and social networks. \r\n \r\nThank you.', '2022-07-19 13:13:33', '2022-07-19 13:13:33', 'Pending', '45+', '45'),
	(94, 'general', 'Iola Molina', 'seny@mailinator.com', '+1 (596) 379-7392', 'Robertson Tillman Plc', 'Qui alias sint mini', 'Eveniet placeat ul', NULL, 'Nemo ut veritatis mo', '2022-09-01 05:47:13', '2022-09-01 05:47:13', 'Pending', 'Reprehenderit ut re', 'Pariatur Voluptas d'),
	(95, 'Technical Content Writer', 'Michelle Montgomery', 'dimemybely@mailinator.com', '+1 (314) 348-8397', 'Horne and Walls Plc', 'Vero et repudiandae', 'Est Nam id maiores', NULL, 'Et aut in velit quid', '2022-09-01 05:47:45', '2022-09-01 05:47:45', 'Pending', 'Aliquip tempora vita', 'Nisi dignissimos lab');

-- Dumping structure for table cynosure-website.calculatedquotes
CREATE TABLE IF NOT EXISTS `calculatedquotes` (
  `id` int(10) unsigned NOT NULL AUTO_INCREMENT,
  `type_of_website` mediumtext COLLATE utf8mb4_unicode_ci,
  `no_of_pages` mediumtext COLLATE utf8mb4_unicode_ci,
  `per_page_cost` mediumtext COLLATE utf8mb4_unicode_ci,
  `want_us_to_provide_content` mediumtext COLLATE utf8mb4_unicode_ci,
  `want_us_to_provide_images` mediumtext COLLATE utf8mb4_unicode_ci,
  `live_chat` mediumtext COLLATE utf8mb4_unicode_ci,
  `newsletter` mediumtext COLLATE utf8mb4_unicode_ci,
  `blog` mediumtext COLLATE utf8mb4_unicode_ci,
  `gallery` mediumtext COLLATE utf8mb4_unicode_ci,
  `social_media` mediumtext COLLATE utf8mb4_unicode_ci,
  `portfolio` mediumtext COLLATE utf8mb4_unicode_ci,
  `domain_name` mediumtext COLLATE utf8mb4_unicode_ci,
  `yearly_hosting` mediumtext COLLATE utf8mb4_unicode_ci,
  `speed_optimization` mediumtext COLLATE utf8mb4_unicode_ci,
  `custom_email` mediumtext COLLATE utf8mb4_unicode_ci,
  `advanced_seo` mediumtext COLLATE utf8mb4_unicode_ci,
  `extra_details` mediumtext COLLATE utf8mb4_unicode_ci,
  `start_date` mediumtext COLLATE utf8mb4_unicode_ci,
  `total` mediumtext COLLATE utf8mb4_unicode_ci,
  `created_at` timestamp NULL DEFAULT NULL,
  `updated_at` timestamp NULL DEFAULT NULL,
  `visitor` text COLLATE utf8mb4_unicode_ci,
  PRIMARY KEY (`id`)
) ENGINE=InnoDB AUTO_INCREMENT=8 DEFAULT CHARSET=utf8mb4 COLLATE=utf8mb4_unicode_ci;

-- Dumping data for table cynosure-website.calculatedquotes: ~4 rows (approximately)
INSERT IGNORE INTO `calculatedquotes` (`id`, `type_of_website`, `no_of_pages`, `per_page_cost`, `want_us_to_provide_content`, `want_us_to_provide_images`, `live_chat`, `newsletter`, `blog`, `gallery`, `social_media`, `portfolio`, `domain_name`, `yearly_hosting`, `speed_optimization`, `custom_email`, `advanced_seo`, `extra_details`, `start_date`, `total`, `created_at`, `updated_at`, `visitor`) VALUES
	(4, 'personal', '50', NULL, NULL, NULL, NULL, NULL, NULL, NULL, NULL, NULL, NULL, NULL, NULL, NULL, NULL, 'test', '2022-07-07', '1700', '2022-07-06 13:20:24', '2022-07-06 13:20:24', NULL),
	(5, 'personal', '20', NULL, '70', NULL, '50', NULL, '100', '100', NULL, NULL, '20', NULL, '200', NULL, NULL, NULL, NULL, '1840', '2022-07-17 19:04:07', '2022-07-17 19:04:07', NULL),
	(6, 'personal', '10', '0', '70', '200', '50', NULL, '100', NULL, NULL, NULL, '20', '150', NULL, 'hamxa5522@gmail.com', '250', 'nothing', '2022-07-30', '1840', '2022-07-20 11:44:40', '2022-07-20 11:44:40', ''),
	(7, 'business', '20', '300', NULL, '200', '50', NULL, '100', '100', NULL, '200', NULL, NULL, NULL, 'hamxa5522@gmail.com', '250', 'test', '2022-07-20', '3200', '2022-07-21 06:51:58', '2022-07-21 06:51:58', '{"ip":"182.180.123.66","countryName":"Pakistan","countryCode":"PK","regionCode":"PB","regionName":"Punjab","cityName":"Lahore","zipCode":"54000","isoCode":null,"postalCode":null,"latitude":"31.5826","longitude":"74.3276","metroCode":null,"areaCode":"PB","timezone":"Asia\\/Karachi","driver":"Stevebauman\\\\Location\\\\Drivers\\\\IpApi"}');

-- Dumping structure for table cynosure-website.careers
CREATE TABLE IF NOT EXISTS `careers` (
  `id` int(10) unsigned NOT NULL AUTO_INCREMENT,
  `title` varchar(255) COLLATE utf8mb4_unicode_ci NOT NULL,
  `status` varchar(255) COLLATE utf8mb4_unicode_ci NOT NULL,
  `location` varchar(255) COLLATE utf8mb4_unicode_ci NOT NULL,
  `closing_date` timestamp NOT NULL DEFAULT CURRENT_TIMESTAMP ON UPDATE CURRENT_TIMESTAMP,
  `image` varchar(255) COLLATE utf8mb4_unicode_ci DEFAULT NULL,
  `slug` varchar(255) COLLATE utf8mb4_unicode_ci NOT NULL,
  `description` text COLLATE utf8mb4_unicode_ci,
  `no_of_positions` int(11) DEFAULT '1',
  `created_at` timestamp NULL DEFAULT NULL,
  `updated_at` timestamp NULL DEFAULT NULL,
  `deleted_at` timestamp NULL DEFAULT NULL,
  PRIMARY KEY (`id`)
) ENGINE=InnoDB AUTO_INCREMENT=5 DEFAULT CHARSET=utf8mb4 COLLATE=utf8mb4_unicode_ci;

-- Dumping data for table cynosure-website.careers: ~4 rows (approximately)
INSERT IGNORE INTO `careers` (`id`, `title`, `status`, `location`, `closing_date`, `image`, `slug`, `description`, `no_of_positions`, `created_at`, `updated_at`, `deleted_at`) VALUES
	(1, 'Digital Marketing Associate', 'archive', 'Lahore', '2022-06-10 16:16:00', 'careers/April2022/GbrD0RmcHllQUmaMG2j1.jpg', 'digital-marketing-associate', '<p>An exciting opportunity to join the digital marketing team within a vibrant, dynamic and forward looking global marketing function; operating a high performance culture with a keen sense of commercial awareness and alignment with key business stakeholders through a committed partnership approach.</p>\r\n<p>Reporting to Head of Digital, we are looking for a <span style="color: #a00000;"><strong>Digital Marketing Associate</strong></span>&nbsp;to support our digital marketing activities across the business; delivering innovative strategic and tactical solutions across the full spectrum of digital marketing disciplines.</p>\r\n<p>This is a demanding role for a rapidly evolving team, at a time when digital adoption is accelerating throughout the industry.</p>\r\n<p>&nbsp;</p>\r\n<h4><span style="color: #a00000;">Minimum Experience:</span> 2 years&nbsp;</h4>\r\n<h4>&nbsp;</h4>\r\n<h4><span style="color: #a00000;">You Will Be Working On</span></h4>\r\n<ul>\r\n<li>Using marketing automation tools (primarily Hubspot) to optimise our activities</li>\r\n<li>Blogging</li>\r\n<li>Social Media Marketing, such LinkedIn, Twitter, Facebook, Tiktok and Instagram</li>\r\n<li>Content authoring</li>\r\n<li>SEO</li>\r\n<li>PPC</li>\r\n<li>Opinion Leader Outreach</li>\r\n<li>Other marketing-related tasks</li>\r\n</ul>\r\n<p>In the position, you will receive on-the-job training in marketing, sales, and SEO, while also gaining in-depth knowledge of pricing and strategy.</p>\r\n<p>&nbsp;</p>\r\n<h4><span style="color: #a00000;">The Ideal Candidate Is / Has</span></h4>\r\n<ul>\r\n<li>A professional with strong analytical and business skills and real motivation to perform in sales and marketing.</li>\r\n<li>Languages: English fluently</li>\r\n<li>Ability to create online content.</li>\r\n<li>Proven experience in supporting multi-discipline digital marketing delivery</li>\r\n</ul>\r\n<p>The successful candidate will be rewarded with a competitive package and the opportunity for personal and professional development within the company.</p>\r\n<p>&nbsp;</p>\r\n<h4><span style="color: #a00000;">Nice to have:</span></h4>\r\n<ul>\r\n<li>Experience in executing on social media performance reports</li>\r\n<li>Experience with the social networks&rsquo; native analytics tools, such as Facebook Creator Studio, YouTube Studio, TikTok Analytics</li>\r\n<li>Experience with 3rd party social analytics tools, such as Sprout Social, Sprinklr, Social Insider</li>\r\n<li>Strong Excel and Powerpoint skills</li>\r\n<li>Experience in managing a team&rsquo;s workload</li>\r\n</ul>\r\n<p>&nbsp;</p>\r\n<h4><span style="color: #a00000;">Personal Attributes:</span></h4>\r\n<ul>\r\n<li>Ability to build strong relationships across different stakeholders in global marketing</li>\r\n<li>Confidence to communicate ideas or differences</li>\r\n<li>Action-oriented; this is a hands-on role in a dynamic and proactive team</li>\r\n</ul>\r\n<p>If you are looking for an exciting new career in a progressive environment, apply now.&nbsp;</p>', 1, '2022-04-20 11:17:00', '2022-07-05 08:29:07', NULL),
	(2, 'Frontend Developer', 'archive', 'Lahore', '2022-05-19 21:25:00', 'careers/April2022/mD2qtmWk4Ni7YFVvZVr5.jpg', 'frontend-developer', '<p>We are looking for a Front-End Web Developer who is motivated to combine the art of design with the art of programming. Responsibilities will include translation of the UI/UX design wireframes to actual code that will produce visual elements of the application. You will work with the UI/UX designer and bridge the gap between graphical design and technical implementation, taking an active role on both sides and defining how the application looks as well as how it works.</p>\r\n<h4><span style="color: #a00000;">Minimum Experience:</span> 2 years&nbsp;</h4>\r\n<h4>&nbsp;</h4>\r\n<h4><span style="color: #a00000;">Responsibilities</span></h4>\r\n<ul>\r\n<li>Develop new user-interface features</li>\r\n<li>Build reusable code and libraries for future use</li>\r\n<li>Ensure the technical feasibility of UI/UX designs</li>\r\n<li>Optimize application for maximum speed and scalability</li>\r\n<li>Assure that all user input is validated before submitting to back-end</li>\r\n<li>Collaborate with other team members and stakeholders</li>\r\n</ul>\r\n<h4>&nbsp;</h4>\r\n<h4><span style="color: #a00000;">Skills And Qualifications</span></h4>\r\n<ul>\r\n<li>Proficient understanding of web markup, including HTML5, CSS3, Bootstrap4/5, tailwind CSS , js, jQuery</li>\r\n<li>Basic understanding of server-side CSS pre-processing platforms, such as LESS and SASS</li>\r\n<li>Proficient understanding of client-side scripting and JavaScript frameworks.</li>\r\n<li>Basic knowledge of image authoring tools, to be able to crop, resize, or perform small adjustments on an image. Familiarity with tools such as Photoshop.</li>\r\n<li>Proficient understanding of cross-browser compatibility issues and ways to work around them.</li>\r\n<li>Proficient understanding of code versioning tools, such as Git</li>\r\n<li>Good understanding of SEO principles and ensuring that application will adhere to them.</li>\r\n<li>Website Performance, PSI(Page Speed Insight)</li>\r\n</ul>\r\n<h4><span style="color: #a00000;">Note:</span></h4>\r\n<ul>\r\n<li>A UI/UX designer is expected to deliver finished resources for the developer to incorporate into the app. However, quite often a front-end web developer needs to make some small adjustments.</li>\r\n<li>Every front-end developer is expected to have proficient knowledge of JavaScript, while most front-end developers should know jQuery.</li>\r\n</ul>\r\n<h4>&nbsp;</h4>\r\n<h4><span style="color: #a00000;">Personal Attributes:</span></h4>\r\n<ul>\r\n<li>Ability to build strong relationships across different stakeholders in global marketing</li>\r\n<li>Confidence to communicate ideas or differences</li>\r\n<li>Action-oriented; this is a hands-on role in a dynamic and proactive team</li>\r\n</ul>\r\n<p>If you are looking for an exciting new career in a progressive environment, apply now.&nbsp;</p>', 2, '2022-04-23 16:37:00', '2022-07-05 08:28:58', NULL),
	(3, 'Digital Designer', 'archive', 'Lahore', '2022-06-10 12:44:00', 'careers/May2022/vFnN1yr6xdhjI0x8EtcV.png', 'digital-designer', '<p>We\'re are looking for an experienced Designer, experienced working within digital design, to be part of our in-house team, a group of bright, hardworking people that lead the way when it comes to digital and luxury. So the right person needs to ensure that our digital creative work remains leading edge.</p>\r\n<h4><span style="color: #a00000;">Minimum Experience:</span> 2 years&nbsp;</h4>\r\n<p>&nbsp;</p>\r\n<h4><span style="color: #a00000;">Key Responsibilities:</span></h4>\r\n<ul>\r\n<li>Translate high-level product ideas and business requirements into beautiful, intuitive user interfaces and experiences</li>\r\n<li>Produce high-fidelity UI/UX solutions from concept to execution (with a 80% focus on UI and 20% focus on UX).</li>\r\n<li>Brainstorm multiple potential solutions by creating high-fidelity interactive prototypes</li>\r\n<li>Work as part of a creative team to deliver digital ideas.</li>\r\n<li>Clean, simple, image rich, usable interfaces.</li>\r\n<li>Effectively communicate interaction and design ideas to peers, leadership and stakeholders</li>\r\n<li>Ensure client satisfaction through high quality design work</li>\r\n<li>Participate in brainstorming and other idea-generating team sessions</li>\r\n<li>Multi-task and work efficiently under pressure providing self-management and prioritisation</li>\r\n<li>Must have strong communication skills</li>\r\n</ul>\r\n<p>&nbsp;</p>\r\n<h4><span style="color: #a00000;">Requirements:</span></h4>\r\n<ul>\r\n<li>2+ years of experience as a UI/UX designer, creating interfaces across devices ideally within banking or Fintech companies.</li>\r\n<li>Excellent skills in Abstract, InVision and Adobe CC Suite</li>\r\n<li>Exceptional design portfolio (mandatory)</li>\r\n<li>An eye for design and a passion for the creative process</li>\r\n<li>Basic understanding of HTML and CSS is a plus</li>\r\n<li>Independent person, creative problem solver and comfortable working as part of a virtual team</li>\r\n<li>Must be flexible with ability to grow and adapt</li>\r\n<li>Must be flexible to work across international time-zones</li>\r\n</ul>\r\n<p>&nbsp;</p>', 2, '2022-05-06 07:46:00', '2022-07-05 08:28:48', NULL),
	(4, 'Technical Content Writer', 'active', 'Lahore', '2022-07-15 13:50:00', 'careers/July2022/i7nOUlcvUt22zVheIFVy.webp', 'technical-content-writer', '<p>We\'re are looking for an experienced Technical Content Writer, experienced working within a digital marketing team, to be part of our in-house team, a group of bright, hardworking people that lead the way when it comes to digital and luxury. So the right person needs to ensure that our Digital Marketing work remains leading edge.</p>\r\n<h3>What&rsquo;s in it for you:</h3>\r\n<ul>\r\n<li>Opportunity to learn digital marketing</li>\r\n<li>Get your portfolio maintained by writing for worldwide big brands</li>\r\n<li>A chance to write for multiple industries</li>\r\n</ul>\r\n<p>&nbsp;</p>\r\n<h3>Responsibilities:</h3>\r\n<ul>\r\n<li>Write up blogs onsite/offsite, website content, content banks for social media, campaigns&rsquo; content, newsletters, SEO content for website rankings, scripts etc.</li>\r\n<li>Take ownership quality of the content</li>\r\n<li>Meet the deadlines</li>\r\n<li>Able to write for different industries</li>\r\n<li>Pitch ideas for content improvement</li>\r\n</ul>\r\n<h3>What We&rsquo;re Looking For:</h3>\r\n<p><strong>Basic Qualifications:</strong></p>\r\n<ul>\r\n<li>Fluency in written English</li>\r\n<li>Formal writing qualification and/or experience.</li>\r\n<li>Excellent attention to detail</li>\r\n<li>Ability to work well under pressure</li>\r\n<li>Creative mindset</li>\r\n</ul>\r\n<h3>Preferred Qualifications:</h3>\r\n<ul>\r\n<li>Bachelors or above</li>\r\n<li>3 to 5 years of experience in writing for a digital marketing company or equivalent</li>\r\n<li>Interest in / experience of writing in different industries as we have clients from all industries</li>\r\n<li>Basic Excel capabilities</li>\r\n<li>Basic tech-friendly skills</li>\r\n</ul>\r\n<p>&nbsp;</p>', 2, '2022-07-05 08:53:00', '2022-07-05 08:56:16', NULL);

-- Dumping structure for table cynosure-website.categories
CREATE TABLE IF NOT EXISTS `categories` (
  `id` int(10) unsigned NOT NULL AUTO_INCREMENT,
  `parent_id` int(10) unsigned DEFAULT NULL,
  `order` int(11) NOT NULL,
  `name` varchar(255) COLLATE utf8mb4_unicode_ci NOT NULL,
  `slug` varchar(255) COLLATE utf8mb4_unicode_ci NOT NULL,
  `meta_title` text COLLATE utf8mb4_unicode_ci,
  `meta_description` text COLLATE utf8mb4_unicode_ci,
  `created_at` timestamp NULL DEFAULT NULL,
  `updated_at` timestamp NULL DEFAULT NULL,
  PRIMARY KEY (`id`),
  UNIQUE KEY `categories_slug_unique` (`slug`),
  KEY `categories_parent_id_index` (`parent_id`)
) ENGINE=InnoDB AUTO_INCREMENT=2 DEFAULT CHARSET=utf8mb4 COLLATE=utf8mb4_unicode_ci;

-- Dumping data for table cynosure-website.categories: ~0 rows (approximately)
INSERT IGNORE INTO `categories` (`id`, `parent_id`, `order`, `name`, `slug`, `meta_title`, `meta_description`, `created_at`, `updated_at`) VALUES
	(1, NULL, 1, 'Press Release', 'press-release', NULL, NULL, '2022-02-08 11:33:11', '2022-02-08 11:33:11');

-- Dumping structure for table cynosure-website.category_post
CREATE TABLE IF NOT EXISTS `category_post` (
  `id` int(10) unsigned NOT NULL AUTO_INCREMENT,
  `post_id` int(11) NOT NULL,
  `category_id` int(11) NOT NULL,
  PRIMARY KEY (`id`)
) ENGINE=InnoDB DEFAULT CHARSET=utf8mb4 COLLATE=utf8mb4_unicode_ci;

-- Dumping data for table cynosure-website.category_post: ~0 rows (approximately)

-- Dumping structure for table cynosure-website.contacts
CREATE TABLE IF NOT EXISTS `contacts` (
  `id` bigint(20) unsigned NOT NULL AUTO_INCREMENT,
  `name` varchar(191) COLLATE utf8mb4_unicode_ci NOT NULL,
  `email` varchar(191) COLLATE utf8mb4_unicode_ci NOT NULL,
  `phone` varchar(191) COLLATE utf8mb4_unicode_ci DEFAULT NULL,
  `message` text COLLATE utf8mb4_unicode_ci,
  `created_at` timestamp NULL DEFAULT NULL,
  `updated_at` timestamp NULL DEFAULT NULL,
  `visitor` text COLLATE utf8mb4_unicode_ci,
  PRIMARY KEY (`id`)
) ENGINE=InnoDB AUTO_INCREMENT=312 DEFAULT CHARSET=utf8mb4 COLLATE=utf8mb4_unicode_ci;

-- Dumping data for table cynosure-website.contacts: ~62 rows (approximately)
INSERT IGNORE INTO `contacts` (`id`, `name`, `email`, `phone`, `message`, `created_at`, `updated_at`, `visitor`) VALUES
	(250, 'Hamza Attiq', 'hamxa5522@gmail.com', '+923214211741', NULL, '2021-11-19 08:07:41', '2021-11-19 08:07:41', NULL),
	(251, 'NathanViamb', 'no-replybeen@gmail.com', '89646892893', 'Good day!  cynosuredesigns.co.uk \r\n \r\nWe propose \r\n \r\nSending your commercial proposal through the Contact us form which can be found on the sites in the Communication partition. Contact form are filled in by our program and the captcha is solved. The advantage of this method is that messages sent through feedback forms are whitelisted. This method increases the chances that your message will be read. \r\n \r\nOur database contains more than 27 million sites around the world to which we can send your message. \r\n \r\nThe cost of one million messages 49 USD \r\n \r\nFREE TEST mailing Up to 50,000 messages. \r\n \r\n \r\nThis message is created automatically.  Use our contacts for communication. \r\n \r\nContact us. \r\nTelegram - @FeedbackMessages \r\nSkype  live:contactform_18 \r\nWhatsApp - +375259112693 \r\nWe only use chat.', '2021-11-21 00:35:08', '2021-11-21 00:35:08', NULL),
	(252, 'Sharjeel Mahmood', 'sharjeel@cynosuredesigns.co.uk', '02074766464', 'afsdgfsdgsdg', '2021-11-24 05:39:13', '2021-11-24 05:39:13', NULL),
	(253, 'Hamza Attiq', 'hamxa5522@gmail.com', '+923214211741', NULL, '2021-11-25 09:10:54', '2021-11-25 09:10:54', NULL),
	(254, 'NataRom', 'woodthighgire1988@gmail.com', '81775159161', 'I\'m are very beautiful and hot, fuck me in all holes) https://localchicks3.com/?u=41nkd08&o=8dhpkzk', '2021-12-13 16:18:17', '2021-12-13 16:18:17', NULL),
	(255, 'MattApalf', 'matt@wearegreenstripe.co.uk', '83271999981', 'Hi, \r\n \r\nHappy New Year. \r\n \r\nWe have a new monthly plan for custom made websites.  We will create a new updated site that is fast and pixel perfect on mobile - and one that gets found.  We will help you keep your domain name and email address too.  We also have a special discount for existing Yell.com sites this month. \r\n \r\nPlease can I send you some more information and prices? \r\n \r\nThanks, \r\nMatt \r\nGreen Stripe Media \r\nmark@wearegreenstripe.co.uk  01162160293 \r\nhttps://www.wearegreenstripe.co.uk \r\n1169 Melton Road, Leicester, LE7 2JT', '2022-01-08 03:35:19', '2022-01-08 03:35:19', NULL),
	(256, 'RobertRop', 'perchregret99@gmail.com', '82499368199', 'Satoshi is backside? \r\n \r\n<a href=https://tinyurl.com/yvambbu3>https://tiny.one/bur6rmmd</a> \r\n \r\n \r\nBojsen Lange', '2022-01-26 22:51:25', '2022-01-26 22:51:25', NULL),
	(257, 'contactnmjfxt', 'trypikovpaletta1993@rambler.ru', '89137937714', 'Dear Madame, Dear Sirs! \r\n \r\nWe send Your commercial offers via contact configurations to the sites of business organizations via any domain zones of the world in all languages.  \r\n \r\nwebsite =» xn----7sbb1bbndheurc1a.xn--p1ai \r\n \r\nWHAT IS THE MAILING OF INTERNET RESOURCES BY CONTACT FORMS? \r\nThis is a type of mailing using the feedback forms that are located in the contact section of the website and filled by our programme in a preset mode with a rate of a few thousand feedback forms per one minute, while the alphabetic and numeric code from the pictures (CAPTCHA) is also solved. \r\nAfter that, the e-mails including your business offers are sent to the mailboxes of organisations. \r\nWhen sending mailing by contact contact forms, it turns out that each site sends an e-mail to its own e-mail and, therefore, all messages arrive in the inbox folder of the exact email in which the company receives the commercial information. \r\n \r\nUnique Trade Offer: \r\nFast 100% notification of organisations and website owners about new cooperation offers. \r\nSearch of new customers that other advertisements cannot find. \r\n \r\nAIM: \r\nFinding customers that cannot be found through other advertisements. \r\n \r\nBenefits: \r\n1.one hundred % delivery of commercial offers. \r\n2.Increase of the customer database. \r\n3. Increase of the market segment. \r\n4.Regionality and topic orientated mailings. \r\n5. Sending offers to directors. \r\n6. Supply/demand analysis. \r\n7. Conducting marketing research. \r\n8. Studying public opinion and conducting surveys. \r\n9. Quick notification. \r\n10. Cost. \r\n11. Entering the international markets. \r\n \r\nUndeniable advantages: \r\n1.When sending mailing by contact forms, all letters arrive in the inbox. When sending e-mail newsletters, this can reach up to five percent. \r\n \r\n2.When sending mailing by contact forms it is possible to send a few million letters per 24 hours to inboxes. When sending e-mail newsletters a few thousands arrive in the inboxes, all the remaining ones often either are not delivered or fill the junk folder. \r\n \r\n3. When sending mailing by contact forms a letter does not get blocked by mail services because it is sent from different websites. When sending e-mail newsletters it is possible to send a few thousands of those but nevertheless all the IP addresses from which the mailing is sent will be banned. \r\n \r\n4. When sending mailing by contact forms the minimum of macro-synonims is used to form headings and text of the letter. When sending e-newsletters, it is necessary to use «macros» (synonyms) for each phrase and create ten thousand different headings. \r\n \r\n5. Many organisations deliberatelly hide their email and only leave a contact form for contacting with them. \r\n \r\n6. When sending e-newsletters, your commercial offer can be delivered to every employee of the company, (which causes irritation) compared to mailing by contact forms where the message is received at the email specifically set up for business offers. \r\n \r\n7.50% of corporate emails are placed on free e-mail servers, they are badly "searchable" by electronic address, but when sending mailing by contact forms through these mail servers, all letters are one hundred percent delivered to the recipients. \r\n \r\n8. Only 30%-40% of companies get into the directories within several years, and all the rest are already located in our VOIS databases and are waiting for your commercial offers. \r\nIt turns out that that emails of organisations from directories are full of spam, which means that they will not have such result as when sending mailing by feedback forms using our the newest WHOIS databases. \r\n \r\n9. Any kind of stop words in the headings or body of the message can be sent through feedback forms. When sending mass e-mails, such messages either do not reach the recipient or end up in spam. \r\nThe list of stop words of mails includes almost all words and phrases that encourage potential customers to take actions. \r\n \r\nApplication: \r\n \r\n1. Increasing the customer base. \r\n2. Quick informing of marketplaces about new cooperation offers. \r\n3. Accessing company officials. \r\n4.Supply. \r\n5. Conducting tenders. \r\n6.Conducting marketing campaigns. \r\n7.Conducting surveys and studying public opinion. \r\n8. Searching for customers in other countries. \r\n \r\nReasons for ordering this service: \r\n \r\n1. one hundred percent delivery of your e-mails and business offers to millions of companies all over the globe. \r\nEvery internet resource sends a e-mail to itself so all filters of mail systems are bypassed. \r\n \r\n2.Mailing by feedback forms is an ideal way in in terms of conducting all sorts of marketing researches, surveys and studies of  social opinion on anytype of activity and direction. \r\nWhen sending mailing by contact forms, you will will be absolutely sure that your letter has been delivered to 100% of users of your product and service and if a product or service is "poorly promoted", then the potential problem lies in other things, for example in cost. \r\nAt the same time, within one week you will see demand for your products and services, you will not need to spend money on renting premises and other more time-consuming and expensive marketing activities. \r\n \r\n3.Mailing by feedback forms is the most economical and quickest way to get your service or product to the international markets. \r\n \r\n4. Mailing by contact forms is a great tool for conducting various tenders. \r\n \r\n5.Daily update of the databases, as more than one hundred and fifty thousand new websites, appear all over the globe daily, and you, in turn, get new potential customers. \r\n \r\n6. Full geographical scope for all states of the world. \r\n \r\n7. We offer clients that you will not find through other advertisement. \r\nWhen sending mailing by feedback forms, you will be able to reach out that part of your clients, that is impossible to "break through" in automatic mode in another way. \r\nFor instance, you will be able to send a commercial offer to those potential clients that were previously unavailable due to filters of mail systems while sending bulk e-mails. \r\nIn the markets, there is a unusual situation: businesses in the directories are literally filled with spam with all sorts of commercial offers while very little or no e-mails are sent to the remaining ones. \r\n \r\n8. Unique technology of unraveling the captcha. \r\nThere are services for decoding alphanumeric code (captcha/CAPTCHA). It costs one dollar to solve 1000  CAPTCHAs. \r\nTherefore, processing 1 million websites our robot unravels a million CAPTCHAs, which costs thousand $ only to decrypt captcha/CAPTCHA, and with our service this is free of charge for you! \r\n \r\n9. By ordering mailing by feedback forms, you are promoting your product or service not to separate individuals, but to entire collectives, for instance domain .com, where more than one hundred and fifty million cooperational  organisations from all over the world are accumulated (we have samples of them from international zones for every country). \r\n \r\n10. Mailing by contact forms also includes a type of SMS mailing \r\nEmail that is linked to the feedback form is the primary mailbox of companies through which orders and business offers are sent. This e-mail is also set up for phones as it is necessary to respond to the messages instantly so as not to misplace the order or the relevance of the cooperation offer. \r\n \r\n11. The base of countries also includes all joint companies from all countries closely related to or working with this country, for instance, diasporas and national communities. \r\nBan, sanctions of search engines and mail systems? \r\nThese mailings are an alternative to sending bulk e-mails, therefore search sanctions and "Ban" do not apply to them. \r\nMail service delivers the data of messages to the inbox folder, as it goes through the "warm e-mail channel" from the new IP address of the website to the corporate e-mail of the same internet resource. \r\nSimply speaking, these mailings "live in emails" and filters of mail systems do not respond to them, because mail systems have trust in communication channels between internet resources and corporate electronic addresses. \r\n \r\nOUR DATABASES: \r\nYou can purchase our databases separately from the mailing by sending us a request by contact form. \r\n \r\nMORE THAN 2000 VOIS DATABASES BY DOMAIN ZONES AND COUNTRIES OF THE WHOLE WORLD. \r\n \r\nCOLLECTIONS OF DATABASES BY THE MAIN CONTINENTS OF THE WORLD. \r\n \r\nCOLLECTIONS OF DATABASES BY THE MAIN WORLD LANGUAGES. \r\n \r\nCOLLECTIONS OF DATABASES BY THE MAIN CMS. \r\n \r\nSELECTIONS BY THE MAIN COUNTRIES OF THE WORLD. \r\n \r\nHOW TO MAKE AN ORDER FOR MAILING BY FEEDBACK FORMS: \r\nThe simplest text + a few headings, the main goal is to interest the future customer, and they will read the rest on your internet resource. \r\nMost likely, all ads on your subject are already on the Internet, enter the necessary requests into the search engine and choose the most interesting ones. \r\nThe headings are substituted by a carousel from text file. \r\nOnly messages in the text form are sent, links are inserted without problems, they are all "clickable". If the client needs pictures or more specific information, then you should forward the potential customer to visit your site. \r\n \r\nIn the letter: \r\nText without pictures, since pictures do not pass through the feedback form. \r\nYour contact details: \r\nInternet resource address: \r\n \r\nFields to fill in: \r\nName: \r\nCountry: \r\nCity: \r\nSite: \r\nSeveral headings: \r\nElectronic address for automatic responces: \r\n \r\nwebsite =» xn----7sbb1bbndheurc1a.xn--p1ai \r\nPrice List =» xn----7sbb1bbndheurc1a.xn--p1ai/en/price/', '2022-01-28 10:34:21', '2022-01-28 10:34:21', NULL),
	(258, 'Henty', 'ejve8upa@gmail.com', '89339391884', 'Hi, this is Jenny. I am sending you my intimate photos as I promised. https://tinyurl.com/yay4e3rb', '2022-02-02 05:38:27', '2022-02-02 05:38:27', NULL),
	(259, 'Henty', 'dq8voimp@hotmail.com', '86859465452', 'Hi, this is Anna. I am sending you my intimate photos as I promised. https://tinyurl.com/y6ubqqcn', '2022-02-07 05:13:31', '2022-02-07 05:13:31', NULL),
	(260, 'Henty', 'onp6ki35@yahoo.com', '83838463177', 'Hi, this is Julia. I am sending you my intimate photos as I promised. https://tinyurl.com/ya6ybsug', '2022-02-07 23:43:29', '2022-02-07 23:43:29', NULL),
	(261, 'pinupcasino777', 'pinupcasino7777@gmail.com', '82718538433', 'Игровые автоматы https://pin-up-casino.cyou/ Казино имеют официальную лицензию и стабильно выплачивают игрокам их выигрыши!', '2022-02-11 12:49:25', '2022-02-11 12:49:25', NULL),
	(262, 'Jeannie Belgrave', 'mailbangerusa@gmx.com', '044 853 53 20', 'Since 2012 Mailbanger.com has been selling marketing lists with customer name/contact information to many small and startup businesses.\r\n\r\n\r\nwe have lists for USA/UK/Australia/Canada and many more countries\r\n\r\n\r\nHere are some of our packages:\r\n\r\nUSA Business database with executive contact info - Over 30 million records:\r\nhttps://www.mailbanger.com/2020-usa-business-database-executive-edition/\r\n\r\n\r\n2021 USA Homeowner and Residential – 248 million records:\r\nhttps://www.mailbanger.com/2021-usa-homeowner-and-residential-248-million-records/\r\n\r\n\r\n108 million USA consumers with age,cell/home phone/address/email:\r\nhttps://www.mailbanger.com/108-million-usa-consumers-mega-edition/\r\n\r\n\r\nCell/SMS Marketing package of over 50 million USA Customers:\r\nhttps://www.mailbanger.com/2022-usa-50-million-consumer-cell-phone-numbers-premium-edition/\r\n\r\n\r\nMonthly optin USA  sales leads (a fresh new package every month!):\r\nhttps://www.mailbanger.com/monthly-usa-sales-leads\r\n\r\n\r\nUSA Charity donors:\r\nhttps://www.mailbanger.com/usa-charity-donor-leads\r\n\r\n\r\n850 000 Weight loss customers:\r\nhttps://www.mailbanger.com/weight-loss-diet-leads-lists\r\n\r\n\r\nwe have many more lists - stop wasting thousands on pay per click or other expensive forms of advertising, and market direct for super affordable prices.\r\n\r\nAll lists are updated regularly, buy once and its yours so you can use them for many campaigns. They come in Excel files with sortable categories\r\n\r\n\r\nRegards\r\nMailbanger.com', '2022-02-14 05:21:06', '2022-02-14 05:21:06', NULL),
	(263, 'Isabellaoi', 'isabellaoi@yahoo.com', '+40 2864848717', 'Неllо all, guуs! I knоw, my mеssаge may bе tоo sрeсifiс,\r\nВut my sistеr found niсе mаn herе аnd tһеу mаrriеd, so how аbout mе?! :)\r\nI am 24 уears оld, Isabella, from Rоmania, knоw Englisһ аnd Russian languаges also\r\nAnd... I have sресific disеаsе, namеd nympһomаniа. Wһо knоw whаt is this, сan understand mе (bеttеr to sаy it immediately)\r\nΑh уes, I coоk very tаsty! and I lovе not onlу cоok ;))\r\nIm real girl, not рrоstitutе, аnd lоoking for sеrious аnd hot rеlаtionshiр...\r\nΑnуway, yоu can find mу рrоfilе herе: http://boxcgijupen.tk/user/14708', '2022-02-16 05:10:49', '2022-02-16 05:10:49', NULL),
	(264, 'RaymondBet', 'electricservice@gmail.com', '87573383991', 'Hello! We will make a commercial for your business or website for only $20. \r\nThe deal takes place on a well-known freelance exchange, you are protected, the payment will be made after you accept the completed work. \r\nEmail us and we will do the work within 3 hours. \r\nAn example of our work: https://www.youtube.com/watch?v=aRuQxmUwpl4 \r\nTo get started we just need your logo (if available), phone number and website address. \r\nThe resulting video you can use in social networks, on your website, YouTube, and so on. \r\nOur contact information: \r\nrosajmann@gmail.com \r\nSorry if we bothered you, \r\nSincerely, Rosa.', '2022-02-20 04:52:34', '2022-02-20 04:52:34', NULL),
	(265, 'Robertgoown', 'mcknightglue05@gmail.com', '87859669913', 'Good day, \r\nEven now you can support Ukraine. \r\n \r\nUkrainian Lives Matter! \r\n<a href=https://tinyurl.com/ym5u7y2s>https://tinyurl.com/27z8nfuj</a> \r\n \r\nThe funds will be used to buy medicines, food and warm clothing. They will be distributed to non-profit foundations and volunteers as well as targeted support. \r\n \r\nBLOCKCHAIN WILL FOREVER REFLECT YOUR HELP! \r\n \r\nRegards, \r\nWestergaard Oneill \r\n \r\nREF: 97222', '2022-03-08 16:18:13', '2022-03-08 16:18:13', NULL),
	(266, 'Ensubre', 'Ensubre@manmail.xyz', '88279895785', 'achat cialis generique 10mg Neibrq https://oscialipop.com - buying cialis online usa Formation Of Cephalexin Salts Briymu Best Online Levitra Cygkdr <a href=https://oscialipop.com>Cialis</a> cialis grande pharmacie lyonnaise Hsspxb sitios para comprar viagra Abhugl https://oscialipop.com - Cialis', '2022-03-11 10:58:29', '2022-03-11 10:58:29', NULL),
	(267, 'ElenaCab', '3imarconettia@gmail.com', '89455575357', 'Help the Ukrainians leave the war zone - http://help-me-run.xyz/', '2022-03-15 08:03:03', '2022-03-15 08:03:03', NULL),
	(268, 'test', 'test@gmail.com', '666666', 'test', '2022-03-15 08:24:01', '2022-03-15 08:24:01', NULL),
	(269, 'Richardteack', 'no-replybeen@gmail.com', '86699944858', 'Good day!  cynosuredesigns.co.uk \r\n \r\nWe put up of the sale \r\n \r\nSending your business proposition through the feedback form which can be found on the sites in the Communication section. Feedback forms are filled in by our program and the captcha is solved. The superiority of this method is that messages sent through feedback forms are whitelisted. This method improve the odds that your message will be read. \r\n \r\nOur database contains more than 27 million sites around the world to which we can send your message. \r\n \r\nThe cost of one million messages 49 USD \r\n \r\nFREE TEST mailing Up to 50,000 messages. \r\n \r\n \r\nThis offer is created automatically.  Use our contacts for communication. \r\n \r\nContact us. \r\nTelegram - @FeedbackMessages \r\nSkype  live:contactform_18 \r\nWhatsApp - +375259112693 \r\nWe only use chat.', '2022-03-23 11:06:01', '2022-03-23 11:06:01', NULL),
	(270, 'TebertMum', 'j.umandjik.ro@gmail.com', '86852179859', 'Hi Jane. As you asked, I\'m giving you a link where you can meet single girls for sex https://ladieslocation.life/?u=wh5kd06&o=qxpp80k', '2022-03-31 20:43:53', '2022-03-31 20:43:53', NULL),
	(271, 'Nebojsa Sekulic', 'office@animatelogo.com', '0654371257', 'Hello from Animatic, \r\n\r\nWe are a creative agency specializing in logo animations for social networks and digital media, \r\n\r\nOur animations are custom made, original and unique, \r\n\r\nIf You are interested, see what we have done for our clients, \r\n\r\nwww.animatelogo.com \r\n\r\nThank You for Your time, \r\n\r\nNebojsa Sekulic \r\nAnimatic Animation Agency \r\noffice@animatelogo.com', '2022-04-01 01:58:40', '2022-04-01 01:58:40', NULL),
	(272, 'Geraldoidege', 'katerinav_androsova6390@rambler.ru', '82373754788', 'Око Бога?? Бот для пробива человека \r\n \r\ntelegram https://telegram.cc/all_seeing_eye43745_bot?start=1064762931 \r\n \r\n?? Вы можете прислать боту запросы в следующем формате: \r\n \r\n?? Поиск по имени \r\n+  Программист \r\n+  Антипов Евгений \r\n+  Антипов Евгений Вячеславович \r\nL  Антипов Евгений Вячеславович 05.02.1994 \r\n \r\n?? Поиск по авто \r\n+  О999МУ777 - поиск авто по РФ \r\n+  ВО4561АХ - поиск авто по УК \r\nL  ХТА21150053965897 - поиск по VIN \r\n \r\n?? Социальные сети \r\n+  https://vk.com/id1111111111111 - Вконтакте \r\n+  https://www.facebook.com/profile.php?id=1111111111111 - Facebook \r\nL  https://ok.ru/profile/1111111111111111 - Одноклассники \r\n \r\n?? 79999939919 - для поиска по номеру телефона \r\n?? tema@gmail.com - для поиска по Email \r\n?? #281485304, @durov или перешлите сообщение - поиск по Telegram аккаунту \r\n \r\n?? /pas churchill7 - поиск почты, логина и телефона по паролю \r\n?? /adr Москва, Тверская, д 1, кв 1 - информация по адресу (РФ) \r\n?? 77:01:0001075:1361 - поиск по кадастровому номеру \r\n \r\n?? /company Сбербанк - поиск по юр лицам \r\n?? /inn 784806113663 - поиск по ИНН \r\n \r\n?? 8.8.8.8 или https://google.com - информация об IP или домене \r\n?? 1AmajNxtJyU7JjAuyiFFkqDaaxuYqkNSkF - информация о Bitcoin адресе \r\n \r\n?? Отправьте фото человека, чтобы найти его или двойника на сайтах ВК, ОК. \r\n?? Отправьте фото номера автомобиля, чтобы получить о нем информацию. \r\n?? Отправьте точку на карте, чтобы найти людей, которые сейчас там. \r\n?? С помощью голосовых команд также можно выполнять поисковые запросы', '2022-04-10 09:07:27', '2022-04-10 09:07:27', NULL),
	(273, 'Kaymqbilot', 'sanja.filat.ov.yg9.9s@gmail.com', '86212585415', 'A game for adults. Jerk off virtually https://adultgames.life/?u=wh5kd06&o=qxhpmex', '2022-04-18 08:34:43', '2022-04-18 08:34:43', NULL),
	(274, 'Kaymiodlot', 'sanja.filat.ov.yg9.9.s@gmail.com', '88559384746', 'Jerk off non-stop in this adult game https://adultgames.life/?u=wh5kd06&o=qxhpmex', '2022-04-18 11:56:21', '2022-04-18 11:56:21', NULL),
	(275, 'Isabellahow', 'isabellahow@gmail.com', '+380 2620819259', 'Нellо all, guуsǃ Ι knоw, my message may bе toо ѕpесifіс,\r\nВut my sіѕter fоund niсе man here аnd they mаrrіed, sо how abоut me?! :)\r\nΙ am 24 уeаrs оld, Ιsаbella, frоm Ukrainе, Ι knоw Εngliѕh and German languagеs alѕо\r\nΑnd... Ι havе sреcіfіс dіseaѕе, nаmed nуmphomаnіa. Who know what iѕ this, can underѕtand me (better to say іt іmmеdіatеlу)\r\nАh уеs, Ι сооk verу tаѕtyǃ аnd I love nоt оnly сооk ;))\r\nΙm rеаl girl, not prostіtutе, and loоkіng fоr ѕеrіоuѕ and hot rеlаtionshір...\r\nAnywау, yоu сan find mу prоfіle here: http://tenmabotert.ml/user/91346/', '2022-04-25 16:21:25', '2022-04-25 16:21:25', NULL),
	(276, 'David Archer', 'david@cwtadvertising.co.uk', '01516620257', 'Dear Admin\r\nI hope you don’t mind me using your contact form to send this message, it’s just I wanted to let you know I have taken the time to visit your website cynosuredesigns.co.uk, and I am not just sending out bulk spam emails. \r\n\r\nMy name is David a marketer from CWT, your website is not ranking well for certain keyword phrases in Google UK. We specialise helping sites like you get better results in the big UK search engines.\r\n\r\nI would like to send you a free comprehensive report, SEO strategy & Proposal to help improve your Google rankings dramatically. (no obligations) \r\n\r\nWould that be okay? If so, I can send it to you sometime this week.\r\nKind regards\r\nDavid', '2022-05-06 10:40:30', '2022-05-06 10:40:30', NULL),
	(277, 'Olisialrp', 'rod.rigu.ez.oli.vi.a.1.9.72@gmail.com', '87131222244', '<a href=https://bit.ly/3wbzHMf>Did you miss me today? I couldn\'t stop thinking about our plans. You\'re not going to make me wait again, are you?</a>', '2022-05-10 15:00:24', '2022-05-10 15:00:24', NULL),
	(278, 'Anthonyves', 'sportt@gmail.com', '85461874665', 'Bеst оnlinе cаsino and sports betting \r\ndeposit bоnus up to 500 \r\nSlоts, Frееspins, Роker, and many gаmes. \r\nget your bоnus right now \r\nhttps://tinyurl.com/2p8kn8ph', '2022-05-10 17:33:47', '2022-05-10 17:33:47', NULL),
	(279, 'Charlotccr', 'cha.rl.otte.an.de.rs.on.3.67@gmail.com', '82534895513', '<a href=https://bit.ly/37tLJsk>I\'m already undressed and ready to start. What do you think of this proposal?</a> \r\n<a href=https://bit.ly/37tLJsk><img src="https://i.ibb.co/DzWWmV0/1610211656-8-p-ochen-krasivie-obnazhennie-devushki-erotik-21.jpg"></a>', '2022-05-11 19:15:24', '2022-05-11 19:15:24', NULL),
	(280, 'Charlottecxn', 'charlo.t.t.ea.nd.er.s.o.n36.7@gmail.com', '88522468394', '<a href=https://bit.ly/3L7KkFE>I know what to offer you tonight. Do you want this night to be unforgettable?</a>', '2022-05-13 21:01:26', '2022-05-13 21:01:26', NULL),
	(281, 'Jamie Fisher', 'jamie@bravofunding.co', '81233968912', 'Hi there, \r\n \r\nI’m the Funding Manager at bravofunding.co.uk and I’m contacting you because we think we can secure you some Business Funding. \r\n \r\nThe Government Recovery Loan Scheme is coming to an end in June, so this is the last chance to get some Government Backed Funding for your business. We also have many other funding options you may qualify for. \r\n \r\nYou can see for yourself on our website bravofunding.co.uk or we could schedule a time for a call? \r\n \r\nKind regards, \r\n \r\nJamie Fisher \r\nFunding Manager \r\nBravo Funding \r\n \r\nEmail: jamie@bravofunding.co \r\nWeb: http://bravofunding.co.uk \r\nTel: 0203 4755 205', '2022-05-18 09:04:33', '2022-05-18 09:04:33', NULL),
	(282, 'Muhammad Masab', 'masabalshafi@gmail.com', '03164282030', 'Hi. I would like to ask if there is any internship for UI/UX design. I believe i can be a valuable asset to your team', '2022-05-20 12:29:01', '2022-05-20 12:29:01', NULL),
	(283, 'Margaretprw', 'ma.r.ga.r.e.l.o.v.etr.o.b.er.t.s@gmail.com', '81139825375', '<a href=https://bit.ly/3wboJ9P>Are You trying to trick me? Then I\'m ready to get naked and I promise to lose.</a> \r\n<a href=https://bit.ly/3wboJ9P><img src="https://i.ibb.co/m0zMVq0/807305.jpg"></a>', '2022-05-22 04:40:44', '2022-05-22 04:40:44', NULL),
	(284, 'Ahsan', 'mianahsan423@gmail.com', '03117963198', 'Front end developer', '2022-05-24 05:03:55', '2022-05-24 05:03:55', NULL),
	(285, 'David Archer', 'david@cwtadvertising.co.uk', '01516620257', 'Hello\r\nI hope you don’t mind me using your contact form to send this message, it’s just I wanted to let you know I have taken the time to visit your website cynosuredesigns.co.uk, and I am not just sending out bulk spam emails. \r\n\r\nMy name is David a marketer from CWT, your website is not ranking well for certain keyword phrases in Google UK. We specialise helping sites like you get better results in the big UK search engines.\r\n\r\nI would like to send you a free comprehensive report, SEO strategy & Proposal to help improve your Google rankings dramatically. (no obligations) \r\n\r\nWould that be okay? If so, I can send it to you sometime this week.\r\nKind regards\r\nDavid', '2022-05-26 08:57:54', '2022-05-26 08:57:54', NULL),
	(286, 'Michael O\'Dowd', 'MODOWD@4imprint.com', '0161 850 3478', 'Calling from a company called 4imprint chasing payment for seriously overdue invoices 1394525,13913909&1390736.\r\nPlease can you get in touch with me.', '2022-06-23 09:30:52', '2022-06-23 09:30:52', NULL),
	(287, 'test', 'test@gmail.com', '+923214211741', 'test', '2022-06-26 13:39:18', '2022-06-26 13:39:18', NULL),
	(288, 'test', 'test@gmail.com', '+923214211741', 'test', '2022-06-26 13:53:39', '2022-06-26 13:53:39', NULL),
	(289, 'Harry Williams', 'harrywilliams.web1@gmail.com', '6207654699', 'Hey,\r\n\r\nYour website\'s design is absolutely brilliant. The visuals really enhance your message and the content compels action. I\'ve forwarded it to a few of my contacts who I think could benefit from your services.\r\n\r\nWhen I was looking at your site, though, I noticed some mistakes that you\'ve made re: search engine optimization (SEO) which may be leading to a decline in your organic SEO results. Would you like to fix it so that you can get maximum exposure/presence on Google, Bing, Yahoo and web traffic to your website?\r\n\r\nIt\'s a relatively simple fix. If this is a priority.\r\n\r\nPlease share your “Mobile Number" and a suitable time to talk, so I can help you in that.\r\n\r\n\r\nBest Regards\r\nHarry Williams\r\nDigital Marketing Team\r\nCall Us: 1-620-765-4699', '2022-06-30 10:52:34', '2022-06-30 10:52:34', NULL),
	(290, 'Jamie Fisher', 'jamie@bravofinance.co', '89844242677', 'Hi there, \r\n \r\nI’m the Funding Manager at http://bravofinance.co.uk and I’m contacting you because we think we can secure you some Business Funding. \r\n \r\nWe have a huge panel of funders and lenders available for your business, so if you need some money to grow, or pay bills, or for any other reason, we can help. \r\n \r\nYou can see for yourself on our website bravofinance.co.uk or we could schedule a time for a call? \r\n \r\nWe deal with Sole Traders and Limited Companies of all sizes. \r\n \r\nKind regards, \r\n \r\nJamie Fisher \r\nFunding Manager \r\nBravo Finance \r\n \r\nEmail: jamie@bravofinance.co \r\nWeb: http://bravofinance.co.uk \r\nTel: 0203 4755 205', '2022-07-04 04:18:36', '2022-07-04 04:18:36', NULL),
	(291, 'Elizabethxbo', 'el.iza.beth.herna.n.de.z.3w.3@gmail.com', '88298687753', '<a href=https://is.gd/MHBCLf> I love it so much when you\'re on top. What else would you like to add to our conversation today?</a>', '2022-07-04 19:55:49', '2022-07-04 19:55:49', NULL),
	(292, 'Romaine Arndt', 'romaine.arndt@yahoo.com', '06-11524017', 'Take back your time—increase conversions by an average of 14x.\r\n \r\n \r\nThat’s what Creative.AI can do for your agency.\r\n \r\n \r\nCreative.AI is a highly trained Artificial Intelligence that:\r\n \r\n-Generates your creatives\r\n-Uses proven design traits\r\n-Makes your life easier\r\n-Better results (14x better conversion rates on average)\r\n \r\nPlus: New Users get $500 worth of Google Ad Credits for FREE.\r\n \r\n \r\nSign up today. Cancel anytime.\r\n \r\nTry 100% free for 7 days  and get $500 worth of Google Ad Credits for FREE -> https://adcreative.grsm.io/qz1y1l7ji3pr', '2022-07-06 23:28:11', '2022-07-06 23:28:11', NULL),
	(293, 'Leilani Sargood', 'mailbangerusa@gmx.com', '06-48239511', 'Since 2012 Mailbanger.com has been selling marketing lists with customer name/contact information to many small and startup businesses.\r\n\r\n\r\nwe have lists for USA/UK/Australia/Canada and many more countries\r\n\r\n\r\nHere are some of our packages:\r\n\r\nUSA Business database with executive contact info - Over 30 million records:\r\nhttps://www.mailbanger.com/2020-usa-business-database-executive-edition/\r\n\r\n\r\n2021 USA Homeowner and Residential – 248 million records:\r\nhttps://www.mailbanger.com/2021-usa-homeowner-and-residential-248-million-records/\r\n\r\n\r\n108 million USA consumers with age,cell/home phone/address/email:\r\nhttps://www.mailbanger.com/108-million-usa-consumers-mega-edition/\r\n\r\n\r\nCell/SMS Marketing package of over 50 million USA Customers:\r\nhttps://www.mailbanger.com/2022-usa-50-million-consumer-cell-phone-numbers-premium-edition/\r\n\r\n\r\nMonthly optin USA  sales leads (a fresh new package every month!):\r\nhttps://www.mailbanger.com/monthly-usa-sales-leads\r\n\r\n\r\nUSA Charity donors:\r\nhttps://www.mailbanger.com/usa-charity-donor-leads\r\n\r\n\r\n850 000 Weight loss customers:\r\nhttps://www.mailbanger.com/weight-loss-diet-leads-lists\r\n\r\n\r\nwe have many more lists - stop wasting thousands on pay per click or other expensive forms of advertising, and market direct for super affordable prices.\r\n\r\nAll lists are updated regularly, buy once and its yours so you can use them for many campaigns. They come in Excel files with sortable categories\r\n\r\n\r\nRegards\r\nMailbanger.com', '2022-07-08 13:31:12', '2022-07-08 13:31:12', NULL),
	(294, 'Jessicaabasy', 'holidahon.mnt@yandex.com', '83969226996', 'As Real As You Want it To be. Fill out this short survey and we\'ll give you a chance to win an iPhone 13 Pro. Visit http://bonusplus.click', '2022-07-11 05:06:24', '2022-07-11 05:06:24', NULL),
	(295, 'Anna Wilson', 'service@webtechxpress.com', '1201201200', 'Hope you are doing great\r\n\r\nhttp://cynosuredesigns.co.uk/\r\n\r\nWe’d like to inform you a very important issue regarding your website which is the reason why you are losing lots of traffic.\r\n\r\nYour website is great in terms of design and content. However, it doesn’t follow Search Engine Guidelines. So, it has a very low visibility in search results.\r\n\r\nWe’ve done a thorough SEO audit of your website, and found that it has a big potential to generate more revenue than what it might be earning at the present. And yes, we have generated a report for the same as well.\r\n\r\nWe’d be glad to share the SEO audit report with you so that you can check it yourself and find out what should be done to make it SEO friendly.\r\n\r\nPlease let me know your thoughts, I\'d be happy to share our profile/past work and client testimonials.\r\n\r\nLooking forward to your reply.\r\n\r\nRegards,\r\nAnna (SEO consultants)', '2022-07-12 01:59:09', '2022-07-12 01:59:09', NULL),
	(296, 'Jessicaabasy', 'holidahon.mnt@yandex.com', '89777938897', 'Hey, hope you are well! I\'m sexy hot girl just want a guy or girl, I love sex. Look at me and your mind will be blown! http://nudegirls.website', '2022-07-12 14:31:04', '2022-07-12 14:31:04', NULL),
	(297, 'Katy Trilly', 'katytrilly9@gmail.com', '439 8241', 'Hi,\r\n\r\nWe\'d like to introduce to you our explainer video service, which we feel can benefit your site \r\ncynosuredesigns.co.uk.\r\n\r\nCheck out some of our existing videos here:\r\nhttps://www.youtube.com/watch?v=ivTmAwuli14 \r\nhttps://www.youtube.com/watch?v=uywKJQvfeAM \r\nhttps://www.youtube.com/watch?v=oPNdmMo40pI \r\nhttps://www.youtube.com/watch?v=6gRb-HPo_ck\r\n\r\nAll of our videos are in a similar animated format as the above examples, and we have voice over artists with US/UK/Australian/Canadian accents.\r\nWe can also produce voice overs in languages other than English.\r\n\r\nThey can show a solution to a problem or simply promote one of your products or services. They are concise, can be uploaded to video sites such as YouTube, and can be embedded into your website or featured on landing pages.\r\n\r\nOur prices are as follows depending on video length:\r\nUp to 1 minute = $259\r\n1-2 minutes = $379\r\n2-3 minutes = $489\r\n\r\n*All prices above are in USD and include an engaging, captivating video with full script and voice-over.\r\n\r\nIf this is something you would like to discuss further, don\'t hesitate to reply.\r\n\r\nKind Regards,\r\nKate', '2022-07-13 20:45:40', '2022-07-13 20:45:40', NULL),
	(298, 'Mark James', 'mark@cairowebdesign.uk', '0151662256', 'Dear Admin\r\nI hope you don’t mind me using your contact form to send this message. I just wanted to let you know I have taken the time to visit your website cynosuredesigns.co.uk, and I am not just sending out bulk spam emails.\r\n\r\nMy name is Mark, a marketer from Cairo Web Design, and your website is not doing well for specific keyword phrases in Google UK. We specialise in helping sites like you get better results in the big UK search engines. Here is a free SEO report I prepared for you https://seo-report.websiteauditserver.com/cynosuredesigns.co.uk .\r\n\r\nI would also like to send you a free comprehensive report, strategy & proposal to help improve your Google rankings dramatically. (no obligations)\r\n\r\nWould that be, okay? If so, I can send it to you sometime this week.\r\nKind regards\r\nMark', '2022-07-14 05:00:02', '2022-07-14 05:00:02', NULL),
	(299, 'Denis Berger', 'denis@originworkers.biz', '1201201200', 'Hope you are doing well!\r\n\r\nhttps://cynosuredesigns.co.uk/\r\n\r\nI\'m, reaching out to see if you are looking for some upgrade, Repair, Re-design, or a complete revamp of your current website at modest rate.\r\n\r\nWe have a dedicated team of 45 professional designers and developers with over 8 plus years of experience and we thrive on the idea that design makes a difference.\r\n\r\nOur services at a glance: - \r\n\r\n# Website Designing/Re-Designing #E-commerce development (Magento, Shopify, Woo Commerce etc.)\r\n\r\n# Graphic Designing \r\n\r\n# WordPress Theme Design & Customization\r\n\r\n# Custom themes, Plugins & Widget Development \r\n\r\n# Custom Templates, Modules, Plugins Design & Development\r\n\r\nShare a brief about your project with your phone number (With Country Code) /Skype and suitable time (Meeting) to talk to you, and get a guaranteed response within 24 hours. I’m waiting for your reply. Kinds \r\n\r\nRegards, \r\nDenis (Web Solution Manager)', '2022-07-24 03:08:51', '2022-07-24 03:08:51', '{"ip":"106.215.84.95","countryName":"India","countryCode":"IN","regionCode":"DL","regionName":"National Capital Territory of Delhi","cityName":"Delhi","zipCode":"110003","isoCode":null,"postalCode":null,"latitude":"28.6542","longitude":"77.2373","metroCode":null,"areaCode":"DL","timezone":"Asia\\/Kolkata","driver":"Stevebauman\\\\Location\\\\Drivers\\\\IpApi"}'),
	(300, 'Mark Mierloi', 'markm@nutricompanyinc.com', '561-544-0719', 'We are Nutritional Products International, a global brand management company that is based in Boca Raton, FL. As a third-generation family-owned business for more than two decades, NPI specializes in helping foreign brands enter the American consumer market in a timely, profitable, and professional manner.\r\n\r\nTo achieve our success, we have developed a proprietary system called the “Evolution of Distribution,” which includes all the professional services needed to launch products in the U.S., including:\r\n\r\n	Fast Track Purchase Orders from Major Retailers\r\n	FDA and Regulatory Compliance \r\n	Warehouse/Custom Brokerage Infrastructure\r\n	Operational/Logistical Expertise\r\n	Communications, Media, and Marketing Campaigns\r\n	Import, Distribute, and Promote\r\n	Turn-key, one-stop solution\r\n\r\nOur executives have more than 100 years of combined retail experience as well as buying for and selling to retail giants, such as Amazon and Walmart. NPI’s team has placed 100s of products on Amazon that have generated tens of millions of dollars in sales.\r\n\r\nIf we become your partner, NPI becomes your brand’s United States headquarters.\r\n\r\nWe invite you to learn more about how to get into the United States with Nutritional Products International.\r\n\r\nRegards,\r\nMark\r\n\r\nMark Mierloi\r\nExecutive Vice President of Business Development\r\nNutritional Products International\r\n150 E. Palmetto Park Blvd., Suite  800\r\nBoca Raton, FL 33432\r\nCell: (386)-405-9619\r\nOffice: (561) 544-0719\r\nEmail: markm@nutricompanyinc.com', '2022-07-24 07:08:31', '2022-07-24 07:08:31', '{"ip":"51.158.21.48","countryName":"France","countryCode":"FR","regionCode":"IDF","regionName":"\\u00cele-de-France","cityName":"Paris","zipCode":"75001","isoCode":null,"postalCode":null,"latitude":"48.8323","longitude":"2.4075","metroCode":null,"areaCode":"IDF","timezone":"Europe\\/Paris","driver":"Stevebauman\\\\Location\\\\Drivers\\\\IpApi"}'),
	(301, 'Habib Ullah Khan', 'devwebcure@gmail.com', '03467860593', 'Hi,\r\nI am professional full stack developer with 7 + years experience in frontend & backend development. I have some skills in a wide variety of coding niches, from databases to graphic design and UI/UX management in order to do job well.\r\n\r\nHere is a summary of the things that I may and will be able to do for you:\r\n- Core PHP, Laravel \r\n- Git / Bitbucket      \r\n- NPM, Gulp, SCSS\r\n- WordPress, Shopify\r\n- Clickfunnel, Lightspeed\r\n- HTML5 & CSS3, SCSS\r\n- Bootstrap, Tailwind CSS, Foundation\r\n- JS (javascript / jQuery)\r\n- PSD/Sketch/AI to HTML/WordPress\r\n- WordPress Theme Development\r\n- WordPress Plugin Development\r\n- API integrations with plugins and themes\r\n- eCommerce Solutions / WooCommerce\r\n\r\nSome of my work samples are:\r\nhttp://hbkhandev.com/my-work/\r\n\r\nI look forward to discussing more of my expertise with you and see how we can potentially work together I am available to speak with you anytime.\r\n\r\nThank you', '2022-07-25 03:17:37', '2022-07-25 03:17:37', '{"ip":"39.42.168.40","countryName":"Pakistan","countryCode":"PK","regionCode":"PB","regionName":"Punjab","cityName":"Faisalabad","zipCode":"38000","isoCode":null,"postalCode":null,"latitude":"31.3709","longitude":"73.0336","metroCode":null,"areaCode":"PB","timezone":"Asia\\/Karachi","driver":"Stevebauman\\\\Location\\\\Drivers\\\\IpApi"}'),
	(302, 'Steven Davies', 'stevendaviesseo@gmail.com', '7431864628', 'Hello Team,\r\n\r\nMy name is Steven. I am a SEO Expert and a full-time freelance SEO consultant with over 10 years experience in digital marketing. Presently I am providing guest posting service on high authority blogs. I have gained a huge resource in this field.\r\n\r\nsome top quality sites such as:\r\n\r\ntgdaily.com\r\nceoworld.biz\r\ntmcnet.com\r\nbitrebels.com\r\nentrepreneur.com\r\nbeforeitsnews.com\r\nhomebusinessmag.com\r\n\r\nPlease let me know if you are interested then I will send you more details. Feel free to ask any questions about our services!\r\nThank you for your time.\r\n\r\nBest Regards!\r\nSteven Davies', '2022-08-04 06:29:01', '2022-08-04 06:29:01', '{"ip":"223.233.95.29","countryName":"India","countryCode":"IN","regionCode":"KA","regionName":"Karnataka","cityName":"Bengaluru","zipCode":"560001","isoCode":null,"postalCode":null,"latitude":"12.9634","longitude":"77.5855","metroCode":null,"areaCode":"KA","timezone":"Asia\\/Kolkata","driver":"Stevebauman\\\\Location\\\\Drivers\\\\IpApi"}'),
	(303, 'Ernestmat', 'no-replybeen@gmail.com', '88576677295', 'Hello!  cynosuredesigns.co.uk \r\n \r\nWe propose \r\n \r\nSending your business proposition through the Contact us form which can be found on the sites in the contact section. Contact form are filled in by our application and the captcha is solved. The superiority of this method is that messages sent through feedback forms are whitelisted. This technique increases the chances that your message will be read. \r\n \r\nOur database contains more than 27 million sites around the world to which we can send your message. \r\n \r\nThe cost of one million messages 49 USD \r\n \r\nFREE TEST mailing Up to 50,000 messages. \r\n \r\n \r\nThis letter is created automatically.  Use our contacts for communication. \r\n \r\nContact us. \r\nTelegram - @FeedbackMessages \r\nSkype  live:contactform_18 \r\nWhatsApp - +375259112693 \r\nWe only use chat.', '2022-08-04 20:26:10', '2022-08-04 20:26:10', '{"ip":"181.214.173.70","countryName":"Germany","countryCode":"DE","regionCode":"BE","regionName":"Land Berlin","cityName":"Berlin","zipCode":"10178","isoCode":null,"postalCode":null,"latitude":"52.5196","longitude":"13.4069","metroCode":null,"areaCode":"BE","timezone":"Europe\\/Berlin","driver":"Stevebauman\\\\Location\\\\Drivers\\\\IpApi"}'),
	(304, 'Kallie Jason', 'kalliejason.newson@gmail.com', '02087983377', '"Hey Team Cyno Sure Designs,\r\n\r\nMy name is Kallie Jason and I represent Newson. I came across your company today and I am interested in a chat. We have some valuable ways we could help improve your engagement and client base by generating demand for your services. \r\n\r\nNewson is a multi-award-winning sales engagement platform designed to run automated LinkedIn and Email outreach campaigns for all types of businesses. We have the required expertise and experienced team providing qualified leads, booked appointments, and Whitelabel solutions to our global clients across a variety of industries. \r\n\r\nWould it be possible to connect this week?\r\n\r\nThanks and have a great day,\r\n \r\n\r\n\r\nWarm Regards,\r\n\r\nKallie"', '2022-08-08 08:59:58', '2022-08-08 08:59:58', '{"ip":"103.189.127.103","countryName":"Pakistan","countryCode":"PK","regionCode":"KP","regionName":"Khyber Pakhtunkhwa","cityName":"Haripur","zipCode":"22620","isoCode":null,"postalCode":null,"latitude":"33.9946","longitude":"72.9106","metroCode":null,"areaCode":"KP","timezone":"Asia\\/Karachi","driver":"Stevebauman\\\\Location\\\\Drivers\\\\IpApi"}'),
	(305, 'Krish Smith', 'info@hiretechninjas.com', '08511201150', 'Hiring a Web/App/eCommerce developer is now made easy. Our dedicated developer services allow you to choose the right certified resource from more than 15 technologies. Yet at a cost-effective rate. You can email us at mailto:info@hiretechninjas.com or visit us at https://hiretechninjas.com', '2022-08-09 07:57:30', '2022-08-09 07:57:30', '{"ip":"49.36.66.85","countryName":"India","countryCode":"IN","regionCode":"GJ","regionName":"Gujarat","cityName":"Ahmedabad","zipCode":"380001","isoCode":null,"postalCode":null,"latitude":"23.0276","longitude":"72.5871","metroCode":null,"areaCode":"GJ","timezone":"Asia\\/Kolkata","driver":"Stevebauman\\\\Location\\\\Drivers\\\\IpApi"}'),
	(306, 'JaredCor', 'rhinoceros@gmail.com', '86157261786', 'Wanna be rich? We will learn what to do! \r\nWe offer the most powerful crypto platform easy both for a tyro and a pro here https://bit.ly/3QfeQ39 to learn how to invest the right way. \r\nIndividual Crypto Robots for automatic long-lasting and instant gain have been developed two weeks ago and are affordable on request. \r\nOnly 1 hour a day is required to check Crypto robots and withdraw extra incom as the need arises. \r\nJoin us to be one of the first to find out more! The enrollment is up soon!', '2022-08-09 11:09:33', '2022-08-09 11:09:33', '{"ip":"176.124.207.132","countryName":"Netherlands","countryCode":"NL","regionCode":"NH","regionName":"North Holland","cityName":"Amsterdam","zipCode":"1012","isoCode":null,"postalCode":null,"latitude":"52.3676","longitude":"4.90414","metroCode":null,"areaCode":"NH","timezone":"Europe\\/Amsterdam","driver":"Stevebauman\\\\Location\\\\Drivers\\\\IpApi"}'),
	(307, 'Katy Trilly', 'katytrilly9@gmail.com', '(02) 6750 6411', 'Hi,\r\n\r\nWe\'d like to introduce to you our explainer video service, which we feel can benefit your site cynosuredesigns.co.uk.\r\n\r\nCheck out some of our existing videos here:\r\nhttps://www.youtube.com/watch?v=zvGF7uRfH04\r\nhttps://www.youtube.com/watch?v=cZPsp217Iik\r\nhttps://www.youtube.com/watch?v=JHfnqS2zpU8\r\n\r\nAll of our videos are in a similar animated format as the above examples, and we have voice over artists with US/UK/Australian/Canadian accents.\r\nWe can also produce voice overs in languages other than English.\r\n\r\nThey can show a solution to a problem or simply promote one of your products or services. They are concise, can be uploaded to video sites such as YouTube, and can be embedded into your website or featured on landing pages.\r\n\r\nOur prices are as follows depending on video length:\r\nUp to 1 minute = $259\r\n1-2 minutes = $379\r\n2-3 minutes = $489\r\n\r\n*All prices above are in USD and include an engaging, captivating video with full script and voice-over.\r\n\r\nIf this is something you would like to discuss further, don\'t hesitate to reply.\r\n\r\nKind Regards,\r\nKaty', '2022-08-12 01:29:24', '2022-08-12 01:29:24', '{"ip":"104.227.64.101","countryName":"United States","countryCode":"US","regionCode":"NY","regionName":"New York","cityName":"Buffalo","zipCode":"14202","isoCode":null,"postalCode":null,"latitude":"42.8943","longitude":"-78.8736","metroCode":null,"areaCode":"NY","timezone":"America\\/New_York","driver":"Stevebauman\\\\Location\\\\Drivers\\\\IpApi"}'),
	(308, 'Annatemi', 'annatemi@aol.com', '+420 2673582499', 'Hеllо!\r\nΡerhaрѕ mу messagе іѕ tоо ѕреcifiс.\r\nВut my оldеr sіѕtеr fоund a wоnderful mаn hеrе аnd theу havе а greаt rеlatiоnѕhір, but whаt аbоut me?\r\nΙ аm 22 уearѕ оld, Αnna, from thе Сzеch Republіc, knоw Εnglіsh languagе alѕо\r\nΑnd... bettеr tо ѕау it immediаtеly. Ι am biѕeхuаl. I am nоt jеalоus оf аnоthеr womаn... еsрecіаllу if wе make lоvе tоgеthеr.\r\nАh yеs, I cоok verу tаstуǃ аnd I lоve not оnlу сооk ;))\r\nIm real gіrl and lооkіng fоr sеriouѕ аnd hot rеlatiоnѕhір...\r\nAnуwaу, уou can fіnd my рrofilе hеre: http://korsnersrilhearttrimel.tk/usr-85635/', '2022-08-21 12:38:38', '2022-08-21 12:38:38', '{"ip":"191.101.217.216","countryName":"France","countryCode":"FR","regionCode":"IDF","regionName":"\\u00cele-de-France","cityName":"Paris","zipCode":"75001","isoCode":null,"postalCode":null,"latitude":"48.8323","longitude":"2.4075","metroCode":null,"areaCode":"IDF","timezone":"Europe\\/Paris","driver":"Stevebauman\\\\Location\\\\Drivers\\\\IpApi"}'),
	(309, 'Nil Gorai', 'nilonlinemediapublisher@gmail.com', '+917586982987', 'Hello,\r\n\r\nAvailable Guest posting with do-follow links on high-quality Websites. \r\n\r\nCheck websites and let me know.\r\n\r\nhttps://www.ziddu.com	DA 93\r\nhttps://www.soup.io	DA 89\r\nhttps://activerain.com/	DA 74\r\nhttps://www.aspirantsg.com DA 63\r\nhttps://moneypip.com/	DA 53\r\n\r\nI am waiting for your positive response.\r\nThanks.', '2022-08-25 05:35:42', '2022-08-25 05:35:42', '{"ip":"47.11.209.149","countryName":"India","countryCode":"IN","regionCode":"WB","regionName":"West Bengal","cityName":"Kolkata","zipCode":"700018","isoCode":null,"postalCode":null,"latitude":"22.518","longitude":"88.3832","metroCode":null,"areaCode":"WB","timezone":"Asia\\/Kolkata","driver":"Stevebauman\\\\Location\\\\Drivers\\\\IpApi"}'),
	(310, 'Idvu6vch5e', 'vasilij.kuzmichev.1980@list.ru', '85159722896', 'Возврaт 85 721 p  \r\nПодробнее: https://docs.google.com/document/d/AAAcynosuredesigns.co.ukBBB/view', '2022-08-26 08:05:17', '2022-08-26 08:05:17', '{"ip":"37.235.216.226","countryName":"Russia","countryCode":"RU","regionCode":"TAM","regionName":"Tambov Oblast","cityName":"Tambov","zipCode":"392000","isoCode":null,"postalCode":null,"latitude":"52.7324","longitude":"41.4313","metroCode":null,"areaCode":"TAM","timezone":"Europe\\/Moscow","driver":"Stevebauman\\\\Location\\\\Drivers\\\\IpApi"}'),
	(311, 'LolitaCliff', 'hairdoughnut@gmail.com', '84248894538', 'Hi! \r\nLet me be your girl for tonight! \r\nFind me here https://www1.lone1y.com/3YiWUy  and make sure it’s true! \r\nWill do everything for you! I’m online only now! \r\nLet it be our secret!', '2022-08-28 04:59:16', '2022-08-28 04:59:16', '{"ip":"176.124.207.132","countryName":"Netherlands","countryCode":"NL","regionCode":"NH","regionName":"North Holland","cityName":"Amsterdam","zipCode":"1012","isoCode":null,"postalCode":null,"latitude":"52.3676","longitude":"4.90414","metroCode":null,"areaCode":"NH","timezone":"Europe\\/Amsterdam","driver":"Stevebauman\\\\Location\\\\Drivers\\\\IpApi"}');
-- Dumping structure for table cynosure-website.data_types
CREATE TABLE IF NOT EXISTS `data_types` (
  `id` int(10) unsigned NOT NULL AUTO_INCREMENT,
  `name` varchar(255) COLLATE utf8mb4_unicode_ci NOT NULL,
  `slug` varchar(255) COLLATE utf8mb4_unicode_ci NOT NULL,
  `display_name_singular` varchar(255) COLLATE utf8mb4_unicode_ci NOT NULL,
  `display_name_plural` varchar(255) COLLATE utf8mb4_unicode_ci NOT NULL,
  `icon` varchar(255) COLLATE utf8mb4_unicode_ci DEFAULT NULL,
  `model_name` varchar(255) COLLATE utf8mb4_unicode_ci DEFAULT NULL,
  `policy_name` varchar(255) COLLATE utf8mb4_unicode_ci DEFAULT NULL,
  `controller` varchar(255) COLLATE utf8mb4_unicode_ci DEFAULT NULL,
  `description` varchar(255) COLLATE utf8mb4_unicode_ci DEFAULT NULL,
  `generate_permissions` tinyint(1) NOT NULL DEFAULT '0',
  `server_side` tinyint(4) NOT NULL DEFAULT '0',
  `details` text COLLATE utf8mb4_unicode_ci,
  `created_at` timestamp NULL DEFAULT NULL,
  `updated_at` timestamp NULL DEFAULT NULL,
  PRIMARY KEY (`id`),
  UNIQUE KEY `data_types_name_unique` (`name`),
  UNIQUE KEY `data_types_slug_unique` (`slug`)
) ENGINE=InnoDB AUTO_INCREMENT=19 DEFAULT CHARSET=utf8mb4 COLLATE=utf8mb4_unicode_ci;

-- Dumping structure for table cynosure-website.roles
CREATE TABLE IF NOT EXISTS `roles` (
  `id` bigint(20) unsigned NOT NULL AUTO_INCREMENT,
  `name` varchar(255) COLLATE utf8mb4_unicode_ci NOT NULL,
  `display_name` varchar(255) COLLATE utf8mb4_unicode_ci NOT NULL,
  `created_at` timestamp NULL DEFAULT NULL,
  `updated_at` timestamp NULL DEFAULT NULL,
  PRIMARY KEY (`id`),
  UNIQUE KEY `roles_name_unique` (`name`)
) ENGINE=InnoDB AUTO_INCREMENT=5 DEFAULT CHARSET=utf8mb4 COLLATE=utf8mb4_unicode_ci;

-- Dumping data for table cynosure-website.roles: ~4 rows (approximately)
INSERT IGNORE INTO `roles` (`id`, `name`, `display_name`, `created_at`, `updated_at`) VALUES
	(1, 'admin', 'Administrator', '2021-10-07 12:02:53', '2021-10-07 12:02:53'),
	(2, 'user', 'Normal User', '2021-10-07 12:02:53', '2021-10-07 12:02:53'),
	(3, 'projects-admin', 'Projects Admin', '2021-11-26 07:28:43', '2021-11-26 07:28:43'),
	(4, 'Blogger', 'Blogger', '2022-02-10 05:56:17', '2022-02-10 05:56:17');

-- Dumping data for table cynosure-website.data_types: ~12 rows (approximately)
INSERT IGNORE INTO `data_types` (`id`, `name`, `slug`, `display_name_singular`, `display_name_plural`, `icon`, `model_name`, `policy_name`, `controller`, `description`, `generate_permissions`, `server_side`, `details`, `created_at`, `updated_at`) VALUES
	(1, 'users', 'users', 'User', 'Users', 'voyager-person', 'TCG\\Voyager\\Models\\User', 'TCG\\Voyager\\Policies\\UserPolicy', 'TCG\\Voyager\\Http\\Controllers\\VoyagerUserController', '', 1, 0, NULL, '2021-10-07 12:02:53', '2021-10-07 12:02:53'),
	(2, 'menus', 'menus', 'Menu', 'Menus', 'voyager-list', 'TCG\\Voyager\\Models\\Menu', NULL, '', '', 1, 0, NULL, '2021-10-07 12:02:53', '2021-10-07 12:02:53'),
	(3, 'roles', 'roles', 'Role', 'Roles', 'voyager-lock', 'TCG\\Voyager\\Models\\Role', NULL, 'TCG\\Voyager\\Http\\Controllers\\VoyagerRoleController', '', 1, 0, NULL, '2021-10-07 12:02:53', '2021-10-07 12:02:53'),
	(5, 'tags', 'tags', 'Tag', 'Tags', NULL, 'App\\Tag', NULL, NULL, NULL, 1, 0, '{"order_column":null,"order_display_column":null,"order_direction":"asc","default_search_key":null}', '2021-11-17 00:50:19', '2021-11-17 00:50:19'),
	(6, 'projects', 'projects', 'Project', 'Projects', NULL, 'App\\Project', NULL, NULL, NULL, 1, 0, '{"order_column":null,"order_display_column":null,"order_direction":"asc","default_search_key":null,"scope":null}', '2021-11-17 00:58:50', '2021-12-09 10:30:18'),
	(8, 'categories', 'categories', 'Category', 'Categories', NULL, 'App\\Category', NULL, NULL, NULL, 1, 0, '{"order_column":null,"order_display_column":null,"order_direction":"asc","default_search_key":null}', '2022-02-08 11:30:47', '2022-02-08 11:30:47'),
	(9, 'posts', 'posts', 'Post', 'Posts', NULL, 'App\\Post', NULL, NULL, NULL, 1, 0, '{"order_column":null,"order_display_column":null,"order_direction":"asc","default_search_key":null,"scope":null}', '2022-02-08 11:32:53', '2022-02-10 07:12:57'),
	(11, 'applications', 'applications', 'Application', 'Applications', NULL, 'App\\Application', NULL, NULL, NULL, 1, 0, '{"order_column":null,"order_display_column":null,"order_direction":"asc","default_search_key":null,"scope":null}', '2022-04-20 11:14:33', '2022-07-05 09:41:10'),
	(12, 'careers', 'careers', 'Career', 'Careers', NULL, 'App\\Career', NULL, NULL, NULL, 1, 0, '{"order_column":null,"order_display_column":null,"order_direction":"asc","default_search_key":null}', '2022-04-20 11:16:35', '2022-04-20 11:16:35'),
	(14, 'leaveforms', 'leaveforms', 'Leaveform', 'Leaveforms', NULL, 'App\\Leaveform', NULL, NULL, NULL, 1, 0, '{"order_column":null,"order_display_column":null,"order_direction":"asc","default_search_key":null}', '2022-06-28 07:31:52', '2022-06-28 07:31:52'),
	(17, 'calculatedquotes', 'calculatedquotes', 'Calculatedquote', 'Calculatedquotes', NULL, 'App\\Calculatedquote', NULL, NULL, NULL, 1, 0, '{"order_column":null,"order_display_column":null,"order_direction":"asc","default_search_key":null}', '2022-07-20 11:50:20', '2022-07-20 11:50:20'),
	(18, 'contacts', 'contacts', 'Contact', 'Contacts', NULL, 'App\\Contact', NULL, NULL, NULL, 1, 0, '{"order_column":null,"order_display_column":null,"order_direction":"asc","default_search_key":null}', '2022-07-20 11:50:35', '2022-07-20 11:50:35');

-- Dumping structure for table cynosure-website.data_rows
CREATE TABLE IF NOT EXISTS `data_rows` (
  `id` int(10) unsigned NOT NULL AUTO_INCREMENT,
  `data_type_id` int(10) unsigned NOT NULL,
  `field` varchar(255) COLLATE utf8mb4_unicode_ci NOT NULL,
  `type` varchar(255) COLLATE utf8mb4_unicode_ci NOT NULL,
  `display_name` varchar(255) COLLATE utf8mb4_unicode_ci NOT NULL,
  `required` tinyint(1) NOT NULL DEFAULT '0',
  `browse` tinyint(1) NOT NULL DEFAULT '1',
  `read` tinyint(1) NOT NULL DEFAULT '1',
  `edit` tinyint(1) NOT NULL DEFAULT '1',
  `add` tinyint(1) NOT NULL DEFAULT '1',
  `delete` tinyint(1) NOT NULL DEFAULT '1',
  `details` text COLLATE utf8mb4_unicode_ci,
  `order` int(11) NOT NULL DEFAULT '1',
  PRIMARY KEY (`id`),
  KEY `data_rows_data_type_id_foreign` (`data_type_id`),
  CONSTRAINT `data_rows_data_type_id_foreign` FOREIGN KEY (`data_type_id`) REFERENCES `data_types` (`id`) ON DELETE CASCADE ON UPDATE CASCADE
) ENGINE=InnoDB AUTO_INCREMENT=140 DEFAULT CHARSET=utf8mb4 COLLATE=utf8mb4_unicode_ci;

-- Dumping data for table cynosure-website.data_rows: ~137 rows (approximately)
INSERT IGNORE INTO `data_rows` (`id`, `data_type_id`, `field`, `type`, `display_name`, `required`, `browse`, `read`, `edit`, `add`, `delete`, `details`, `order`) VALUES
	(1, 1, 'id', 'number', 'ID', 1, 0, 0, 0, 0, 0, NULL, 1),
	(2, 1, 'name', 'text', 'Name', 1, 1, 1, 1, 1, 1, NULL, 2),
	(3, 1, 'email', 'text', 'Email', 1, 1, 1, 1, 1, 1, NULL, 3),
	(4, 1, 'password', 'password', 'Password', 1, 0, 0, 1, 1, 0, NULL, 4),
	(5, 1, 'remember_token', 'text', 'Remember Token', 0, 0, 0, 0, 0, 0, NULL, 5),
	(6, 1, 'created_at', 'timestamp', 'Created At', 0, 1, 1, 0, 0, 0, NULL, 6),
	(7, 1, 'updated_at', 'timestamp', 'Updated At', 0, 0, 0, 0, 0, 0, NULL, 7),
	(8, 1, 'avatar', 'image', 'Avatar', 0, 1, 1, 1, 1, 1, NULL, 8),
	(9, 1, 'user_belongsto_role_relationship', 'relationship', 'Role', 0, 1, 1, 1, 1, 0, '{"model":"TCG\\\\Voyager\\\\Models\\\\Role","table":"roles","type":"belongsTo","column":"role_id","key":"id","label":"display_name","pivot_table":"roles","pivot":0}', 10),
	(10, 1, 'user_belongstomany_role_relationship', 'relationship', 'voyager::seeders.data_rows.roles', 0, 1, 1, 1, 1, 0, '{"model":"TCG\\\\Voyager\\\\Models\\\\Role","table":"roles","type":"belongsToMany","column":"id","key":"id","label":"display_name","pivot_table":"user_roles","pivot":"1","taggable":"0"}', 11),
	(11, 1, 'settings', 'hidden', 'Settings', 0, 0, 0, 0, 0, 0, NULL, 12),
	(12, 2, 'id', 'number', 'ID', 1, 0, 0, 0, 0, 0, NULL, 1),
	(13, 2, 'name', 'text', 'Name', 1, 1, 1, 1, 1, 1, NULL, 2),
	(14, 2, 'created_at', 'timestamp', 'Created At', 0, 0, 0, 0, 0, 0, NULL, 3),
	(15, 2, 'updated_at', 'timestamp', 'Updated At', 0, 0, 0, 0, 0, 0, NULL, 4),
	(16, 3, 'id', 'number', 'ID', 1, 0, 0, 0, 0, 0, NULL, 1),
	(17, 3, 'name', 'text', 'Name', 1, 1, 1, 1, 1, 1, NULL, 2),
	(18, 3, 'created_at', 'timestamp', 'Created At', 0, 0, 0, 0, 0, 0, NULL, 3),
	(19, 3, 'updated_at', 'timestamp', 'Updated At', 0, 0, 0, 0, 0, 0, NULL, 4),
	(20, 3, 'display_name', 'text', 'Display Name', 1, 1, 1, 1, 1, 1, NULL, 5),
	(21, 1, 'role_id', 'text', 'Role', 1, 1, 1, 1, 1, 1, NULL, 9),
	(24, 5, 'id', 'text', 'Id', 1, 0, 0, 0, 0, 0, '{}', 1),
	(25, 5, 'label', 'text', 'Tags Label', 1, 1, 1, 1, 1, 1, '{"validation":{"rule":"required|max:191"}}', 2),
	(26, 5, 'created_at', 'timestamp', 'Created At', 0, 1, 1, 1, 0, 1, '{}', 3),
	(27, 5, 'updated_at', 'timestamp', 'Updated At', 0, 0, 0, 0, 0, 0, '{}', 4),
	(28, 5, 'deleted_at', 'timestamp', 'Deleted At', 0, 1, 1, 1, 1, 1, '{}', 5),
	(29, 6, 'id', 'text', 'Id', 1, 0, 0, 0, 0, 0, '{}', 1),
	(30, 6, 'title', 'text', 'Title', 1, 1, 1, 1, 1, 1, '{}', 2),
	(31, 6, 'logo', 'image', 'Logo (330x205px)', 1, 1, 1, 1, 1, 1, '{}', 3),
	(32, 6, 'banner', 'image', 'Banner (1445x960px)', 1, 0, 1, 1, 1, 1, '{}', 4),
	(33, 6, 'overview', 'text', 'Overview', 0, 0, 1, 1, 1, 1, '{}', 5),
	(34, 6, 'description', 'rich_text_box', 'Description', 0, 0, 1, 1, 1, 1, '{}', 6),
	(35, 6, 'slug', 'text', 'Slug', 1, 1, 1, 1, 1, 1, '{"slugify":{"origin":"title"},"validation":{"rule":"unique:projects,slug"}}', 7),
	(36, 6, 'status', 'select_dropdown', 'Status', 1, 1, 1, 1, 1, 1, '{"default":"INACTIVE","options":{"INACTIVE":"INACTIVE","ACTIVE":"ACTIVE"}}', 8),
	(37, 6, 'meta_title', 'text', 'Meta Title', 0, 0, 1, 1, 1, 1, '{}', 9),
	(38, 6, 'meta_description', 'text_area', 'Meta Description', 0, 0, 1, 1, 1, 1, '{}', 10),
	(39, 6, 'created_at', 'timestamp', 'Created At', 0, 0, 1, 0, 0, 0, '{}', 11),
	(40, 6, 'updated_at', 'timestamp', 'Updated At', 0, 0, 0, 0, 0, 0, '{}', 12),
	(41, 6, 'deleted_at', 'timestamp', 'Deleted At', 0, 0, 0, 0, 0, 0, '{}', 13),
	(42, 6, 'project_belongstomany_tag_relationship', 'relationship', 'Tag Label', 0, 1, 1, 1, 1, 1, '{"model":"\\\\App\\\\Tag","table":"tags","type":"belongsToMany","column":"id","key":"id","label":"label","pivot_table":"project_tag","pivot":"1","taggable":"on"}', 14),
	(43, 6, 'featured', 'select_dropdown', 'Featured', 0, 1, 1, 1, 1, 1, '{"default":"0","options":{"0":"NO","1":"YES"}}', 14),
	(44, 6, 'hover_color', 'color', 'Hover Color', 0, 1, 1, 1, 1, 1, '{"default":"#e7e7e7"}', 15),
	(45, 8, 'id', 'text', 'Id', 1, 0, 0, 0, 0, 0, '{}', 1),
	(46, 8, 'parent_id', 'text', 'Parent Id', 0, 0, 1, 1, 1, 1, '{"default":"","null":"","options":{"":"-- None --"},"relationship":{"key":"id","label":"name"}}', 2),
	(47, 8, 'order', 'text', 'Order', 1, 1, 1, 1, 1, 1, '{"default":1}', 3),
	(48, 8, 'name', 'text', 'Name', 1, 1, 1, 1, 1, 1, '{}', 4),
	(49, 8, 'slug', 'text', 'Slug', 1, 1, 1, 1, 1, 1, '{"slugify":{"origin":"name"}}', 5),
	(50, 8, 'meta_title', 'text', 'Meta Title', 0, 1, 1, 1, 1, 1, '{}', 6),
	(51, 8, 'meta_description', 'text', 'Meta Description', 0, 1, 1, 1, 1, 1, '{}', 7),
	(52, 8, 'created_at', 'timestamp', 'Created At', 0, 1, 1, 1, 0, 1, '{}', 8),
	(53, 8, 'updated_at', 'timestamp', 'Updated At', 0, 0, 0, 0, 0, 0, '{}', 9),
	(54, 9, 'id', 'text', 'Id', 1, 0, 0, 0, 0, 0, '{}', 1),
	(55, 9, 'author_id', 'text', 'Author Id', 0, 0, 1, 1, 1, 1, '{}', 2),
	(56, 9, 'category_id', 'text', 'Category Id', 0, 0, 0, 0, 0, 0, '{}', 3),
	(57, 9, 'title', 'text', 'Title', 1, 1, 1, 1, 1, 1, '{}', 4),
	(58, 9, 'excerpt', 'text_area', 'Excerpt', 0, 0, 1, 1, 1, 1, '{}', 5),
	(59, 9, 'body', 'rich_text_box', 'Body', 0, 0, 1, 1, 1, 1, '{}', 6),
	(60, 9, 'image', 'image', 'Image', 0, 1, 1, 1, 1, 1, '{"resize":{"width":"1000","height":"null"},"quality":"70%","upsize":true,"thumbnails":[{"name":"medium","scale":"50%"},{"name":"small","scale":"25%"},{"name":"cropped","crop":{"width":"300","height":"250"}}]}', 7),
	(61, 9, 'slug', 'text', 'Slug', 1, 1, 1, 1, 1, 1, '{"slugify":{"origin":"title","forceUpdate":true},"validation":{"rule":"unique:posts,slug"}}', 8),
	(62, 9, 'meta_title', 'text', 'Meta Title', 0, 0, 1, 1, 1, 1, '{}', 9),
	(63, 9, 'meta_description', 'text_area', 'Meta Description', 0, 0, 1, 1, 1, 1, '{}', 10),
	(64, 9, 'status', 'select_dropdown', 'Status', 1, 1, 1, 1, 1, 1, '{"default":"DRAFT","options":{"PUBLISHED":"published","DRAFT":"draft","PENDING":"pending"}}', 11),
	(65, 9, 'featured', 'checkbox', 'Featured', 1, 1, 1, 1, 1, 1, '{}', 12),
	(66, 9, 'editor_pick', 'checkbox', 'Editor Pick', 1, 1, 1, 1, 1, 1, '{}', 13),
	(67, 9, 'created_at', 'timestamp', 'Created At', 0, 1, 1, 1, 0, 1, '{}', 15),
	(68, 9, 'updated_at', 'timestamp', 'Updated At', 0, 0, 0, 0, 0, 0, '{}', 16),
	(69, 9, 'post_belongstomany_category_relationship', 'relationship', 'categories', 0, 0, 1, 1, 1, 1, '{"model":"\\\\App\\\\Category","table":"categories","type":"belongsToMany","column":"id","key":"id","label":"name","pivot_table":"category_post","pivot":"1","taggable":"0"}', 17),
	(70, 8, 'category_belongstomany_post_relationship', 'relationship', 'posts', 0, 1, 1, 1, 1, 1, '{"model":"\\\\App\\\\Post","table":"posts","type":"belongsToMany","column":"id","key":"id","label":"title","pivot_table":"category_post","pivot":"1","taggable":null}', 10),
	(71, 9, 'read_time', 'number', 'Read Time', 1, 0, 1, 1, 1, 1, '{}', 14),
	(72, 11, 'id', 'text', 'Id', 1, 0, 0, 0, 0, 0, '{}', 1),
	(73, 11, 'job_title', 'text', 'Job Title', 1, 1, 1, 1, 1, 1, '{}', 3),
	(74, 11, 'name', 'text', 'Name', 1, 1, 1, 1, 1, 1, '{}', 4),
	(75, 11, 'email', 'text', 'Email', 1, 1, 1, 1, 1, 1, '{}', 5),
	(76, 11, 'phone', 'text', 'Phone', 0, 1, 1, 1, 1, 1, '{}', 6),
	(77, 11, 'current_company', 'text', 'Current Company', 0, 1, 1, 1, 1, 1, '{}', 7),
	(78, 11, 'linkedin', 'text', 'Linkedin', 0, 0, 1, 1, 1, 1, '{}', 8),
	(79, 11, 'hear_about_us', 'text', 'Hear About Us', 0, 0, 1, 1, 1, 1, '{}', 9),
	(80, 11, 'resume', 'text', 'Resume', 0, 1, 1, 1, 1, 1, '{}', 10),
	(81, 11, 'cover', 'text_area', 'Cover', 0, 0, 1, 1, 1, 1, '{}', 11),
	(82, 11, 'created_at', 'timestamp', 'Created At', 0, 1, 1, 1, 0, 1, '{}', 12),
	(83, 11, 'updated_at', 'timestamp', 'Updated At', 0, 0, 0, 0, 0, 0, '{}', 13),
	(84, 12, 'id', 'text', 'Id', 1, 0, 0, 0, 0, 0, '{}', 1),
	(85, 12, 'title', 'text', 'Title', 1, 1, 1, 1, 1, 1, '{}', 2),
	(86, 12, 'status', 'select_dropdown', 'Status', 1, 1, 1, 1, 1, 1, '{"default":"archive","options":{"active":"Active","archive":"Archive"}}', 3),
	(87, 12, 'location', 'select_dropdown', 'Location', 1, 1, 1, 1, 1, 1, '{"default":"Lahore","options":{"Lahore":"Lahore","London":"London","Dubai":"Dubai"}}', 4),
	(88, 12, 'closing_date', 'timestamp', 'Closing Date', 1, 1, 1, 1, 1, 1, '{}', 5),
	(89, 12, 'image', 'image', 'Image', 0, 1, 1, 1, 1, 1, '{}', 6),
	(90, 12, 'slug', 'text', 'Slug', 1, 1, 1, 1, 1, 1, '{"slugify":{"origin":"title","forceUpdate":true},"validation":{"rule":"unique:careers,slug"}}', 7),
	(91, 12, 'description', 'rich_text_box', 'Description', 0, 1, 1, 1, 1, 1, '{}', 8),
	(92, 12, 'no_of_positions', 'number', 'No Of Positions', 0, 1, 1, 1, 1, 1, '{}', 9),
	(93, 12, 'created_at', 'timestamp', 'Created At', 0, 1, 1, 1, 0, 1, '{}', 10),
	(94, 12, 'updated_at', 'timestamp', 'Updated At', 0, 0, 0, 0, 0, 0, '{}', 11),
	(95, 12, 'deleted_at', 'timestamp', 'Deleted At', 0, 1, 1, 1, 1, 1, '{}', 12),
	(96, 11, 'status', 'select_dropdown', 'Status', 1, 1, 1, 1, 1, 1, '{"default":"Pending","options":{"Pending":"Pending","Approved":"Approved","Decline":"Decline","Call for interview":"Call for interview"}}', 2),
	(97, 14, 'id', 'text', 'Id', 1, 0, 0, 0, 0, 0, '{}', 1),
	(98, 14, 'emp_name', 'text', 'Emp Name', 1, 1, 1, 1, 1, 1, '{}', 2),
	(99, 14, 'emp_email', 'text', 'Emp Email', 1, 0, 1, 1, 1, 1, '{}', 3),
	(100, 14, 'emp_phone', 'text', 'Emp Phone', 0, 0, 1, 1, 1, 1, '{}', 4),
	(101, 14, 'reason', 'text', 'Reason', 0, 1, 1, 1, 1, 1, '{}', 5),
	(102, 14, 'date_from', 'text', 'Date From', 0, 1, 1, 1, 1, 1, '{}', 6),
	(103, 14, 'date_to', 'text', 'Date To', 0, 1, 1, 1, 1, 1, '{}', 7),
	(104, 14, 'comments', 'text', 'Comments', 0, 0, 1, 1, 1, 1, '{}', 8),
	(105, 14, 'created_at', 'timestamp', 'Created At', 0, 1, 1, 1, 0, 1, '{}', 9),
	(106, 14, 'updated_at', 'timestamp', 'Updated At', 0, 0, 0, 0, 0, 0, '{}', 10),
	(107, 11, 'current_salary', 'text', 'Current Salary', 0, 0, 1, 1, 1, 1, '{}', 14),
	(108, 11, 'expected_salary', 'text', 'Expected Salary', 0, 1, 1, 1, 1, 1, '{}', 15),
	(109, 17, 'id', 'text', 'Id', 1, 0, 0, 0, 0, 0, '{}', 1),
	(110, 17, 'type_of_website', 'text', 'Type Of Website', 0, 1, 1, 1, 1, 1, '{}', 2),
	(111, 17, 'no_of_pages', 'text', 'No Of Pages', 0, 1, 1, 1, 1, 1, '{}', 3),
	(112, 17, 'per_page_cost', 'text', 'Per Page Cost', 0, 0, 1, 1, 1, 1, '{}', 4),
	(113, 17, 'want_us_to_provide_content', 'text', 'Want Us To Provide Content', 0, 0, 1, 1, 1, 1, '{}', 5),
	(114, 17, 'want_us_to_provide_images', 'text', 'Want Us To Provide Images', 0, 0, 1, 1, 1, 1, '{}', 6),
	(115, 17, 'live_chat', 'text', 'Live Chat', 0, 0, 1, 1, 1, 1, '{}', 7),
	(116, 17, 'newsletter', 'text', 'Newsletter', 0, 1, 1, 1, 1, 1, '{}', 8),
	(117, 17, 'blog', 'text', 'Blog', 0, 1, 1, 1, 1, 1, '{}', 9),
	(118, 17, 'gallery', 'text', 'Gallery', 0, 1, 1, 1, 1, 1, '{}', 10),
	(119, 17, 'social_media', 'text', 'Social Media', 0, 1, 1, 1, 1, 1, '{}', 11),
	(120, 17, 'portfolio', 'text', 'Portfolio', 0, 0, 1, 1, 1, 1, '{}', 12),
	(121, 17, 'domain_name', 'text', 'Domain Name', 0, 0, 1, 1, 1, 1, '{}', 13),
	(122, 17, 'yearly_hosting', 'text', 'Yearly Hosting', 0, 0, 1, 1, 1, 1, '{}', 14),
	(123, 17, 'speed_optimization', 'text', 'Speed Optimization', 0, 0, 1, 1, 1, 1, '{}', 15),
	(124, 17, 'custom_email', 'text', 'Custom Email', 0, 1, 1, 1, 1, 1, '{}', 16),
	(125, 17, 'advanced_seo', 'text', 'Advanced Seo', 0, 0, 1, 1, 1, 1, '{}', 17),
	(126, 17, 'extra_details', 'text', 'Extra Details', 0, 1, 1, 1, 1, 1, '{}', 18),
	(127, 17, 'start_date', 'text', 'Start Date', 0, 1, 1, 1, 1, 1, '{}', 19),
	(128, 17, 'total', 'text', 'Total', 0, 1, 1, 1, 1, 1, '{}', 20),
	(129, 17, 'created_at', 'timestamp', 'Created At', 0, 1, 1, 1, 0, 1, '{}', 21),
	(130, 17, 'updated_at', 'timestamp', 'Updated At', 0, 0, 0, 0, 0, 0, '{}', 22),
	(131, 17, 'visitor', 'text', 'Visitor', 0, 1, 1, 1, 1, 1, '{}', 23),
	(132, 18, 'id', 'text', 'Id', 1, 0, 0, 0, 0, 0, '{}', 1),
	(133, 18, 'name', 'text', 'Name', 1, 1, 1, 1, 1, 1, '{}', 2),
	(134, 18, 'email', 'text', 'Email', 1, 1, 1, 1, 1, 1, '{}', 3),
	(135, 18, 'phone', 'text', 'Phone', 0, 1, 1, 1, 1, 1, '{}', 4),
	(136, 18, 'message', 'text', 'Message', 0, 1, 1, 1, 1, 1, '{}', 5),
	(137, 18, 'created_at', 'timestamp', 'Created At', 0, 1, 1, 1, 0, 1, '{}', 6),
	(138, 18, 'updated_at', 'timestamp', 'Updated At', 0, 0, 0, 0, 0, 0, '{}', 7),
	(139, 18, 'visitor', 'text', 'Visitor', 0, 1, 1, 1, 1, 1, '{}', 8);


-- Dumping structure for table cynosure-website.failed_jobs
CREATE TABLE IF NOT EXISTS `failed_jobs` (
  `id` bigint(20) unsigned NOT NULL AUTO_INCREMENT,
  `connection` text COLLATE utf8mb4_unicode_ci NOT NULL,
  `queue` text COLLATE utf8mb4_unicode_ci NOT NULL,
  `payload` longtext COLLATE utf8mb4_unicode_ci NOT NULL,
  `exception` longtext COLLATE utf8mb4_unicode_ci NOT NULL,
  `failed_at` timestamp NOT NULL DEFAULT CURRENT_TIMESTAMP,
  PRIMARY KEY (`id`)
) ENGINE=InnoDB DEFAULT CHARSET=utf8mb4 COLLATE=utf8mb4_unicode_ci;

-- Dumping data for table cynosure-website.failed_jobs: ~0 rows (approximately)

-- Dumping structure for table cynosure-website.leaveforms
CREATE TABLE IF NOT EXISTS `leaveforms` (
  `id` int(10) unsigned NOT NULL AUTO_INCREMENT,
  `emp_name` varchar(255) COLLATE utf8mb4_unicode_ci NOT NULL,
  `emp_email` varchar(255) COLLATE utf8mb4_unicode_ci NOT NULL,
  `emp_phone` varchar(255) COLLATE utf8mb4_unicode_ci DEFAULT NULL,
  `reason` varchar(255) COLLATE utf8mb4_unicode_ci DEFAULT NULL,
  `date_from` date DEFAULT NULL,
  `date_to` date DEFAULT NULL,
  `comments` text COLLATE utf8mb4_unicode_ci,
  `created_at` timestamp NULL DEFAULT NULL,
  `updated_at` timestamp NULL DEFAULT NULL,
  PRIMARY KEY (`id`)
) ENGINE=InnoDB AUTO_INCREMENT=11 DEFAULT CHARSET=utf8mb4 COLLATE=utf8mb4_unicode_ci;

-- Dumping data for table cynosure-website.leaveforms: ~10 rows (approximately)
INSERT IGNORE INTO `leaveforms` (`id`, `emp_name`, `emp_email`, `emp_phone`, `reason`, `date_from`, `date_to`, `comments`, `created_at`, `updated_at`) VALUES
	(1, 'aaaaaaaaaaaaaa', 'hamxa5522@gmail.com', '12312', 'Casual Leave', '2022-06-28', '2022-06-30', 'test', '2022-06-28 07:32:17', '2022-06-28 07:32:17'),
	(2, 'aaaaaaaaaaaaaa', 'hamxa5522@gmail.com', '12312', 'Casual Leave', '2022-06-28', '2022-06-30', 'test', '2022-06-28 07:36:07', '2022-06-28 07:36:07'),
	(3, 'aaaaaaaaaaaaaa', 'hamxa5522@gmail.com', '12312', 'Casual Leave', '2022-06-28', '2022-06-30', 'test', '2022-06-28 07:39:17', '2022-06-28 07:39:17'),
	(4, 'aaaaaaaaaaaaaa', 'hamxa5522@gmail.com', '12312', 'Casual Leave', '2022-06-28', '2022-06-30', 'test', '2022-06-29 08:32:14', '2022-06-29 08:32:14'),
	(5, 'Sharjeel', 'sharjeel@cynosuredesigns.co.uk', '12312312', 'Sick Leave', '2022-06-30', '2022-06-30', 'asda', '2022-06-29 08:33:11', '2022-06-29 08:33:11'),
	(6, 'Sharjeel', 'sharjeel@cynosuredesigns.co.uk', '07961254000', 'Sick Leave', '2022-06-30', '2022-07-02', 'asda', '2022-06-29 08:33:43', '2022-06-29 08:33:43'),
	(7, 'Sharjeel', 'sharjeel@cynosuredesigns.co.uk', '07961254000', 'Annual Leave', '2022-06-30', '2022-07-02', 'i need a break from all of you for my mental stimulation and physical energy. will be away to my haram with beautiful bitches so please do not disturb. Thank You', '2022-06-29 08:36:13', '2022-06-29 08:36:13'),
	(8, 'Sharjeel', 'sharjeel@cynosuredesigns.co.uk', '07961254000', 'Casual Leave', '2022-06-30', '2022-07-24', 'i need a break from all of you for my mental stimulation and physical energy. will be away to my haram with beautiful bitches so please do not disturb. Thank You', '2022-06-29 08:40:58', '2022-06-29 08:40:58'),
	(9, 'Ayyan Zakir', 'ayyan.zaakir@gmail.com', '03334233325', 'Sick Leave', '2022-07-01', '2022-07-01', NULL, '2022-07-01 05:04:33', '2022-07-01 05:04:33'),
	(10, 'Sumbal Bakhtawar', 'sumbal@cynosuredesigns.co.uk', '03314822704', 'Sick Leave', '2022-07-05', '2022-07-05', NULL, '2022-07-05 02:38:07', '2022-07-05 02:38:07');

-- Dumping structure for table cynosure-website.menus
CREATE TABLE IF NOT EXISTS `menus` (
  `id` int(10) unsigned NOT NULL AUTO_INCREMENT,
  `name` varchar(255) COLLATE utf8mb4_unicode_ci NOT NULL,
  `created_at` timestamp NULL DEFAULT NULL,
  `updated_at` timestamp NULL DEFAULT NULL,
  PRIMARY KEY (`id`),
  UNIQUE KEY `menus_name_unique` (`name`)
) ENGINE=InnoDB AUTO_INCREMENT=2 DEFAULT CHARSET=utf8mb4 COLLATE=utf8mb4_unicode_ci;

-- Dumping data for table cynosure-website.menus: ~0 rows (approximately)
INSERT IGNORE INTO `menus` (`id`, `name`, `created_at`, `updated_at`) VALUES
	(1, 'admin', '2021-10-07 12:02:53', '2021-10-07 12:02:53');

-- Dumping structure for table cynosure-website.menu_items
CREATE TABLE IF NOT EXISTS `menu_items` (
  `id` int(10) unsigned NOT NULL AUTO_INCREMENT,
  `menu_id` int(10) unsigned DEFAULT NULL,
  `title` varchar(255) COLLATE utf8mb4_unicode_ci NOT NULL,
  `url` varchar(255) COLLATE utf8mb4_unicode_ci NOT NULL,
  `target` varchar(255) COLLATE utf8mb4_unicode_ci NOT NULL DEFAULT '_self',
  `icon_class` varchar(255) COLLATE utf8mb4_unicode_ci DEFAULT NULL,
  `color` varchar(255) COLLATE utf8mb4_unicode_ci DEFAULT NULL,
  `parent_id` int(11) DEFAULT NULL,
  `order` int(11) NOT NULL,
  `created_at` timestamp NULL DEFAULT NULL,
  `updated_at` timestamp NULL DEFAULT NULL,
  `route` varchar(255) COLLATE utf8mb4_unicode_ci DEFAULT NULL,
  `parameters` text COLLATE utf8mb4_unicode_ci,
  PRIMARY KEY (`id`),
  KEY `menu_items_menu_id_foreign` (`menu_id`),
  CONSTRAINT `menu_items_menu_id_foreign` FOREIGN KEY (`menu_id`) REFERENCES `menus` (`id`) ON DELETE CASCADE
) ENGINE=InnoDB AUTO_INCREMENT=23 DEFAULT CHARSET=utf8mb4 COLLATE=utf8mb4_unicode_ci;

-- Dumping data for table cynosure-website.menu_items: ~20 rows (approximately)
INSERT IGNORE INTO `menu_items` (`id`, `menu_id`, `title`, `url`, `target`, `icon_class`, `color`, `parent_id`, `order`, `created_at`, `updated_at`, `route`, `parameters`) VALUES
	(1, 1, 'Dashboard', '', '_self', 'voyager-boat', NULL, NULL, 1, '2021-10-07 12:02:53', '2021-10-07 12:02:53', 'voyager.dashboard', NULL),
	(2, 1, 'Media', '', '_self', 'voyager-images', NULL, NULL, 6, '2021-10-07 12:02:53', '2021-11-17 01:38:10', 'voyager.media.index', NULL),
	(3, 1, 'Users', '', '_self', 'voyager-person', NULL, NULL, 5, '2021-10-07 12:02:53', '2021-11-17 01:38:10', 'voyager.users.index', NULL),
	(4, 1, 'Roles', '', '_self', 'voyager-lock', NULL, NULL, 4, '2021-10-07 12:02:53', '2021-11-17 01:38:10', 'voyager.roles.index', NULL),
	(5, 1, 'Tools', '', '_self', 'voyager-tools', NULL, NULL, 8, '2021-10-07 12:02:53', '2022-02-10 05:55:29', NULL, NULL),
	(6, 1, 'Menu Builder', '', '_self', 'voyager-list', NULL, 5, 1, '2021-10-07 12:02:53', '2021-11-17 01:38:02', 'voyager.menus.index', NULL),
	(7, 1, 'Database', '', '_self', 'voyager-data', NULL, 5, 2, '2021-10-07 12:02:53', '2021-11-17 01:38:02', 'voyager.database.index', NULL),
	(8, 1, 'Compass', '', '_self', 'voyager-compass', NULL, 5, 3, '2021-10-07 12:02:53', '2021-11-17 01:38:02', 'voyager.compass.index', NULL),
	(9, 1, 'BREAD', '', '_self', 'voyager-bread', NULL, 5, 4, '2021-10-07 12:02:53', '2021-11-17 01:38:02', 'voyager.bread.index', NULL),
	(10, 1, 'Settings', '', '_self', 'voyager-settings', NULL, NULL, 9, '2021-10-07 12:02:53', '2022-02-10 05:55:29', 'voyager.settings.index', NULL),
	(12, 1, 'Tags', '', '_self', 'voyager-tag', '#000000', NULL, 3, '2021-11-17 00:50:19', '2021-11-17 01:46:31', 'voyager.tags.index', 'null'),
	(13, 1, 'Projects', '', '_self', 'voyager-treasure', '#000000', NULL, 2, '2021-11-17 00:58:50', '2021-11-17 01:47:44', 'voyager.projects.index', 'null'),
	(15, 1, 'Categories', '', '_self', 'voyager-treasure-open', '#000000', 17, 2, '2022-02-08 11:30:47', '2022-02-10 05:55:27', 'voyager.categories.index', 'null'),
	(16, 1, 'Posts', '', '_self', 'voyager-wand', '#000000', 17, 1, '2022-02-08 11:32:53', '2022-02-10 05:55:24', 'voyager.posts.index', 'null'),
	(17, 1, 'Blogs', '', '_self', 'voyager-pen', '#000000', NULL, 7, '2022-02-10 05:55:19', '2022-02-10 05:55:29', NULL, ''),
	(18, 1, 'Applications', '', '_self', NULL, NULL, NULL, 10, '2022-04-20 11:14:33', '2022-04-20 11:14:33', 'voyager.applications.index', NULL),
	(19, 1, 'Careers', '', '_self', NULL, NULL, NULL, 11, '2022-04-20 11:16:35', '2022-04-20 11:16:35', 'voyager.careers.index', NULL),
	(20, 1, 'Leaveforms', '', '_self', NULL, NULL, NULL, 12, '2022-06-28 07:31:52', '2022-06-28 07:31:52', 'voyager.leaveforms.index', NULL),
	(21, 1, 'Calculatedquotes', '', '_self', NULL, NULL, NULL, 13, '2022-07-20 11:50:20', '2022-07-20 11:50:20', 'voyager.calculatedquotes.index', NULL),
	(22, 1, 'Contacts', '', '_self', NULL, NULL, NULL, 14, '2022-07-20 11:50:35', '2022-07-20 11:50:35', 'voyager.contacts.index', NULL);

-- Dumping structure for table cynosure-website.migrations
CREATE TABLE IF NOT EXISTS `migrations` (
  `id` int(10) unsigned NOT NULL AUTO_INCREMENT,
  `migration` varchar(255) COLLATE utf8mb4_unicode_ci NOT NULL,
  `batch` int(11) NOT NULL,
  PRIMARY KEY (`id`)
) ENGINE=InnoDB AUTO_INCREMENT=24 DEFAULT CHARSET=utf8mb4 COLLATE=utf8mb4_unicode_ci;

-- Dumping data for table cynosure-website.migrations: ~23 rows (approximately)
INSERT IGNORE INTO `migrations` (`id`, `migration`, `batch`) VALUES
	(1, '2014_10_12_000000_create_users_table', 1),
	(2, '2014_10_12_100000_create_password_resets_table', 1),
	(3, '2016_01_01_000000_add_voyager_user_fields', 1),
	(4, '2016_01_01_000000_create_data_types_table', 1),
	(5, '2016_05_19_173453_create_menu_table', 1),
	(6, '2016_10_21_190000_create_roles_table', 1),
	(7, '2016_10_21_190000_create_settings_table', 1),
	(8, '2016_11_30_135954_create_permission_table', 1),
	(9, '2016_11_30_141208_create_permission_role_table', 1),
	(10, '2016_12_26_201236_data_types__add__server_side', 1),
	(11, '2017_01_13_000000_add_route_to_menu_items_table', 1),
	(12, '2017_01_14_005015_create_translations_table', 1),
	(13, '2017_01_15_000000_make_table_name_nullable_in_permissions_table', 1),
	(14, '2017_03_06_000000_add_controller_to_data_types_table', 1),
	(15, '2017_04_21_000000_add_order_to_data_rows_table', 1),
	(16, '2017_07_05_210000_add_policyname_to_data_types_table', 1),
	(17, '2017_08_05_000000_add_group_to_settings_table', 1),
	(18, '2017_11_26_013050_add_user_role_relationship', 1),
	(19, '2017_11_26_015000_create_user_roles_table', 1),
	(20, '2018_03_11_000000_add_user_settings', 1),
	(21, '2018_03_14_000000_add_details_to_data_types_table', 1),
	(22, '2018_03_16_000000_make_settings_value_nullable', 1),
	(23, '2019_08_19_000000_create_failed_jobs_table', 1);

-- Dumping structure for table cynosure-website.password_resets
CREATE TABLE IF NOT EXISTS `password_resets` (
  `email` varchar(255) COLLATE utf8mb4_unicode_ci NOT NULL,
  `token` varchar(255) COLLATE utf8mb4_unicode_ci NOT NULL,
  `created_at` timestamp NULL DEFAULT NULL,
  KEY `password_resets_email_index` (`email`)
) ENGINE=InnoDB DEFAULT CHARSET=utf8mb4 COLLATE=utf8mb4_unicode_ci;

-- Dumping data for table cynosure-website.password_resets: ~0 rows (approximately)

-- Dumping structure for table cynosure-website.permissions
CREATE TABLE IF NOT EXISTS `permissions` (
  `id` bigint(20) unsigned NOT NULL AUTO_INCREMENT,
  `key` varchar(255) COLLATE utf8mb4_unicode_ci NOT NULL,
  `table_name` varchar(255) COLLATE utf8mb4_unicode_ci DEFAULT NULL,
  `created_at` timestamp NULL DEFAULT NULL,
  `updated_at` timestamp NULL DEFAULT NULL,
  PRIMARY KEY (`id`),
  KEY `permissions_key_index` (`key`)
) ENGINE=InnoDB AUTO_INCREMENT=76 DEFAULT CHARSET=utf8mb4 COLLATE=utf8mb4_unicode_ci;

-- Dumping data for table cynosure-website.permissions: ~70 rows (approximately)
INSERT IGNORE INTO `permissions` (`id`, `key`, `table_name`, `created_at`, `updated_at`) VALUES
	(1, 'browse_admin', NULL, '2021-10-07 12:02:53', '2021-10-07 12:02:53'),
	(2, 'browse_bread', NULL, '2021-10-07 12:02:53', '2021-10-07 12:02:53'),
	(3, 'browse_database', NULL, '2021-10-07 12:02:53', '2021-10-07 12:02:53'),
	(4, 'browse_media', NULL, '2021-10-07 12:02:53', '2021-10-07 12:02:53'),
	(5, 'browse_compass', NULL, '2021-10-07 12:02:53', '2021-10-07 12:02:53'),
	(6, 'browse_menus', 'menus', '2021-10-07 12:02:53', '2021-10-07 12:02:53'),
	(7, 'read_menus', 'menus', '2021-10-07 12:02:53', '2021-10-07 12:02:53'),
	(8, 'edit_menus', 'menus', '2021-10-07 12:02:53', '2021-10-07 12:02:53'),
	(9, 'add_menus', 'menus', '2021-10-07 12:02:53', '2021-10-07 12:02:53'),
	(10, 'delete_menus', 'menus', '2021-10-07 12:02:53', '2021-10-07 12:02:53'),
	(11, 'browse_roles', 'roles', '2021-10-07 12:02:53', '2021-10-07 12:02:53'),
	(12, 'read_roles', 'roles', '2021-10-07 12:02:53', '2021-10-07 12:02:53'),
	(13, 'edit_roles', 'roles', '2021-10-07 12:02:53', '2021-10-07 12:02:53'),
	(14, 'add_roles', 'roles', '2021-10-07 12:02:53', '2021-10-07 12:02:53'),
	(15, 'delete_roles', 'roles', '2021-10-07 12:02:53', '2021-10-07 12:02:53'),
	(16, 'browse_users', 'users', '2021-10-07 12:02:53', '2021-10-07 12:02:53'),
	(17, 'read_users', 'users', '2021-10-07 12:02:53', '2021-10-07 12:02:53'),
	(18, 'edit_users', 'users', '2021-10-07 12:02:53', '2021-10-07 12:02:53'),
	(19, 'add_users', 'users', '2021-10-07 12:02:53', '2021-10-07 12:02:53'),
	(20, 'delete_users', 'users', '2021-10-07 12:02:53', '2021-10-07 12:02:53'),
	(21, 'browse_settings', 'settings', '2021-10-07 12:02:53', '2021-10-07 12:02:53'),
	(22, 'read_settings', 'settings', '2021-10-07 12:02:53', '2021-10-07 12:02:53'),
	(23, 'edit_settings', 'settings', '2021-10-07 12:02:53', '2021-10-07 12:02:53'),
	(24, 'add_settings', 'settings', '2021-10-07 12:02:53', '2021-10-07 12:02:53'),
	(25, 'delete_settings', 'settings', '2021-10-07 12:02:53', '2021-10-07 12:02:53'),
	(31, 'browse_tags', 'tags', '2021-11-17 00:50:19', '2021-11-17 00:50:19'),
	(32, 'read_tags', 'tags', '2021-11-17 00:50:19', '2021-11-17 00:50:19'),
	(33, 'edit_tags', 'tags', '2021-11-17 00:50:19', '2021-11-17 00:50:19'),
	(34, 'add_tags', 'tags', '2021-11-17 00:50:19', '2021-11-17 00:50:19'),
	(35, 'delete_tags', 'tags', '2021-11-17 00:50:19', '2021-11-17 00:50:19'),
	(36, 'browse_projects', 'projects', '2021-11-17 00:58:50', '2021-11-17 00:58:50'),
	(37, 'read_projects', 'projects', '2021-11-17 00:58:50', '2021-11-17 00:58:50'),
	(38, 'edit_projects', 'projects', '2021-11-17 00:58:50', '2021-11-17 00:58:50'),
	(39, 'add_projects', 'projects', '2021-11-17 00:58:50', '2021-11-17 00:58:50'),
	(40, 'delete_projects', 'projects', '2021-11-17 00:58:50', '2021-11-17 00:58:50'),
	(41, 'browse_categories', 'categories', '2022-02-08 11:30:47', '2022-02-08 11:30:47'),
	(42, 'read_categories', 'categories', '2022-02-08 11:30:47', '2022-02-08 11:30:47'),
	(43, 'edit_categories', 'categories', '2022-02-08 11:30:47', '2022-02-08 11:30:47'),
	(44, 'add_categories', 'categories', '2022-02-08 11:30:47', '2022-02-08 11:30:47'),
	(45, 'delete_categories', 'categories', '2022-02-08 11:30:47', '2022-02-08 11:30:47'),
	(46, 'browse_posts', 'posts', '2022-02-08 11:32:53', '2022-02-08 11:32:53'),
	(47, 'read_posts', 'posts', '2022-02-08 11:32:53', '2022-02-08 11:32:53'),
	(48, 'edit_posts', 'posts', '2022-02-08 11:32:53', '2022-02-08 11:32:53'),
	(49, 'add_posts', 'posts', '2022-02-08 11:32:53', '2022-02-08 11:32:53'),
	(50, 'delete_posts', 'posts', '2022-02-08 11:32:53', '2022-02-08 11:32:53'),
	(51, 'browse_applications', 'applications', '2022-04-20 11:14:33', '2022-04-20 11:14:33'),
	(52, 'read_applications', 'applications', '2022-04-20 11:14:33', '2022-04-20 11:14:33'),
	(53, 'edit_applications', 'applications', '2022-04-20 11:14:33', '2022-04-20 11:14:33'),
	(54, 'add_applications', 'applications', '2022-04-20 11:14:33', '2022-04-20 11:14:33'),
	(55, 'delete_applications', 'applications', '2022-04-20 11:14:33', '2022-04-20 11:14:33'),
	(56, 'browse_careers', 'careers', '2022-04-20 11:16:35', '2022-04-20 11:16:35'),
	(57, 'read_careers', 'careers', '2022-04-20 11:16:35', '2022-04-20 11:16:35'),
	(58, 'edit_careers', 'careers', '2022-04-20 11:16:35', '2022-04-20 11:16:35'),
	(59, 'add_careers', 'careers', '2022-04-20 11:16:35', '2022-04-20 11:16:35'),
	(60, 'delete_careers', 'careers', '2022-04-20 11:16:35', '2022-04-20 11:16:35'),
	(61, 'browse_leaveforms', 'leaveforms', '2022-06-28 07:31:52', '2022-06-28 07:31:52'),
	(62, 'read_leaveforms', 'leaveforms', '2022-06-28 07:31:52', '2022-06-28 07:31:52'),
	(63, 'edit_leaveforms', 'leaveforms', '2022-06-28 07:31:52', '2022-06-28 07:31:52'),
	(64, 'add_leaveforms', 'leaveforms', '2022-06-28 07:31:52', '2022-06-28 07:31:52'),
	(65, 'delete_leaveforms', 'leaveforms', '2022-06-28 07:31:52', '2022-06-28 07:31:52'),
	(66, 'browse_calculatedquotes', 'calculatedquotes', '2022-07-20 11:50:20', '2022-07-20 11:50:20'),
	(67, 'read_calculatedquotes', 'calculatedquotes', '2022-07-20 11:50:20', '2022-07-20 11:50:20'),
	(68, 'edit_calculatedquotes', 'calculatedquotes', '2022-07-20 11:50:20', '2022-07-20 11:50:20'),
	(69, 'add_calculatedquotes', 'calculatedquotes', '2022-07-20 11:50:20', '2022-07-20 11:50:20'),
	(70, 'delete_calculatedquotes', 'calculatedquotes', '2022-07-20 11:50:20', '2022-07-20 11:50:20'),
	(71, 'browse_contacts', 'contacts', '2022-07-20 11:50:35', '2022-07-20 11:50:35'),
	(72, 'read_contacts', 'contacts', '2022-07-20 11:50:35', '2022-07-20 11:50:35'),
	(73, 'edit_contacts', 'contacts', '2022-07-20 11:50:35', '2022-07-20 11:50:35'),
	(74, 'add_contacts', 'contacts', '2022-07-20 11:50:35', '2022-07-20 11:50:35'),
	(75, 'delete_contacts', 'contacts', '2022-07-20 11:50:35', '2022-07-20 11:50:35');

-- Dumping structure for table cynosure-website.permission_role
CREATE TABLE IF NOT EXISTS `permission_role` (
  `permission_id` bigint(20) unsigned NOT NULL,
  `role_id` bigint(20) unsigned NOT NULL,
  PRIMARY KEY (`permission_id`,`role_id`),
  KEY `permission_role_permission_id_index` (`permission_id`),
  KEY `permission_role_role_id_index` (`role_id`),
  CONSTRAINT `permission_role_permission_id_foreign` FOREIGN KEY (`permission_id`) REFERENCES `permissions` (`id`) ON DELETE CASCADE,
  CONSTRAINT `permission_role_role_id_foreign` FOREIGN KEY (`role_id`) REFERENCES `roles` (`id`) ON DELETE CASCADE
) ENGINE=InnoDB DEFAULT CHARSET=utf8mb4 COLLATE=utf8mb4_unicode_ci;

-- Dumping data for table cynosure-website.permission_role: ~88 rows (approximately)
INSERT IGNORE INTO `permission_role` (`permission_id`, `role_id`) VALUES
	(1, 1),
	(1, 3),
	(1, 4),
	(2, 1),
	(3, 1),
	(4, 1),
	(4, 3),
	(5, 1),
	(6, 1),
	(7, 1),
	(8, 1),
	(9, 1),
	(10, 1),
	(11, 1),
	(12, 1),
	(13, 1),
	(14, 1),
	(15, 1),
	(16, 1),
	(17, 1),
	(18, 1),
	(19, 1),
	(20, 1),
	(21, 1),
	(22, 1),
	(23, 1),
	(24, 1),
	(25, 1),
	(31, 1),
	(31, 3),
	(32, 1),
	(32, 3),
	(33, 1),
	(33, 3),
	(34, 1),
	(34, 3),
	(35, 1),
	(35, 3),
	(36, 1),
	(36, 3),
	(37, 1),
	(37, 3),
	(38, 1),
	(38, 3),
	(39, 1),
	(39, 3),
	(40, 1),
	(40, 3),
	(41, 1),
	(42, 1),
	(43, 1),
	(44, 1),
	(45, 1),
	(46, 1),
	(46, 4),
	(47, 1),
	(47, 4),
	(48, 1),
	(48, 4),
	(49, 1),
	(49, 4),
	(50, 1),
	(50, 4),
	(51, 1),
	(52, 1),
	(53, 1),
	(54, 1),
	(55, 1),
	(56, 1),
	(57, 1),
	(58, 1),
	(59, 1),
	(60, 1),
	(61, 1),
	(62, 1),
	(63, 1),
	(64, 1),
	(65, 1),
	(66, 1),
	(67, 1),
	(68, 1),
	(69, 1),
	(70, 1),
	(71, 1),
	(72, 1),
	(73, 1),
	(74, 1),
	(75, 1);

-- Dumping structure for table cynosure-website.posts
CREATE TABLE IF NOT EXISTS `posts` (
  `id` int(10) unsigned NOT NULL AUTO_INCREMENT,
  `author_id` int(11) DEFAULT NULL,
  `category_id` int(11) DEFAULT NULL,
  `title` varchar(255) COLLATE utf8mb4_unicode_ci NOT NULL,
  `excerpt` text COLLATE utf8mb4_unicode_ci,
  `body` text COLLATE utf8mb4_unicode_ci,
  `image` varchar(255) COLLATE utf8mb4_unicode_ci DEFAULT NULL,
  `slug` varchar(255) COLLATE utf8mb4_unicode_ci NOT NULL,
  `meta_title` text COLLATE utf8mb4_unicode_ci,
  `meta_description` text COLLATE utf8mb4_unicode_ci,
  `status` varchar(255) COLLATE utf8mb4_unicode_ci NOT NULL DEFAULT 'DRAFT',
  `featured` int(11) NOT NULL DEFAULT '0',
  `editor_pick` int(11) NOT NULL DEFAULT '0',
  `created_at` timestamp NULL DEFAULT NULL,
  `updated_at` timestamp NULL DEFAULT NULL,
  `read_time` int(11) NOT NULL DEFAULT '1',
  PRIMARY KEY (`id`),
  UNIQUE KEY `posts_slug_unique` (`slug`)
) ENGINE=InnoDB AUTO_INCREMENT=27 DEFAULT CHARSET=utf8mb4 COLLATE=utf8mb4_unicode_ci;

-- Dumping data for table cynosure-website.posts: ~17 rows (approximately)
INSERT IGNORE INTO `posts` (`id`, `author_id`, `category_id`, `title`, `excerpt`, `body`, `image`, `slug`, `meta_title`, `meta_description`, `status`, `featured`, `editor_pick`, `created_at`, `updated_at`, `read_time`) VALUES
	(2, 3, NULL, 'Choosing the Right Website Design & Development Company', 'When it comes to website design and development, your website is where visitors get their first impression.', '<p>When it comes to website design and development, your website is where visitors get their first impression.&nbsp;</p>\r\n<div class="table_of_contents_box">\r\n<p><strong>Table of Contents</strong></p>\r\n<ul class="table_of_contents">\r\n<li><a class="goto_sec" href="#factors_choosing">What factors to consider while choosing an agency?</a>\r\n<ul>\r\n<li><a class="goto_sec" href="#business_project_requirements">Note down your business project requirements</a></li>\r\n<li><a class="goto_sec" href="#analyze_company">Analyze the company\'s capabilities</a></li>\r\n<li><a class="goto_sec" href="#cost_factor">Cost / value for money factor&nbsp;</a></li>\r\n<li><a class="goto_sec" href="#procedure_deliverables">Know about the procedure and deliverables&nbsp;</a></li>\r\n<li><a class="goto_sec" href="#timeframe_project">Ask about the timeframe for your project</a></li>\r\n</ul>\r\n</li>\r\n</ul>\r\n</div>\r\n<p>&nbsp;</p>\r\n<p><img src="https://cynosuredesigns.co.uk/storage/posts/June2022/joubi-develop-by-cynosure.webp" alt="Joubi Web Design by Cynosure Designs" /></p>\r\n<p>&nbsp;</p>\r\n<p>Your online rankings, customer retention and conversion rates all depend on how your site is built. If you are a startup looking for a new website or brand that wants to redesign it, it is obvious to think about how you can get the right company for this particular job. <a href="https://cynosuredesigns.co.uk/">Cynosure Designs</a> believes in providing the right information to the clients to help them make the right decision.&nbsp;</p>\r\n<p>&nbsp;</p>\r\n<h2 id="factors_choosing">What factors to consider while choosing an agency?</h2>\r\n<p>So if nothing else, here are some important factors to consider when hiring a <a href="https://cynosuredesigns.co.uk/services/web-development">website design and development</a> company in the United Kingdom.</p>\r\n<p>&nbsp;</p>\r\n<h3 id="business_project_requirements">Note down your business project requirements.</h3>\r\n<p>The first and the most important element is that you need to make a list of your needs and requirements. Most customers make hasty decisions and go through a process that never ends well. Since it is good to consider a few predetermined changes in design and functionalities, but at the same time, you need to be fully aware of the type of changes you are looking for. Your entire business model can be affected by a minor change in functionality.</p>\r\n<p>A clear vision regarding your goals and objectives can become advantageous and favorable for your business in the long run. Some development platforms are better suited to some businesses, while others can be challenging from a marketing perspective. Take responsibility for your project on your own, and don\'t leave anyone in charge. Additionally, once the website has been delivered to you, you will most likely be responsible for maintaining and managing it. Be sure to choose a development platform that makes it easy for you and your in-house team.&nbsp;</p>\r\n<p>&nbsp;</p>\r\n<h3 id="analyze_company">Analyze the company&rsquo;s capabilities</h3>\r\n<p>The most crucial factor to consider before entrusting your project to a web agency is to know whether they are capable or not to handle and meeting your specific requirements. Some development companies specialize in particular areas, while others have a dynamic portfolio. You can get a good idea from ​​their portfolio of design, development, and content skills. When you\'re at it, don\'t forget to look at the agency\'s success rate and feedback from previous clients. It also gives you a good idea of ​​their potential and technical skills.</p>\r\n<p>&nbsp;</p>\r\n<h3 id="cost_factor">Cost / value for money factor&nbsp;</h3>\r\n<p>The cost factor is also an important aspect of decision-making for a company. For many people, it all depends on the agency that will get the job done at the lowest cost. Ask the agency what services they cover other than <a href="https://cynosuredesigns.co.uk/services/web-development">web development and design services</a>. Ask if they will provide support and hosting services within the budget after the project is completed.&nbsp;</p>\r\n<p>Compared to well-reputed agencies, you may find significant rate differences between newer agencies with a limited portfolio. This is because the market is full of individual freelancers claiming to be an agency. Still, in reality, they are working to the best of their ability or have a team with limited experience to do it all.&nbsp;</p>\r\n<p>You should always choose a reputable web development company with a proven track record, even if that charges a small extra cost, as your website is a vital asset for your business and determines what kind of brand image you will have for your audience.&nbsp;</p>\r\n<p>&nbsp;</p>\r\n<p><img src="https://cynosuredesigns.co.uk/storage/posts/June2022/ratchet-develop-by-cynosure.webp" alt="Ratchet shop Ecommerce Develop by Cynosure Designs" /></p>\r\n<p>&nbsp;</p>\r\n<p>&nbsp;</p>\r\n<p><strong>Read more:</strong> <a href="https://cynosuredesigns.co.uk/blog/boost-your-business-multifold-through-an-optimized-ui-ux-design">Boost Your Business Multifold Through An Optimized UI/UX Design</a></p>\r\n<p>&nbsp;</p>\r\n<h3 id="procedure_deliverables">Know about the procedure and deliverables&nbsp;</h3>\r\n<p>Projects are often delayed or even canceled because there is no transparency between companies and clients about the procedure and deliverables. The process and outcomes must be discussed and agreed upon by the agency before the contract is signed to avoid unnecessary delays. Each company has its unique procedure and style of working. All you have to do is determine the fastest route for your project.&nbsp;</p>\r\n<p>&nbsp;</p>\r\n<h3 id="timeframe_project">Ask about the timeframe for your project.</h3>\r\n<p>Identifying and setting the time frame for your project plays a vital role in achieving your milestones and keeping multi-stage projects on track. Deadlines indicate what and when should be expected to be delivered, and you can review your project without confusion. It\'s normal to exceed a deadline by a day or two, but this way, you can not only check how the site is performing along the way but also make sure it\'s done on time. <a href="https://cynosuredesigns.co.uk/contact-us">Contact us</a> for more queries!</p>\r\n<p>Our website has been reviewed and approved by designerlistings.org - <a href="https://www.designerlistings.org/Software-Design-and-Development/C21-1-0.htm">Software Design and Development Listings</a></p>', 'posts/February2022/f7ZpTcVpisun99oTgYX2.jpg', 'choosing-the-absolute-website-design-and-development-company-for-your-business', 'Choosing the absolute Website Design Company for your business', 'Looking for a professional Website Design and Development Agency? Sharing various tips and guidelines in choosing the right company for your business/brand.', 'PUBLISHED', 0, 1, '2022-02-10 06:23:00', '2022-08-30 08:22:17', 4),
	(3, 3, NULL, 'Digital Marketing Strategies to grow your business', 'The interactive nature of digital marketing strategies can help companies expand their customers in a short period of time.', '<div class="table_of_contents_box">\r\n<p><strong>Table of Contents</strong></p>\r\n<ul class="table_of_contents">\r\n<li><a class="goto_sec" href="#overview">Overview</a></li>\r\n<li><a class="goto_sec" href="#digital_marketing">What actually Digital Marketing is?</a></li>\r\n<li><a class="goto_sec" href="#structure_digital_marketing">How to structure a Digital Marketing Strategy?</a>\r\n<ul>\r\n<li><a class="goto_sec" href="#plan">Plan</a></li>\r\n<li><a class="goto_sec" href="#reach">Reach</a></li>\r\n<li><a class="goto_sec" href="#act">Act</a></li>\r\n<li><a class="goto_sec" href="#convert">Convert</a></li>\r\n<li><a class="goto_sec" href="#engage">Engage</a></li>\r\n</ul>\r\n</li>\r\n<li><a class="goto_sec" href="#digital_marketing_tactics">What can be the Digital Marketing Tactics?</a></li>\r\n</ul>\r\n</div>\r\n<p id="overview">Companies that want to learn and adapt to the current business trends may likely reach successful milestones earlier than many others. If you run a small business or own a business and meanwhile managing the digital marketing campaigns on your own, can be difficult and require a lot of effort on your part. But there is always a solution to every problem that needs to be found. Let us offer you a solution that can help you reach the turning point in your online presence and unlock the door to success for your business\' digital growth.</p>\r\n<p>&nbsp;</p>\r\n<h2 id="digital_marketing">What actually Digital Marketing is?</h2>\r\n<p>Digital marketing is the promotion of products or services through various forms of electronic support, based primarily on the Internet. Digital marketing is focused on your entire online marketing exercise. Many companies are already taking advantage of digital marketing over traditional marketing. Unlike traditional marketing, it involves the use of networks and methods to understand the scenario in real-time. This allows organizations to analyze marketing campaigns and take the necessary action. Whatever your business sells, digital marketing can work effectively for any sector. With digital marketing, you can see results much faster than with offline marketing.</p>\r\n<p>The interactive nature of digital marketing strategies can help companies expand their customers in a short period of time. There are four steps to a Successful Digital Marketing strategy:</p>\r\n<ol>\r\n<li>SWOT Analysis</li>\r\n<li>SMART Business Goals</li>\r\n<li>Market Segmentation</li>\r\n<li>Build Buyer Personas</li>\r\n</ol>\r\n<p>&nbsp;</p>\r\n<h2 id="structure_digital_marketing">How to structure a Digital Marketing Strategy?</h2>\r\n<p>The digital marketing strategy helps in reaching your target audience cost-effectively and measurably with the benefits of increasing brand loyalty and conversion rates. Here we will discuss with you the stages of digital marketing strategies that are considered essential to meet business goals and objectives.</p>\r\n<ol>\r\n<li>Plan</li>\r\n<li>Reach</li>\r\n<li>Act</li>\r\n<li>Convert</li>\r\n<li>Engage</li>\r\n</ol>\r\n<p>&nbsp;</p>\r\n<h3 id="plan">1- Plan</h3>\r\n<p>Every successful digital marketing strategy starts with a plan! We encourage you to choose a data-based approach, evaluate your current digital marketing effectiveness, and plan for improvements. Multi-channel planning options include customizing analytics, setting up KPI dashboards, and setting SMART goals to create growth priority strategies for deploying digital marketing media, technology, and data to increase leads and sales. For your digital marketing strategy to work effectively and efficiently, we recommend taking a digitally oriented approach to strategy and planning. <a href="https://cynosuredesigns.co.uk">Cynosure Design\'s</a> digital transformation solutions are designed for marketers and managers to create a fully integrated marketing strategy based on data that supports the overall vision of their business. The goal of digital transformation is to improve the digital maturity of your business while integrating digital marketing activities consistently with the marketing of brands and products within the business. An optimized digital marketing plan includes full enterprise-wide digital marketing integration, a structure testing and optimization program and data integration for 360-degree customer views.</p>\r\n<p>&nbsp;</p>\r\n<h3 id="reach">2- Reach</h3>\r\n<p>Strengthen your marketing funnel by reaching more customers and building knowledge. Present your digital marketing strategy with the latest important online marketing techniques that will increase traffic to your site. Smart Insights members can keep up with the latest marketing techniques at every stage of the strategy Framework. Take a look at the three steps below to improve <a href="https://en.wikipedia.org/wiki/Organic_search_results">organic search</a> in 2022 based on our digital marketing trends.</p>\r\n<ul>\r\n<li>We continue to check for base updates, as many marketers are already reporting significant differences in traffic from the July 2021 core updates.</li>\r\n<li>Track opportunities from structured data and SERP&rsquo;s features.</li>\r\n<li>It\'s important to optimize changes in keyword behavior due to the increase in local voice queries when targeting local buyers.</li>\r\n</ul>\r\n<p>&nbsp;</p>\r\n<p><strong>Read more:</strong> <a href="https://cynosuredesigns.co.uk/blog/how-to-reach-the-right-audience-with-digital-marketing">How to Reach the Right Audience with Digital Marketing</a></p>\r\n<p>&nbsp;</p>\r\n<h3 id="act">3- Act</h3>\r\n<p>Encourage interactions on your website or social media platforms to help you generate leads in the future. Once you reach your audience, it\'s important that you influence their next steps to the purchasing decision.</p>\r\n<p>is where strategic content marketing comes into play. Use <a href="https://en.wikipedia.org/wiki/Content_marketing">content marketing</a> to create, inspire, educate and persuade potential converters throughout their customer lifecycle. You need to look at today\'s wide range of interactive design innovations that demonstrably increase engagement with your content.</p>\r\n<p>&nbsp;</p>\r\n<h3 id="convert">4- Convert</h3>\r\n<p>Of course, the peak of your structured digital marketing strategy is the conversion of more customers. Use retargeting, support, and conversion rate optimization to remind your audience and convince them to shop online or offline when phone and in-person channels are important to you.</p>\r\n<p>Following key analytics show the popularity of social e-commerce:</p>\r\n<ul>\r\n<li>87% of e-commerce shoppers believe that social media can help them make purchasing decisions.</li>\r\n<li>1 in 4 business owners sell via <a href="https://www.facebook.com/">Facebook</a>.</li>\r\n<li>40% of entrepreneurs use social media to generate sales.</li>\r\n<li>30% of consumers say they shop directly through social media platforms.</li>\r\n</ul>\r\n<p>&nbsp;</p>\r\n<h3 id="engage">5- Engage</h3>\r\n<p>After working hard for conversion rates, did you know that you can increase sales by existing customers by engaging them after their first purchase? Enhance your personalized communication with web, email, and <a href="https://cynosuredesigns.co.uk/services/digital-marketing/smm">Social Media Marketing</a> with the data you already have about them to create hyper personalized marketing campaigns.</p>\r\n<p>Options for researching and testing customer engagement for digital marketers today include:</p>\r\n<ul>\r\n<li>Customer persons</li>\r\n<li>Customer paths and content mapping</li>\r\n<li>Voice in customer surveys</li>\r\n<li>Path analysis</li>\r\n<li>Website customer surveys</li>\r\n<li>Usability studies of digital experiences</li>\r\n<li>Multidimensional testing</li>\r\n<li>Insights into consumer behavior</li>\r\n</ul>\r\n<p>View the list of <a href="https://www.designrush.com/agency/digital-agencies/uk/london" target="_blank" rel="noopener"><strong>Digital Agencies in London</strong></a> by DesignRush</p>\r\n<h2 id="digital_marketing_tactics">What can be the Digital Marketing Tactics?</h2>\r\n<p>&nbsp;</p>\r\n<table class="table table-bordered table-responsive">\r\n<tbody>\r\n<tr>\r\n<td>\r\n<p><strong>Search Engine Optimization (SEO)</strong><br />Rank the business Website higher in Google search engine results.</p>\r\n</td>\r\n<td>\r\n<p><strong>Pay Per Click (PPC)</strong><br />Rank the business Website higher in Google search engine results.</p>\r\n</td>\r\n</tr>\r\n<tr>\r\n<td>\r\n<p><strong>Social Media Marketing (SMM)</strong><br />Promoting brand/business on social media channels.</p>\r\n</td>\r\n<td>\r\n<p><strong>Content Marketing</strong><br />Increase brand awareness by storytelling and information sharing.</p>\r\n</td>\r\n</tr>\r\n<tr>\r\n<td>\r\n<p><strong>Email Marketing</strong><br />Where recipients click and open the link in the email.</p>\r\n</td>\r\n<td>\r\n<p><strong>Mobile Marketing</strong><br />Target audience through mobile applications, emails, social media etc</p>\r\n</td>\r\n</tr>\r\n</tbody>\r\n</table>\r\n<p>&nbsp;</p>\r\n<p><strong>For more information contact our <a href="https://cynosuredesigns.co.uk/contact-us">Digital Marketers</a> who will assist you in meeting your needs and requirements.</strong></p>\r\n<p>&nbsp;</p>\r\n<p><strong>Suggested Reads:</strong></p>\r\n<p><a href="https://cynosuredesigns.co.uk/blog/5-major-tips-to-launch-an-effective-digital-marketing-campaign">5 major Tips to Launch an Effective Digital Marketing Campaign</a></p>', 'posts/February2022/49WYuqmZGybJ4kKne1AM.jpg', 'digital-marketing-strategies-to-grow-your-business', 'Latest Digital Marketing strategies to grow your business', 'Want your business to grow? Sharing various adaptable Digital Marketing Strategies and Marketing Trends to boost your business.', 'PUBLISHED', 0, 1, '2022-02-10 07:29:00', '2022-08-18 10:56:22', 5),
	(4, 3, NULL, 'How to Reach the Right Audience with Digital Marketing', 'Digital Marketing should always contact the right audience at the right place at the right time', '<p>Digital Marketing should always contact the right audience at the right place at the right time. Targeting the right people for your brand is extremely important for your business to grow.</p>\r\n<p><br /><img src="https://cynosuredesigns.co.uk/storage/posts/June2022/how-to-reach-the-right-audience.webp" alt="Traffic Preview Of a Site on a TAB" /></p>\r\n<div class="table_of_contents_box">\r\n<p><strong>Table of Contents</strong></p>\r\n<ul class="table_of_contents">\r\n<li><a class="goto_sec" href="#target_audience">What is Target Audience?</a></li>\r\n<li><a class="goto_sec" href="#considerable_audience">What are the considerable Audience Characteristics?</a></li>\r\n<li><a class="goto_sec" href="#how_to_target_audience">How to Target the Right Audience with Digital Marketing?</a>\r\n<ul>\r\n<li><a class="goto_sec" href="#business_offers">Understand What Your Business Offers.</a></li>\r\n<li><a class="goto_sec" href="#audience_persona">Identify Your Audience Persona.</a></li>\r\n<li><a class="goto_sec" href="#organic_keywords">Learn about your Organic Keywords</a></li>\r\n<li><a class="goto_sec" href="#retargeting_customers">Retargeting your Customers</a></li>\r\n</ul>\r\n</li>\r\n</ul>\r\n</div>\r\n<p>If you find the right audience and access, you can adjust the messages to attract the specific area, which increases the likelihood of attracting attention.</p>\r\n<p>Many companies find this element essential for the effectiveness and smooth running of the campaign. Therefore, the market study budget is important to choose for a large part of the functionality.&nbsp;</p>\r\n<p>According to the <a href="https://www.forbes.com/?sh=76bca802254c">Forbes</a> Insights report, 43% of companies spend more than half their budget on achieving a particular goal, and 84% expect investment to increase in the coming years.</p>\r\n<p>&nbsp;</p>\r\n<h2 id="target_audience">What is Target Audience?</h2>\r\n<p>In the world of digital marketing, effective campaigns don\'t reach everyone. To develop an effective digital marketing campaign, <strong>you need to get people who take advantage of what you offer.</strong> The people in this group are called the target audience.</p>\r\n<p>&nbsp;&nbsp;</p>\r\n<h2 id="considerable_audience">What are the considerable Audience Characteristics?</h2>\r\n<p>There are many traits to consider when building the image of your target audience. Here are some characteristics that may affect their level of interest in your business.</p>\r\n<ul>\r\n<li>Age</li>\r\n<li>Location</li>\r\n<li>Gender</li>\r\n<li>Budget</li>\r\n<li>Income level</li>\r\n<li>Interests</li>\r\n<li>Internet search history</li>\r\n<li>Prior purchases</li>\r\n<li>Marital status</li>\r\n<li>Internet device</li>\r\n<li>Religion</li>\r\n<li>And more</li>\r\n</ul>\r\n<p>&nbsp;</p>\r\n<h2 id="how_to_target_audience">How to Target the Right Audience with Digital Marketing?</h2>\r\n<p>Carefully read the steps below to help you reach the right online target audience for your digital marketing campaign.</p>\r\n<p>&nbsp;</p>\r\n<h3 id="business_offers">Understand What Your Business Offers.</h3>\r\n<p>Knowing your product or service is the first step in identifying who you are targeting. Who benefits more from what you provide? What are the unique features of your product? Is your product cost-effective? If you answer these questions, you will understand the outcomes of your digital marketing efforts.</p>\r\n<p>If you are already running your company, you can easily analyze the best customers&rsquo; interests and characteristics to identify a marketing strategy. Your best customer common traits and concerns about the particular products or services will be able to match the existing marketing strategy.</p>\r\n<p>&nbsp;</p>\r\n<h3 id="audience_persona">Identify Your Audience Persona.</h3>\r\n<p>Google Analytics and the search console can tell you what is important to the audience and how and what people do to our store upon arrival. Advertising managers and Facebook Insights can show us the customers\' age, position, location, interest, and behaviour. <a href="https://cynosuredesigns.co.uk/services/digital-marketing/smm">Social media</a> tools can tell what customers think of our products and what other topics are attractive to them.</p>\r\n<p>Use these tools to determine better ideas about the demographic profiles of your audience to understand what is most important and interesting for them. Several tools easily integrate with Bigcommerce to help you in this area. These tools use your business and connected account information and then forward ads to bring more customers to your website.</p>\r\n<p>&nbsp;</p>\r\n<p><img src="https://cynosuredesigns.co.uk/storage/posts/June2022/traffic-preview-of-a-site.webp" alt="Traffic Preview Of a Site on Papers" width="1000" height="668" /></p>\r\n<p>&nbsp;</p>\r\n<h3 id="organic_keywords">Learn about your Organic Keywords</h3>\r\n<p>Organic search is usually the biggest source of traffic for any website. It is important not only to understand the terms people bring to your store but also why those terms are being used.&nbsp;</p>\r\n<p>&nbsp;</p>\r\n<p><strong>Keywords are usually divided into three main categories:</strong></p>\r\n<ol>\r\n<li>Informational Keywords - Used to find a wide variety of topics and items</li>\r\n<li>Navigational Keywords - Used to find specific websites or products</li>\r\n<li>Transactional Keywords - Used to find the product to be purchased</li>\r\n</ol>\r\n<p>&nbsp;</p>\r\n<p>By identifying your search terms and related users, you can develop content to better understand your demands for your audience. Useful content is often found in post blogs, FAQs or resource sections.&nbsp;</p>\r\n<p>You can use tools to check if other websites are already leading for your search terms. These platforms show the number of backlinks, publisher, publication date, and more. Find out a little about what your competitors and the most successful foreign brands are doing, then rebuild with your own brand style.</p>\r\n<p>&nbsp;</p>\r\n<h3 id="retargeting_customers">Retargeting your Customers</h3>\r\n<p>If a customer comes to your store early on their shopping journey through a blog post, display advertisement, or other media, they\'re unlikely to make a shopping visit there. This is predictable and good. You can consider them and bring those customers back to your store by trying to re-target them. 70% of the visitors are retargeted and converted with display ads.</p>\r\n<p>You can use several digital channels to run your campaigns smoothly. Similarly, AdWords, Google Display ads, or <a href="https://www.facebook.com">Facebook</a> are the mediums for retargeting. After understanding your customers and their traits, use digital channels to reach that audience, drive quality traffic, improve on-site engagement, and, most importantly, increase sales. If you are looking to expand your business online, you can hire a <a href="https://cynosuredesigns.co.uk/contact-us">Social Media Marketing agency</a> to help you in your business growth.</p>\r\n<p>&nbsp;</p>\r\n<p><strong>Read more:</strong> <a href="https://cynosuredesigns.co.uk/blog/6-most-effective-digital-marketing-methods-to-grow-your-local-business" target="_blank" rel="noopener">6 Most Effective Digital Marketing Methods To Grow Your Local Business.</a></p>', 'posts/June2022/gNzbbcNTqiQ5lq0mcEk4.webp', 'how-to-reach-the-right-audience-with-digital-marketing', 'How to Reach the Right Audience with Digital Marketing', 'How to reach the right audience with Digital Marketing in this modern era? Sharing various adaptable Digital Marketing tactics to increase your brand awareness.', 'PUBLISHED', 0, 1, '2022-02-10 07:54:00', '2022-08-05 10:31:27', 4),
	(5, 3, NULL, '5 A\'s of successful Digital Marketing Transformation', 'The ability to be efficient, fast, and able to adapt to stay on top with design and technology globally.', '<div class="table_of_contents_box">\r\n<p><strong>Table of Contents</strong></p>\r\n<ul>\r\n<li><a class="goto_sec" href="#overview">Overview</a></li>\r\n<li><a class="goto_sec" href="#what_are_5a_role">What are 5 A\'s and their role in the digital transformation journey?</a>\r\n<ul>\r\n<li><a class="goto_sec" href="#audience_heading">Audience </a></li>\r\n<li><a class="goto_sec" href="#assets_heading">Assets</a></li>\r\n<li><a class="goto_sec" href="#access_heading">Access</a></li>\r\n<li><a class="goto_sec" href="#attribution_heading">Attribution</a></li>\r\n<li><a class="goto_sec" href="#automation_heading">Automation</a></li>\r\n</ul>\r\n</li>\r\n<li><a class="goto_sec" href="#conclusion_heading">Conclusion</a></li>\r\n</ul>\r\n</div>\r\n<p>&nbsp;</p>\r\n<h2 id="overview">Overview</h2>\r\n<p>The digital marketing revolution aims to move from digital complacency to actively seeking digital excellence through adequately optimizing your digital channels. It simply means being efficient, fast, and able to adapt to stay on top of design and technology globally. The processes, systems, and organizational structures that work against these goals are significant in why some digital transformation initiatives fail.</p>\r\n<p>Building on our collective over the digitally transforming companies is undergoing a simplified framework. This framework outlines the four pillars of digital transformation we are witnessing today: IT improvement, digitization operations, digital marketing, and digital business. These four factors are part of most businesses\' successful digital transformation journey.</p>\r\n<p>&nbsp;</p>\r\n<h2 id="what_are_5a_role">What are 5 A\'s and their role in the digital transformation journey?</h2>\r\n<p>&nbsp;</p>\r\n<p>To address the shortfalls and help businesses to grasp the fundamentals of digital transformation, Cynosure Designs have put together the five major fundamental principles, called <strong>5 A\'s</strong>.</p>\r\n<ol>\r\n<li>Audience</li>\r\n<li>Assets</li>\r\n<li>Access</li>\r\n<li>Attribution</li>\r\n<li>Automation</li>\r\n</ol>\r\n<p>&nbsp;</p>\r\n<h3 id="audience_heading">1- Audience: recognize and engage the right people</h3>\r\n<p>A brand that understands its audience is more likely to grab their attention. However, the challenge for marketers is to organize their data sources to identify, understand and interact with potential customers. To give yourself the best chance of doing so, follow these three simple steps:</p>\r\n<ul>\r\n<li>Combine online and offline customer data to get a unified view of your audience across all channels.</li>\r\n<li>Centralize, evaluate and Consolidate your available data into a single tool to segment customers, and understand their intent, purchase journey, and long-term value.</li>\r\n<li>Determine a targeting strategy for the brand to reach your audience anywhere on the shopping trip and in all related media (video, show, search, offline).</li>\r\n</ul>\r\n<p><br /><img src="https://cynosuredesigns.co.uk/storage/posts/July2022/target-audience.webp" alt="Target Audience image on laptop" /></p>\r\n<p>&nbsp;</p>\r\n<p><strong>Read More:</strong> <a href="https://cynosuredesigns.co.uk/blog/how-to-reach-the-right-audience-with-digital-marketing">How to Reach the Right Audience with Digital Marketing</a></p>\r\n<p>&nbsp;</p>\r\n<h3 id="assets_heading">2- Assets: providing the compatible user experience</h3>\r\n<p>After identifying and finding the right audience, you must deliver a compelling customer experience. The challenge for brands is to create equally engaging, compelling experiences across all digital touchpoints (websites, apps, social networks, digital advertising) and real life (at the point of sale, during events).&nbsp;</p>\r\n<ul>\r\n<li>Emphasize simplicity, speed, and convenience in all your channels and messages. In other words, eliminate the friction points in the customer journey, especially on mobile devices.</li>\r\n<li>Produce relevant and context-sensitive ads using audience insights and channel knowledge, and ensure you pick the suitable medium and format for your advertising. For example, the kind of message you convey during a 6-second video ad should be different from a longer-form video ad or banner.</li>\r\n<li>Enrich the user experience with relevant data. Combine your data with audience indicators (search, display, and YouTube for the Google Network) to understand your audience\'s intent and behavior and tailor your ads accordingly.</li>\r\n</ul>\r\n<p>&nbsp;</p>\r\n<h3 id="access_heading">3- Access: increase the reach of your messages to the audience</h3>\r\n<p>If you want to reach your prospects wherever they are on the buying journey, you will have to consider the scope and inventory. And as long as costs are under control, you should have access to as much available inventory as possible. New tools are available to give you a complete view of your media investments to manage contact frequency better, ensure maximum transparency on all media purchases across channels, and meet brand safety standards.</p>\r\n<p>&nbsp;</p>\r\n<h3 id="attribution_heading">4- Attribution: consider each medium of contact</h3>\r\n<p>The attribution model that accounts for the dynamics between channels and devices by analyzing the shopping spree and allocating the appropriate credit allows for much more accurate and meaningful budget decisions. With time, multichannel purchases are increasing. It\'s tough to decide where and how to focus your efforts when you have multiple choices of channels and types of customers.</p>\r\n<p>&nbsp;</p>\r\n<h3 id="automation_heading">5- Automation: improving performance by automating operations</h3>\r\n<p>Automation is not just a long way to cut costs, but it also delivers consistent, helpful, and personalized customer experiences at scale and generates significant revenue benefits.</p>\r\n<p>Digital marketing campaigns create massive amounts of data that can become overwhelming instantly. Machine learning technology can automate prominent keywords, bids, creative assets, targeting, and attribution.&nbsp;</p>\r\n<p><br /><img src="https://cynosuredesigns.co.uk/storage/posts/July2022/digital-transformation.webp" alt="Digital Transformation" /></p>\r\n<h2 id="conclusion_heading">Conclusion</h2>\r\n<p>Audience, Assets, Access, Attribution, and Automation are the 5 New pillars that can help you become a master of digital transformation, delivering rich customer experiences and improved business outcomes.</p>\r\n<p>Digital Marketing transformation is the shift in organizational thinking from traditional marketing channels to digital media.</p>\r\n<p><a href="https://cynosuredesigns.co.uk/contact-us">Contact us</a> for more information!</p>\r\n<p>&nbsp;</p>\r\n<p><strong>Suggested Read:</strong>&nbsp;&nbsp;<a href="https://cynosuredesigns.co.uk/blog/5-major-tips-to-launch-an-effective-digital-marketing-campaign">5 major Tips to Launch an Effective Digital Marketing Campaign</a></p>\r\n<p>&nbsp;</p>', 'posts/February2022/wgCe5c5nDwDnlZj2jaz7.jpg', '5-a-s-of-successful-digital-marketing-transformation', '5 A\'s of successful Digital Marketing Transformation | Cynosure Designs', 'What are the 5 "A" s of successful Digital Marketing Transformation in this modern era? Sharing adaptable Marketing Trends to increase your brand awareness.', 'PUBLISHED', 0, 1, '2022-02-10 08:07:00', '2022-07-04 07:00:35', 5),
	(6, 3, NULL, 'Logo Defines Your Brand', 'A logo is a trademark of a brand or a company that represents every aspect of it.', '<div class="table_of_contents_box">\r\n<p><strong>Table of Contents</strong></p>\r\n<ul>\r\n<li><a class="goto_sec" href="#overview">Overview</a></li>\r\n<li><a class="goto_sec" href="#must_have_logo">What a Logo must-have?</a></li>\r\n<li><a class="goto_sec" href="#why_logo_needed">Why does your Business need a Logo?</a></li>\r\n<li><a class="goto_sec" href="#trending_logo">What are the trending Logos in the Business Market?</a>\r\n<ul>\r\n<li><a class="goto_sec" href="#monogram_heading">Monogram Logos/Lettermarks</a></li>\r\n<li><a class="goto_sec" href="#logo_types">Wordmarks/Logotypes</a></li>\r\n<li><a class="goto_sec" href="#pictorial_marks">Pictorial marks (or logo symbols) </a></li>\r\n<li><a class="goto_sec" href="#mascots">Mascots</a></li>\r\n<li><a class="goto_sec" href="#combination_mark">The combination mark</a></li>\r\n<li><a class="goto_sec" href="#the_emblem">The emblem</a></li>\r\n</ul>\r\n</li>\r\n<li><a class="goto_sec" href="#final_words">Final Words</a></li>\r\n</ul>\r\n</div>\r\n<p>&nbsp;</p>\r\n<h2 id="overview">Overview</h2>\r\n<p>A logo is a trademark of a brand or a company that represents every aspect of it. Many designs and techniques can be used to create a logo. Logo design is a combination of old and new trends and if you are looking for a custom logo design company, Cynosure Designs strives to provide the designs you want.</p>\r\n<p>Let\'s get a few things straight: your logo and your website are not your brands. Your brand is the culmination of the experience, vision, and reputation that people have at your service. Branding is the activity taken to build your brand (strategy). And brand identity is the expression of your brand (logo, typography, color, etc.).</p>\r\n<p>It is worth mentioning that there is no right and wrong way of developing logos and brands. Design and idea generation is an organic process and all of us have our ways of getting to the finish line.&nbsp;</p>\r\n<p>&nbsp;</p>\r\n<h2 id="must_have_logo">What a Logo must have?</h2>\r\n<ul>\r\n<li>There are some basic features that a logo should have at its core.</li>\r\n<li>First of all, the logo must be immediately recognizable.</li>\r\n<li>The logo must be clear and easy to interpret to connect with your audience</li>\r\n<li>Most importantly logo must be simple so it works across multiple media platforms</li>\r\n<li>The logo needs to communicate who you are and what you do in an instant</li>\r\n<li>The logo needs simple colors, great typography, and strong visual element</li>\r\n<li>Logo design must be versatile.</li>\r\n<li>It must be able to personify your brand</li>\r\n<li>and ultimately, the logo must be timeless.</li>\r\n</ul>\r\n<p>If the logo of your choice meets all these requirements, you have everything you need.&nbsp;</p>\r\n<p>&nbsp;</p>\r\n<h2 id="why_logo_needed">Why does your Business need a Logo?</h2>\r\n<p>As said, your logo is important to your business because it expresses ownership, quality, and value. It is published on your products, your business card, <a href="https://cynosuredesigns.co.uk/services/web-development">website design</a>, social media networks, and especially in the minds of your clients.</p>\r\n<p>Your logo is probably one of the first interactions with people and this is your chance to make a strong first impression, show you that you provide quality service, and visually express your goal. The logo plays a vital role that any business can own, and no single design or piece will mean more to a business\'s profile or public image.</p>\r\n<p>&nbsp;</p>\r\n<h2 id="trending_logo">What are the trending Logos in the Business Market?</h2>\r\n<ul>\r\n<li>Monogram Logos/Lettermarks</li>\r\n<li>Wordmarks/Logotypes</li>\r\n<li>Pictorial marks (or logo symbols)</li>\r\n<li>Mascots</li>\r\n<li>The combination mark</li>\r\n<li>The emblem</li>\r\n</ul>\r\n<p>&nbsp;</p>\r\n<h3 id="monogram_heading">Monogram Logos/Lettermarks</h3>\r\n<p>The logos consist of letters, usually the brand initials that represent simplicity and brand identification. CNN, HP, IBM, and HBO have strong typography-based logos.&nbsp;</p>\r\n<p>&nbsp;</p>\r\n<h3 id="logo_types">Wordmarks/Logotypes</h3>\r\n<p>The font-based logo consists of the &ldquo;business name&rdquo; itself. Think of VISA, GOOGLE, and COCA-COLA logos that focus on the brand name and create a strong image.</p>\r\n<p>&nbsp;</p>\r\n<h3 id="pictorial_marks">Pictorial Marks/Logo Symbols&nbsp;</h3>\r\n<p>A graphics-based logo or an icon is strong brand recognition. When it comes to the iconic APPLE logo and the TWITTER logo, they represent the true brand mark and are only the image.&nbsp;&nbsp;<br /><br /></p>\r\n<h3 id="mascots">Mascot Logos</h3>\r\n<p>The logos involve an illustrated character or sometimes a cartoonish image that creates your brand spokesperson. Famous mascots include KFC&rsquo;s Colonel, Kool-Aid Man, and Planters Mr. Peanuts which are appealing to families and children.&nbsp;</p>\r\n<p>&nbsp;</p>\r\n<h3 id="combination_mark">Combination Mark</h3>\r\n<p>The logo is the combination of a wordmark or letter mark, pictorial mark, abstract mark, or mascot. Composing the picture and the text side-by-side or integrating them to create an image. Some well known combination mark logos include Doritos, Burger King, and Lacoste.</p>\r\n<p>&nbsp;</p>\r\n<h3 id="the_emblem">The Emblem</h3>\r\n<p>An Emblem logo consists of a font inside a symbol, icon, or badge, that has a striking impact. The most famous logo designs of Starbucks and Harley-Davidson have a classic stylish appearance.</p>\r\n<p>&nbsp;</p>\r\n<h2 id="final_words">Final Words</h2>\r\n<p>Design matters and you need it! Especially if you want people to give you money and tell the world about you. When you invest in your brand, you give your small business the strength to grow.&nbsp;</p>\r\n<p>Do you have a question about branding or logo design? <a href="https://cynosuredesigns.co.uk/contact-us">Talk to us</a> if you need a professional logo for your business from our experts at Cynosure Designs.</p>\r\n<p><strong>Your logo is the visual foundation of your brand identity!</strong></p>\r\n<p>&nbsp;</p>\r\n<p><strong>Suggested Reads:</strong>&nbsp;<a href="https://cynosuredesigns.co.uk/blog/the-top-3-ux-design-trends-for-2022">The Top 3 UX Design Trends for 2022</a></p>\r\n<p>&nbsp;</p>', 'posts/February2022/RHskZvXhTBnJjPXdINLu.jpg', 'logo-defines-your-brand', 'Innovative logo Describes Your Brand | Cynosure Designs', 'What is the importance of Logo Design in a business? Sharing key factors about why, how, and what type of Logo a business needs in the competitive market.', 'PUBLISHED', 0, 1, '2022-02-10 08:17:00', '2022-07-04 08:16:13', 5),
	(7, 3, NULL, 'Boost your Business Multifold through an Optimized UI/UX Design', 'Having an optimized UI/UX is paramount to getting greater traffic influx and conversions.', '<div class="table_of_contents_box">\r\n<p><strong>Table of Contents</strong></p>\r\n<ul class="table_of_contents">\r\n<li><a class="goto_sec" href="#overview">Overview</a></li>\r\n<li><a class="goto_sec" href="#improve_your_ui">So what can you do to improve your UI/UX?</a></li>\r\n<li><a class="goto_sec" href="#mobile_responsiveness">Mobile Responsiveness</a></li>\r\n<li><a class="goto_sec" href="#the_content">The Content</a></li>\r\n<li><a class="goto_sec" href="#audience_shoes">Put yourself in your Audience&rsquo;s Shoes</a></li>\r\n<li><a class="goto_sec" href="#final_words">Final Words</a></li>\r\n</ul>\r\n</div>\r\n<p id="overview">While the digital landscape has evolved massively since the pandemic, with more businesses turning to digital transformation, many are struggling to stay afloat amidst the overwhelming competition they have in their particular domains. That said, if you are among such businesses, you could still make it big in the digital arena, provided you keep up with the contemporary trends in eCommerce. What good is your website if it&rsquo;s sitting at the bottom of the pile? A staggering 95% of the people don&rsquo;t make it past the first page of the search engine when looking up a service or a product. So how do you climb up the ranks and get more traffic influx? The answer is your <a href="https://cynosuredesigns.co.uk/services/ui-ux-designs">UI/UX</a>.</p>\r\n<p>&nbsp;</p>\r\n<p>When was the last time you went to an ecommerce website and ended up abandoning the purchase simply because the process was too lengthy or complicated? That&rsquo;s exactly what happens when you have a poor UI/UX. It does more than make you lose a few potential customers and also translates into a higher bounce rate which ultimately prompts the search engine to bury you under the tons of competition you have in the market.</p>\r\n<p>&nbsp;</p>\r\n<h2 id="improve_your_ui">So what can you do to improve your UI/UX?</h2>\r\n<p>Optimized UI/UX is paramount to getting a more significant traffic influx and conversions. Here are the top factors that contribute to an optimized <a href="https://cynosuredesigns.co.uk/services/web-development">website design</a>.</p>\r\n<p>&nbsp;</p>\r\n<h2 id="mobile_responsiveness">Mobile Responsiveness</h2>\r\n<p>If your website design is not mobile responsive, you are missing out on a big chunk of traffic captured by your competitors. <a href="http://www.google.com/">Google</a> is negatively marking you for not entertaining the people searching from mobile devices. Google rolled out its mobile-first indexing policy in 2019, keeping in view that mobile traffic would soon surpass desktop traffic. According to the latest study by Statista, a staggering 54.8% of the global web traffic is coming in through mobile devices. So if you have not already, make your website mobile responsive for better online rankings.</p>\r\n<p>&nbsp;</p>\r\n<h2 id="the_content">The Content</h2>\r\n<p>Like it or not, quality content still holds the throne in <a href="https://en.wikipedia.org/wiki/Digital_marketing">online marketing</a>. What makes your content stand out when millions of other websites offer similar information about a specific product or service? It mostly boils down to how detailed, informative and well-sorted it is. The last thing you want is for your visitors to be entangled in unnecessary information they have no use for.</p>\r\n<p>&nbsp;</p>\r\n<h2 id="audience_shoes">Put yourself in your Audience&rsquo;s Shoes.</h2>\r\n<p>Understanding the user intent is the essential aspect of any website design. Knowing what your user wants when visiting a particular page can make a difference. For instance, if a user is looking to buy something, it would be unwise to greet them with lengthy content and not show the product. Similarly, if a user is at the top of the funnel and is in the research phase, they are just not ready to bombard by your special discount offers. A little due Diligence would go a long way.</p>\r\n<p>It is very much possible that you have played all the right cards but are still far behind your competitors, and that&rsquo;s because they are doing something that you are not. Doing some industry research early on can save you a lot of trouble. It would help to know what your competitors sitting right up at the top are doing differently.</p>\r\n<p>&nbsp;</p>\r\n<h2 id="final_words">Final Words</h2>\r\n<p>As much as we wish, there isn&rsquo;t a universal solution in website design. Yet, it is one thing that has the potential to make you an industry leader or irrelevant amongst the growing competition online. Offering a seamless experience to your users sure sounds easy, but there is a lot more to it than meets the eye, which is why you need a <a href="https://cynosuredesigns.co.uk/contact-us">professional UI/UX agency</a> to make your design stand out. Whether you are looking to get a new business website or want to revamp your existing one, <a href="https://cynosuredesigns.co.uk/">Cynosure Designs</a> is a one-click solution to all your design requirements.</p>\r\n<p>&nbsp;</p>\r\n<p><strong>Suggested Reads:</strong></p>\r\n<p><a href="https://cynosuredesigns.co.uk/blog/the-top-3-ux-design-trends-for-2022">The Top 3 UX Design Trends for 2022</a></p>', 'posts/February2022/IhXMBVFVVxOE7x7lnZfg.jpg', 'boost-your-business-multifold-through-an-optimized-ui-ux-design', 'Boost your business through an optimized UI/UX Design', 'Providing essential guidelines to boost your business multifold through an optimized UI/UX design of your website in this digital era.', 'PUBLISHED', 0, 1, '2022-02-10 08:43:00', '2022-07-25 09:56:11', 3),
	(8, 3, NULL, '5 major Tips to Launch an Effective Digital Marketing Campaign', 'In today\'s world, effective digital marketing campaigns are essential to increase your audience and brand awareness', '<p>5 major Tips to Launch an Effective Digital Marketing Campaign</p>\r\n<div class="table_of_contents_box">\r\n<p><strong>Table of Contents</strong></p>\r\n<ul class="table_of_contents">\r\n<li><a class="goto_sec" href="#overview">Overview</a></li>\r\n<li><a class="goto_sec" href="#5_tips">What are the top 5 tips for launching an Effective Digital Marketing Campaign to level your business?</a></li>\r\n<li><a class="goto_sec" href="#compain_goals">Determine your Campaign Goals</a></li>\r\n<li><a class="goto_sec" href="#target_audience">Understand your Target Audience</a></li>\r\n<li><a class="goto_sec" href="#competitor_analysis">Execute Competitor Analysis</a></li>\r\n<li><a class="goto_sec" href="#creative_content">Come up with the Creative Content</a></li>\r\n<li><a class="goto_sec" href="#customer_interaction">Customer Interaction is the Key Factor</a></li>\r\n</ul>\r\n</div>\r\n<p>&nbsp;</p>\r\n<p id="overview">In today\'s world, effective digital marketing campaigns are essential to increase your audience and brand awareness. If you don\'t have a significant online presence, your business may not exist. Digital marketing campaigns have many parts that are essential to their overall success. It\'s important not only to focus individually on each of these areas but also to understand how they work together to ensure the success of your campaign. Your web presence is a valuable tool because billions of people worldwide search for and interact with your online business. Digital marketing for your business means reaching hundreds of customers in seconds. That\'s why real-world digital marketing campaigns make your business stand out.</p>\r\n<p>&nbsp;</p>\r\n<h2 id="5_tips">What are the top 5 tips for launching an Effective Digital Marketing Campaign to level your business?</h2>\r\n<p><a href="https://cynosuredesigns.co.uk/">Cynosure Designs</a> shared these top five tips to keep in mind when creating your digital marketing campaign, adequate for your business/brand.</p>\r\n<p>&nbsp;</p>\r\n<h2 id="compain_goals">1- Determine your Campaign Goals</h2>\r\n<p>This section will help you to create the basics of your <a href="https://cynosuredesigns.co.uk/services/digital-marketing/smm">digital marketing</a> campaign, outlining whatever you want to achieve from your campaign. While making goals, it is necessary to determine the benchmarks for success and campaign limitations. You will also need to create messages and try to promote your digital marketing campaign. Some of the successful marketing campaigns are:</p>\r\n<ol>\r\n<li>Social Media Marketing</li>\r\n<li>Blogging</li>\r\n<li>Website</li>\r\n<li>SEO Marketing</li>\r\n<li>Email Marketing</li>\r\n<li>Paid Media Marketing</li>\r\n</ol>\r\n<p>&nbsp;</p>\r\n<h2 id="target_audience">2- Understand your Target Audience</h2>\r\n<p>It is crucial to determine your target audience to pick up your marketing campaign. If you do not know your target group, you will lead a waste of time and money, and if you can create a campaign with your targeted audience, that will be more successful. Use data on the audience\'s demographics and behaviour. Take into account the target group and their profile information such as age, sex and geographical location. It is also essential to know about the audience\'s purchasing habits and communication style. Social media advertisement gives you access to many users that match your target audience\'s niche. These ads can also be affordable and provide essential reach and response rate data.</p>\r\n<p>Consider your target audience and their unique needs to create the most effective campaigns. What problems can you solve for them? Think of your marketing in terms of the target audience to make your message more effective and how your products and services help their lifestyle?</p>\r\n<p>&nbsp;</p>\r\n<h2 id="competitor_analysis">3- Execute Competitor Analysis</h2>\r\n<p>Markets are highly competitive, and online marketing is often saturated. Performing a comprehensive competitor analysis is essential to your marketing campaign. This can give you a good idea of ​​which strategy will work for you and also helps determine which marketing tools can be implemented more.</p>\r\n<p>Engaging with social media is essential for the success of your digital marketing campaigns. Find out how often your competitors share posts and compare the number of likes and comments for posts on your Page. <a href="https://en.wikipedia.org/wiki/Social_media">Social media</a> is a great place to start a comparison. The number of users who like your competitor\'s Page can give you an idea of ​​how your growth compares to others in your industry. Focus on the most successful brands in increasing their audience and think about the strategies they use to increase brand awareness.</p>\r\n<p>&nbsp;</p>\r\n<h2 id="creative_content">4- Come up with the Creative Content</h2>\r\n<p>There is a lot of freedom for creativity in today\'s internet world. Most people with online access are exposed to many advertisements daily. That\'s why your marketing campaign should be prominent.</p>\r\n<p>Make sure you add unique and creative content that matches well with your audience. Do something that grabs attention, whether it be a video, photo or gif. Today\'s average consumer is running out of time. Keep your content light, textured and engaging! Use bold titles and short sentences to catch the eye with attractive taglines and <a href="http://best-hashtags.com/">hashtags</a> to gain attention.</p>\r\n<p>&nbsp;</p>\r\n<h2 id="customer_interaction">5- Customer Interaction is the Key Factor</h2>\r\n<p>When creating a campaign, remember that your customers can interact with you. Your business may receive various questions about the campaign. This is your chance to build a great relationship with your audience and create a great customer experience.</p>\r\n<p>Plus, it\'s a great way to research your audience. Following up on their FAQs can help you better understand their wants and needs. Keep your visitors interested and actively communicate with you. Follow-up is necessary because customers often get distracted and leave the site without purchasing or committing to the product. Provide the additional information they need and ask them about what benefits they are looking for in your product.</p>\r\n<p><strong>BETTER MARKETING, BETTER RETURN ON INVESTMENT!</strong></p>\r\n<p>&nbsp;</p>\r\n<p><strong>Suggested Reads:</strong></p>\r\n<p><a href="https://cynosuredesigns.co.uk/blog/5-digital-marketing-trends-to-be-on-the-lookout-for-in-2022">5 digital marketing trends to be on the lookout for in 2022</a></p>', 'posts/February2022/DQLK53eKPynWZ7LyAOXH.jpg', '5-major-tips-to-launch-an-effective-digital-marketing-campaign', 'Tips to Launch an Effective Digital Marketing Campaign', 'Providing 5 major tips to launch effective Digital Marketing Campaigns that would gain audience attention and increase brand awareness.', 'PUBLISHED', 0, 1, '2022-02-11 07:44:00', '2022-07-25 09:54:06', 4),
	(9, 4, NULL, 'What can a digital marketing company do for your business in two steps?', 'Let us tell you in two points how digital marketing can help you in a higher ROI.', '<p><strong>Table of Contents</strong></p>\r\n<div class="table_of_contents_box">\r\n<ul class="table_of_contents">\r\n<li><a class="goto_sec" href="#history">History of digital marketing </a></li>\r\n<li><a class="goto_sec" href="#tell_your_customers">Tell your customers that you exist</a></li>\r\n<li><a class="goto_sec" href="#keep_track">Keep track of your customer&rsquo;s actions</a></li>\r\n<li><a class="goto_sec" href="#final_thoughts">Final Thoughts </a></li>\r\n</ul>\r\n</div>\r\n<p id="history">Digital marketing came into existence back in the 1990s with the development of the Web 1.0 platform. This platform allowed users to search but they couldn\'t share anything. Have you ever anticipated it being catapulted this far? Well, nobody did!</p>\r\n<p>Let us tell you in two points how digital marketing can help you in a higher ROI.</p>\r\n<p>Without having to invest a lot of money or time assembling an in-house team, digital marketing services may help you accelerate the ROI of your marketing effort. In this article, we\'ll discuss what a digital marketing firm can do to help you <a href="https://cynosuredesigns.co.uk/services/marketing-strategy">perform better</a>, especially what services you can presume they manage for you.</p>\r\n<p>&nbsp;</p>\r\n<h2 id="tell_your_customers">Tell Your Customers That You Exist</h2>\r\n<p>Well, you might think that prior to <a href="https://cynosuredesigns.co.uk/services/digital-marketing">digital marketing</a>, businesses were running successfully and they were getting recognized in the market without any digital appearance. People didn\'t have smart devices to waste their time with back then. People would just watch TV, read a newspaper, or glance at billboards to pass the time on their route to another town or city. This is how they would know about a brand&rsquo;s new branch nearby or about a new product.</p>\r\n<p>In today&rsquo;s world where people are always on their phones, scrolling up and down swapping applications, their immediate source of information is digital media. Whatever they learn or get informed about is through digital media. So, reaching out to them through digital media is the foremost technique. But you must be wondering how to do that. Well, this is what a digital marketing company is for.</p>\r\n<p>They will help your business to get recognized by your potential customers using different tools and techniques that they are proficient in. <a href="https://cynosuredesigns.co.uk/services/digital-marketing/smm">Social media marketing</a>, email marketing, search engine optimization, sponsored advertising, and/or influencer marketing are examples of various strategies.</p>\r\n<p>&nbsp;</p>\r\n<h2 id="keep_track">Keep Track Of Your Customers\' Actions</h2>\r\n<p>Previously, the best an advertisement company could do was, transmit your business motto to your clients or display what you are doing in your business through billboards or TV advertisements. But now, you can know as a business owner how many of the customers have seen your message or how many of the clients are interested in buying what you are selling. Doesn\'t that sound interesting to you?</p>\r\n<p>&nbsp;</p>\r\n<h2 id="final_thoughts">Final Thoughts</h2>\r\n<p>But wait, what are you going to do with this information? Well, if a company knows what its consumers want, it can promptly manufacture what sells. Knowing the demand before launching anything is a major hit for the firm, and the likelihood of larger revenue is higher than that of unknown demand by clients.</p>\r\n<p>This is not the end, the services are as extensive as <a href="https://cynosuredesigns.co.uk/">digital marketing</a>.</p>\r\n<p>&nbsp;</p>\r\n<p>So, what are you waiting for? <a href="https://cynosuredesigns.co.uk/contact-us">Let&rsquo;s talk about it now!</a></p>', 'posts/February2022/a73kHWSO6ZJ9yBoIKLNR.jpg', 'what-can-a-digital-marketing-company-do-for-your-business-in-two-steps', 'Digital Marketing in two steps | Cynosure Designs', 'Digital marketing came into existence back in the 1990s with the development of the Web 1.0 platform', 'PUBLISHED', 0, 0, '2022-02-15 10:18:00', '2022-07-26 08:58:59', 2),
	(10, 3, NULL, '6 Most Effective Digital Marketing Methods To Grow Your Local Business', 'It\'s important to get involved in digital marketing to attract more local clients.', '<p>&nbsp;</p>\r\n<div class="table_of_contents_box">\r\n<p><strong>Table of Contents</strong></p>\r\n<ul>\r\n<li><a class="goto_sec" href="#overview">Overview</a></li>\r\n<li><a class="goto_sec" href="#search_engine_optimization">Search Engine Optimization</a></li>\r\n<li><a class="goto_sec" href="#content_marketing">Content Marketing</a></li>\r\n<li><a class="goto_sec" href="#youtube_ads">Youtube Ads</a></li>\r\n<li><a class="goto_sec" href="#facebook_ads">Facebook Advertisements</a></li>\r\n<li><a class="goto_sec" href="#insta_ads">Instagram Ads</a></li>\r\n<li><a class="goto_sec" href="#email_marketing">Email Marketing</a></li>\r\n<li><a class="goto_sec" href="#final_thoughts">Final Thoughts</a></li>\r\n</ul>\r\n</div>\r\n<p>&nbsp;</p>\r\n<h2 id="overview">Overview</h2>\r\n<p>If you have a local business, getting involved in digital marketing is essential to attract more local clients. However, with today\'s online advertising opportunities, it\'s easier than ever to target an audience in your area and help them learn about your business. Digital marketing is essential if you want your business to be successful. From helping to attract new customers to increasing sales, the right digital marketing strategy can take your business to new heights.</p>\r\n<p><strong>Here are six ways to grow your local business through digital marketing.</strong></p>\r\n<p>&nbsp;</p>\r\n<ol>\r\n<li>Search Engine Optimization</li>\r\n<li>Content marketing</li>\r\n<li>Youtube Ads</li>\r\n<li>Facebook Advertisements</li>\r\n<li>Instagram Ads</li>\r\n<li>Email marketing</li>\r\n</ol>\r\n<p>&nbsp;</p>\r\n<h2 id="search_engine_optimization">Search Engine Optimization</h2>\r\n<p>Website optimization will improve your company\'s online presence. SEO is vital in improving the quality and quantity of website traffic to a website or a web page from search engines. Search Engine Optimization is the most practical and effective way to understand customers and reach them, as it provides the best way to understand the voice of the consumers. However, it is a long-term strategy and ultimately increases engagement, traffic and conversion rates by building trust and credibility.&nbsp;</p>\r\n<p>&nbsp;</p>\r\n<h2 id="content_marketing">Content marketing</h2>\r\n<p>Content marketing can also help with SEO rankings. This content describes adding blog posts to your company\'s website to rank higher and attract local customers. The content you create communicates your message, educates your readers, and persuades them to buy your products and services ahead of the competition. Content marketing plays a vital role in achieving business goals such as brand recognition, audience engagement and lead generation.</p>\r\n<p>&nbsp;</p>\r\n<p><img src="https://cynosuredesigns.co.uk/storage/posts/July2022/content-marketing.webp" alt="content is king on mobile" /></p>\r\n<p><strong>Read More:</strong> <a href="https://cynosuredesigns.co.uk/blog/5-major-tips-to-launch-an-effective-digital-marketing-campaign">5 Major Tips To Launch An Effective Digital Marketing Campaign</a></p>\r\n<p>&nbsp;</p>\r\n<h2 id="youtube_ads">Youtube Ads</h2>\r\n<p>YouTube ads can also appeal to your audience. They are the most effective form of paid traffic because they leverage a user\'s search history with Google\'s artificial intelligence. Google recommends this because AI sends a message to an entire audience for a fraction of the cost of <a href="https://ads.google.com/intl/en_uk/home/">Google AdWords</a>, which means higher ROI for your business.&nbsp;</p>\r\n<p>&nbsp;</p>\r\n<h2 id="facebook_ads">Facebook Advertisements</h2>\r\n<p>Many local businesses use <a href="https://www.facebook.com/business/ads">Facebook ads</a> because it\'s easy to create a target audience on the site. However, the sales funnel included in advertising should optimize conversions. Facebook ads cannot fix the bad funnel - they\'re just improving the results you already have. If your funnel does not convert, you will be wasting money. Try different paths with a small audience, and then make changes before spending your entire marketing budget.</p>\r\n<p>&nbsp;</p>\r\n<h2 id="insta_ads">Instagram Ads</h2>\r\n<p>Instagram is still the perfect place to connect with customers in your area with features such as location tags and hashtags in your city or state. From here, you can reach potential customers with large followers and offer them a free product or service in exchange for an Instagram story or post. You need to bring <a href="https://cynosuredesigns.co.uk/services/digital-marketing/smm">social media</a> back into the human experience - being honest and connecting with other companies on social media can help build a real community. To get started, plug your city into the Locations tab and see which small businesses are popping up.<br /><br /></p>\r\n<h2 id="email_marketing">Email marketing</h2>\r\n<p>Engaging in email marketing today is a great way to retain your customers. There are several creative ways to create an email list for your customers. Above all, email marketing allows you to build relationships with potential customers and past customers. You can have the opportunity to chat with them directly in their inbox at a time that suits them. Combined with the right messages, email can be one of your most influential marketing channels.</p>\r\n<p>&nbsp;</p>\r\n<p><img src="https://cynosuredesigns.co.uk/storage/posts/July2022/social-media-marketing.webp" alt="person drawing Social Media Marketing" width="1600" height="900" /></p>\r\n<p>&nbsp;</p>\r\n<h2 id="final_thoughts">Final Thoughts</h2>\r\n<p>The best way to build a brand is to build an identification in the marketing world. Investing in marketing campaigns will increase your visibility, build a brand name, and gain a competitive edge. This will help you attract new clients and increase the ROI for your business. If you want to help benefit your company with digital marketing, <a href="https://cynosuredesigns.co.uk/contact-us">speak to us</a> today without hesitation.&nbsp;</p>\r\n<p><strong>Everything you need to Grab the Audience\'s Attention</strong></p>\r\n<p>&nbsp;</p>\r\n<p><strong>Suggested Reads:</strong> <a href="https://cynosuredesigns.co.uk/blog/5-digital-marketing-trends-to-be-on-the-lookout-for-in-2022">5 Digital Marketing Trends To Be On The Lookout For In 2022</a></p>', 'posts/July2022/fZ6sszXXI81Ws2Q0SR27.webp', '6-most-effective-digital-marketing-methods-to-grow-your-local-business', '6 Effective Digital Marketing Methods | Cynosure Designs', 'From helping to attract new customers to increase sales, the right digital marketing strategy can take your business to new heights.', 'PUBLISHED', 0, 1, '2022-03-04 07:41:00', '2022-07-04 05:50:18', 2),
	(11, 3, NULL, 'Magento Versions to build your E-Commerce Business', 'Magento is an open source e-commerce platform that provides customers with a multi-channel experience.', '<p dir="ltr" style="line-height: 1.38; margin-top: 0pt; margin-bottom: 0pt;"><span style="font-size: 17pt; font-family: Calibri, sans-serif; color: #000000; background-color: transparent; font-weight: bold; font-style: normal; font-variant-ligatures: normal; font-variant-caps: normal; font-variant-east-asian: normal; font-variant-position: normal; text-decoration: none; vertical-align: baseline; white-space: pre-wrap;">Overview</span></p>\r\n<p dir="ltr" style="line-height: 1.38; margin-top: 0pt; margin-bottom: 0pt;"><strong id="docs-internal-guid-431f0dac-7fff-b9e6-a255-b346fed7d789" style="font-style: normal; font-variant-caps: normal; letter-spacing: normal; orphans: auto; text-align: start; text-indent: 0px; text-transform: none; white-space: normal; widows: auto; word-spacing: 0px; -webkit-text-size-adjust: auto; -webkit-text-stroke-width: 0px; text-decoration: none; caret-color: #000000; color: #000000; font-weight: normal;">&nbsp;</strong></p>\r\n<p dir="ltr" style="line-height: 1.38; margin-top: 0pt; margin-bottom: 0pt;"><span style="font-size: 15pt; font-family: Calibri, sans-serif; color: #000000; background-color: transparent; font-weight: 400; font-style: normal; font-variant-ligatures: normal; font-variant-caps: normal; font-variant-east-asian: normal; font-variant-position: normal; text-decoration: none; vertical-align: baseline; white-space: pre-wrap;">Magento was first released in 2008 and is an open source e-commerce platform written in PHP that provides your customers with a multi-channel experience. It uses many other PHP frameworks, such as Laminas and Symfony.</span></p>\r\n<p dir="ltr" style="line-height: 1.38; margin-top: 0pt; margin-bottom: 0pt;"><span style="font-size: 15pt; font-family: Calibri, sans-serif; color: #000000; background-color: transparent; font-weight: 400; font-style: normal; font-variant-ligatures: normal; font-variant-caps: normal; font-variant-east-asian: normal; font-variant-position: normal; text-decoration: none; vertical-align: baseline; white-space: pre-wrap;">Cynosure Designs will help you find your way around and will give you an overview of the different methods and versions of Magenta that can be used to build an online store.</span></p>\r\n<p dir="ltr" style="line-height: 1.5; background-color: #ffffff; margin-top: 0pt; margin-bottom: 24pt; padding: 24pt 0pt 0pt;"><span style="font-size: 17pt; font-family: Calibri, sans-serif; color: #000000; background-color: transparent; font-weight: bold; font-style: normal; font-variant-ligatures: normal; font-variant-caps: normal; font-variant-east-asian: normal; font-variant-position: normal; text-decoration: none; vertical-align: baseline; white-space: pre-wrap;">2 Basic Methods for Magento Website Development&nbsp;</span></p>\r\n<ol>\r\n<li dir="ltr" style="line-height: 1.38;" role="presentation"><span style="font-size: 15pt; font-family: Calibri, sans-serif; color: #000000; background-color: transparent; font-weight: 400; font-style: normal; font-variant-ligatures: normal; font-variant-caps: normal; font-variant-east-asian: normal; font-variant-position: normal; text-decoration: none; vertical-align: baseline; white-space: pre-wrap;">Build a new Magento website from scratch</span></li>\r\n<li dir="ltr" style="line-height: 1.38;" role="presentation"><span style="font-size: 15pt; font-family: Calibri, sans-serif; color: #000000; background-color: transparent; font-weight: 400; font-style: normal; font-variant-ligatures: normal; font-variant-caps: normal; font-variant-east-asian: normal; font-variant-position: normal; text-decoration: none; vertical-align: baseline; white-space: pre-wrap;">Migrate from a different ecommerce platform to Magento.</span></li>\r\n</ol>\r\n<p>&nbsp;</p>\r\n<p><img style="margin-left: 0px; margin-top: 0px;" src="https://lh6.googleusercontent.com/MSKMCvXGf3UzjGaKhq93CCgPqa8qjguxhfXNnx6VJGnGgPHG_5hRKLyBZyvQCRPBPKg2UTbxWfcz-lWANd8qqeDm-U_d-oS5WGYqvc1Zw3xCyxqX0FadeojcxmLuREecKbhfGfz1" width="624" height="403" /></p>\r\n<p dir="ltr" style="line-height: 1.38; margin-top: 0pt; margin-bottom: 0pt;"><strong style="font-style: normal; font-variant-caps: normal; letter-spacing: normal; orphans: auto; text-align: start; text-indent: 0px; text-transform: none; white-space: normal; widows: auto; word-spacing: 0px; -webkit-text-size-adjust: auto; -webkit-text-stroke-width: 0px; text-decoration: none; caret-color: #000000; color: #000000; font-weight: normal;">&nbsp;</strong></p>\r\n<p dir="ltr" style="line-height: 1.38; margin-top: 0pt; margin-bottom: 0pt;">&nbsp;</p>\r\n<p dir="ltr" style="line-height: 1.38; margin-top: 0pt; margin-bottom: 0pt;"><span style="font-size: 17pt; font-family: Calibri, sans-serif; color: #000000; background-color: transparent; font-weight: bold; font-style: normal; font-variant-ligatures: normal; font-variant-caps: normal; font-variant-east-asian: normal; font-variant-position: normal; text-decoration: none; vertical-align: baseline; white-space: pre-wrap;">Cynosure Designs helps Businesses with supporting versions, Magento 1 and 2.</span></p>\r\n<p dir="ltr" style="line-height: 1.38; margin-top: 0pt; margin-bottom: 0pt;"><strong style="font-style: normal; font-variant-caps: normal; letter-spacing: normal; orphans: auto; text-align: start; text-indent: 0px; text-transform: none; white-space: normal; widows: auto; word-spacing: 0px; -webkit-text-size-adjust: auto; -webkit-text-stroke-width: 0px; text-decoration: none; caret-color: #000000; color: #000000; font-weight: normal;">&nbsp;</strong></p>\r\n<p dir="ltr" style="line-height: 1.38; margin-top: 0pt; margin-bottom: 0pt;"><span style="font-size: 15pt; font-family: Calibri, sans-serif; color: #000000; background-color: transparent; font-weight: bold; font-style: normal; font-variant-ligatures: normal; font-variant-caps: normal; font-variant-east-asian: normal; font-variant-position: normal; text-decoration: none; vertical-align: baseline; white-space: pre-wrap;">Magento 1</span><span style="font-size: 15pt; font-family: Calibri, sans-serif; color: #000000; background-color: transparent; font-weight: 400; font-style: normal; font-variant-ligatures: normal; font-variant-caps: normal; font-variant-east-asian: normal; font-variant-position: normal; text-decoration: none; vertical-align: baseline; white-space: pre-wrap;"> is the most robust version of Magento and it is still very popular today while Magento 2 is far from comparable in popularity. Magento 1 is almost obsolete, so its use can be dangerous. But it\'s still the easiest way to get started with Magento, with a simple installation process and a well-built architecture. As a result, it will be able to support the community in the long term, even if official support ends at the end of 2018. In addition, there are many tools to transfer your code and data from Magento 1 to Magento 2 if you feel ready to upgrade your store to version 2, so there will be no problem when the time comes for Magento 2 to take over.</span></p>\r\n<p dir="ltr" style="line-height: 1.38; margin-top: 0pt; margin-bottom: 0pt;"><strong style="font-style: normal; font-variant-caps: normal; letter-spacing: normal; orphans: auto; text-align: start; text-indent: 0px; text-transform: none; white-space: normal; widows: auto; word-spacing: 0px; -webkit-text-size-adjust: auto; -webkit-text-stroke-width: 0px; text-decoration: none; caret-color: #000000; color: #000000; font-weight: normal;">&nbsp;</strong></p>\r\n<p dir="ltr" style="line-height: 1.38; margin-top: 0pt; margin-bottom: 0pt;"><span style="font-size: 15pt; font-family: Calibri, sans-serif; color: #000000; background-color: transparent; font-weight: bold; font-style: normal; font-variant-ligatures: normal; font-variant-caps: normal; font-variant-east-asian: normal; font-variant-position: normal; text-decoration: none; vertical-align: baseline; white-space: pre-wrap;">Magento 2</span><span style="font-size: 15pt; font-family: Calibri, sans-serif; color: #000000; background-color: transparent; font-weight: 400; font-style: normal; font-variant-ligatures: normal; font-variant-caps: normal; font-variant-east-asian: normal; font-variant-position: normal; text-decoration: none; vertical-align: baseline; white-space: pre-wrap;"> was released in 2015 and its popularity is growing rapidly, especially with the latest updates. This version has many features that speed up web development and allow customization in a more structured way than Magento 1. However, it is a much larger piece of software, so it is also more complex. Its installation requires more effort and more technical skills to understand the new development channel. However, it is important to note that the extensions are more expensive for Magento 2 than its predecessor, as its design requires additional technological knowledge.</span></p>\r\n<p dir="ltr" style="line-height: 1.38; margin-top: 0pt; margin-bottom: 0pt;"><strong style="font-style: normal; font-variant-caps: normal; letter-spacing: normal; orphans: auto; text-align: start; text-indent: 0px; text-transform: none; white-space: normal; widows: auto; word-spacing: 0px; -webkit-text-size-adjust: auto; -webkit-text-stroke-width: 0px; text-decoration: none; caret-color: #000000; color: #000000; font-weight: normal;">&nbsp;</strong></p>\r\n<p dir="ltr" style="line-height: 1.38; margin-top: 0pt; margin-bottom: 0pt;"><span style="font-size: 15pt; font-family: Calibri, sans-serif; color: #000000; background-color: transparent; font-weight: 400; font-style: normal; font-variant-ligatures: normal; font-variant-caps: normal; font-variant-east-asian: normal; font-variant-position: normal; text-decoration: none; vertical-align: baseline; white-space: pre-wrap;">Unlike Magento 1, Magento 2 supports many of the latest ready-made technologies, such as PHP 7, which offer significant performance improvements, image compression, improved browser caching, and the ability to use Varnish caching without a third-party extension.&nbsp;</span></p>\r\n<p dir="ltr" style="line-height: 1.38; margin-top: 0pt; margin-bottom: 0pt;"><strong style="font-style: normal; font-variant-caps: normal; letter-spacing: normal; orphans: auto; text-align: start; text-indent: 0px; text-transform: none; white-space: normal; widows: auto; word-spacing: 0px; -webkit-text-size-adjust: auto; -webkit-text-stroke-width: 0px; text-decoration: none; caret-color: #000000; color: #000000; font-weight: normal;">&nbsp;</strong></p>\r\n<p dir="ltr" style="line-height: 1.38; margin-top: 0pt; margin-bottom: 0pt;"><span style="font-size: 17pt; font-family: Calibri, sans-serif; color: #000000; background-color: transparent; font-weight: bold; font-style: normal; font-variant-ligatures: normal; font-variant-caps: normal; font-variant-east-asian: normal; font-variant-position: normal; text-decoration: none; vertical-align: baseline; white-space: pre-wrap;">Which is better? Magento 1 or Magento 2&nbsp;</span></p>\r\n<p dir="ltr" style="line-height: 1.38; margin-top: 0pt; margin-bottom: 0pt;"><strong style="font-style: normal; font-variant-caps: normal; letter-spacing: normal; orphans: auto; text-align: start; text-indent: 0px; text-transform: none; white-space: normal; widows: auto; word-spacing: 0px; -webkit-text-size-adjust: auto; -webkit-text-stroke-width: 0px; text-decoration: none; caret-color: #000000; color: #000000; font-weight: normal;">&nbsp;</strong></p>\r\n<p dir="ltr" style="line-height: 1.38; margin-top: 0pt; margin-bottom: 0pt;"><span style="font-size: 15pt; font-family: Calibri, sans-serif; color: #000000; background-color: transparent; font-weight: 400; font-style: normal; font-variant-ligatures: normal; font-variant-caps: normal; font-variant-east-asian: normal; font-variant-position: normal; text-decoration: none; vertical-align: baseline; white-space: pre-wrap;">Magento 2 is faster, SEO friendly and more user friendly than Magento 1. Magento 2 supports the latest PHP and this improves the overall speed of the site. It may require more orders per hour and the site will load faster than Magento 1. Although Magento 2 has many performance improvements over Magento 1, you need to be proactive in optimizing the speed of your site.</span></p>\r\n<p dir="ltr" style="line-height: 1.38; margin-top: 0pt; margin-bottom: 0pt;"><strong style="font-style: normal; font-variant-caps: normal; letter-spacing: normal; orphans: auto; text-align: start; text-indent: 0px; text-transform: none; white-space: normal; widows: auto; word-spacing: 0px; -webkit-text-size-adjust: auto; -webkit-text-stroke-width: 0px; text-decoration: none; caret-color: #000000; color: #000000; font-weight: normal;">&nbsp;</strong></p>\r\n<p dir="ltr" style="line-height: 1.38; margin-top: 0pt; margin-bottom: 0pt;"><span style="font-size: 17pt; font-family: Calibri, sans-serif; color: #000000; background-color: transparent; font-weight: bold; font-style: normal; font-variant-ligatures: normal; font-variant-caps: normal; font-variant-east-asian: normal; font-variant-position: normal; text-decoration: none; vertical-align: baseline; white-space: pre-wrap;">Magento will always stay here</span></p>\r\n<p dir="ltr" style="line-height: 1.38; margin-top: 0pt; margin-bottom: 0pt;"><strong style="font-style: normal; font-variant-caps: normal; letter-spacing: normal; orphans: auto; text-align: start; text-indent: 0px; text-transform: none; white-space: normal; widows: auto; word-spacing: 0px; -webkit-text-size-adjust: auto; -webkit-text-stroke-width: 0px; text-decoration: none; caret-color: #000000; color: #000000; font-weight: normal;">&nbsp;</strong></p>\r\n<p dir="ltr" style="line-height: 1.38; margin-top: 0pt; margin-bottom: 0pt;"><span style="font-size: 15pt; font-family: Calibri, sans-serif; color: #000000; background-color: transparent; font-weight: 400; font-style: normal; font-variant-ligatures: normal; font-variant-caps: normal; font-variant-east-asian: normal; font-variant-position: normal; text-decoration: none; vertical-align: baseline; white-space: pre-wrap;">In all its variants, Magento is a solid e-commerce platform. Now that you know what it takes to build your online store with Magento, it\'s time to start.&nbsp;</span></p>\r\n<p dir="ltr" style="line-height: 1.38; margin-top: 0pt; margin-bottom: 0pt;"><strong style="font-style: normal; font-variant-caps: normal; letter-spacing: normal; orphans: auto; text-align: start; text-indent: 0px; text-transform: none; white-space: normal; widows: auto; word-spacing: 0px; -webkit-text-size-adjust: auto; -webkit-text-stroke-width: 0px; text-decoration: none; caret-color: #000000; color: #000000; font-weight: normal;"><br /><br /></strong></p>\r\n<p dir="ltr" style="line-height: 1.38; margin-top: 0pt; margin-bottom: 0pt;"><span style="font-size: 15pt; font-family: Calibri, sans-serif; color: #000000; background-color: transparent; font-weight: bold; font-style: normal; font-variant-ligatures: normal; font-variant-caps: normal; font-variant-east-asian: normal; font-variant-position: normal; text-decoration: none; vertical-align: baseline; white-space: pre-wrap;">You will not regret entering the world of Magento!</span></p>\r\n<p dir="ltr" style="line-height: 1.38; margin-top: 0pt; margin-bottom: 0pt;"><span style="caret-color: #000000; color: #000000;"><br /><br /></span></p>', 'posts/March2022/yZE8OeXNjtQO5OJrHgTm.png', 'magento-versions-to-build-your-e-commerce-business', 'Magento Versions to build your E-Commerce Business', 'Cynosure Designs helps Businesses with supporting versions, Magento 1 and 2.', 'PENDING', 0, 0, '2022-03-15 07:58:00', '2022-03-17 06:33:28', 2),
	(12, 4, NULL, '5 digital marketing trends to be on the lookout for in 2022', 'TikTok, that has already surpassed every other social platform as the world\'s most popular social channel for Gen Z followers.', '<div class="table_of_contents_box">\r\n<p><strong>Table of Contents</strong></p>\r\n<ul class="table_of_contents">\r\n<li><a class="goto_sec" href="#overview">Overview</a></li>\r\n<li><a class="goto_sec" href="#diy">Short do-it-yourself videos</a></li>\r\n<li><a class="goto_sec" href="#real_story">Tell a real story</a></li>\r\n<li><a class="goto_sec" href="#ai_in_digital_marketing">Artificial intelligence in digital marketing</a></li>\r\n<li><a class="goto_sec" href="#quality_encounters">Quality Encounters and Conversational Marketing</a></li>\r\n<li><a class="goto_sec" href="#nfts_and_crypto">NFTs and crypto in social media e-commerce</a></li>\r\n<li><a class="goto_sec" href="#final_thoughts">Final Thoughts</a></li>\r\n</ul>\r\n</div>\r\n<p id="overview">TikTok, which has already surpassed every other social platform as the world\'s most popular social channel for Gen Z followers. NFTs and cryptocurrencies gained traction all over the world, generating discussions about the future of finance. Google said that third-party cookies will be phased out by 2023, giving advertisers and <a href="https://cynosuredesigns.co.uk/">digital marketers</a> less than two years to find new ways to reach their target audiences. Most recently, Facebook changed its name to Meta to reflect the company\'s desire to embrace the metaverse, a 3D virtual environment.</p>\r\n<p>This is not it, there are a lot more advancements waiting for us to communicate and connect with each other in the digital world.</p>\r\n<p>Here are the top five digital marketing trends to watch in 2022:</p>\r\n<p>&nbsp;</p>\r\n<h2 id="diy">Short do-it-yourself videos</h2>\r\n<p>Life is all about finding ways. As they say, &ldquo;necessity is the mother of invention&rdquo;, all of us have invented at least something in our lives. Yes you have done that! It could be anything from utilizing an empty water bottle into a flower pot or doing your makeup with your color pencils in your childhood. We have all been to something super creative. TikTok has altered the social media environment off from status updates and edited pictures and toward brief video broadcasts. Other social media platforms immediately picked up the idea and jumped on the bandwagon of reels and short videos. Instagram introduced reels after which, Facebook also followed the trend. Now short videos could have anything when it comes to content creation but research shows that DIY (do it yourself) videos are watched the most. While jumping into 2022, don&rsquo;t forget to take this idea with you. Also, you can make short reels for literally anything. If you are an engineer, teach them little engineering tasks. If you are a lazy person, you must have a bundle of DIY ideas because you know the short cuts.</p>\r\n<p>&nbsp;</p>\r\n<h2 id="real_story">Tell a real story</h2>\r\n<p>You are thinking about <a href="https://cynosuredesigns.co.uk/services/branding">brand marketing</a> and have not come up with a story yet? But wait, we are not talking about who you are and what you do. This is so mainstream and the customers are not interested in it believe me. They want to know how you delivered on your commitments in a way that met their requirements and exceeded their expectations. Stop thinking about customer reviews! It doesn\'t mean you wait for the water to reach your thirsty lips. Make a story and tell them in an impressive way. Businesses should demonstrate how their product or service may assist address a specific problem through anecdotes and client <a href="https://cynosuredesigns.co.uk/casestudies">testimonials</a>.</p>\r\n<p>&nbsp;</p>\r\n<h2 id="ai_in_digital_marketing">Artificial intelligence in digital marketing</h2>\r\n<p>Artificial intelligence (AI) has improved a lot till now. The addition of artificial intelligence in digital marketing is a way towards more intuitive reporting, automation of common marketing activities such as site traffic monitoring, and increased search engine optimization for organic reach. But these are the things that you already know. Now is the time for us to tell you what is coming up in 2022 and onwards with a combination of digital marketing and artificial intelligence.</p>\r\n<p>AI is capable of analyzing more data at a faster rate than humans. As a result, it may use the enormous data set available to assess client purchase history and behavior. Then, you\'ll be able to recommend a certain item or deal, or even a customized advertisement.</p>\r\n<p>Using AI to predict your customer\'s next move allows you to target them with the product or service they require at the precise moment they require it. This type of targeting will result in high conversion rates and the impression that you understand your consumers\' demands without being invasive or overloading them with useless targeting.</p>\r\n<p>&nbsp;</p>\r\n<h2 id="quality_encounters">Quality Encounters and Conversational Marketing</h2>\r\n<p><a href="https://cynosuredesigns.co.uk/services/digital-marketing">Conversational marketing</a> is nothing new for brands that have been talking with their consumers for years. Previously, field marketing was on top of everything for conversational marketing. It has still not gone out of the view. However, with the development of social media and chatbots, digital conversational marketing is becoming more prevalent and changing the landscape of how businesses connect with their consumers. This is the way towards the latest communication. Don\'t forget to leave it behind.</p>\r\n<p>&nbsp;</p>\r\n<h2 id="nfts_and_crypto">NFTs and crypto in social media e-commerce</h2>\r\n<p>Whether you invest in cryptocurrency or not, the emergence of online currencies and NFTs has been difficult to ignore in recent years. Apparently, it might not affect your marketing strategy but that\'s not the type of passive thinking we\'re looking for in 2022!</p>\r\n<p>The idea of NFTs is to focus on the idea of selling your brand beyond the physical presence of its services and products. You can sell your brand in the air now!</p>\r\n<p>&nbsp;</p>\r\n<h2 id="final_thoughts">Final Thoughts</h2>\r\n<p>Since you know the top 5 digital marketing trends for the year, make sure you get acquainted with them and pull the maximum out of them.</p>\r\n<p>&nbsp;</p>', 'posts/April2022/IHB38ReeTq6iXzS116Hx.jpg', '5-digital-marketing-trends-to-be-on-the-lookout-for-in-2022', 'Top digital marketing trends in 2022 | Cynosure Designs', 'TikTok, that has already surpassed every other social platform as the world\'s most popular social channel for Gen Z followers.', 'PUBLISHED', 0, 1, '2022-04-18 04:54:00', '2022-07-26 08:58:39', 4),
	(13, 3, NULL, 'Why Does Your Business Need a Website Redesign?', 'A good website redesign is likely to increase revenue, reduce bounce rates, and improve the user experience (UX).', '<div class="table_of_contents_box">\r\n<p><strong>Table of Contents</strong></p>\r\n<ul class="table_of_contents">\r\n<li><a class="goto_sec" href="#overview">Overview</a></li>\r\n<li><a class="goto_sec" href="#redesign_benefit">How does Website Redesign Benefit your Business?</a>\r\n<ul>\r\n<li><a class="goto_sec" href="#website_speed">When your Website Speed is Slow</a></li>\r\n<li><a class="goto_sec" href="#site_responsive">To make your Site Responsive</a></li>\r\n<li><a class="goto_sec" href="#outdated_design">Your Site has an Outdated Design</a></li>\r\n<li><a class="goto_sec" href="#user_experience">User Experience (UX) Issues on Site</a></li>\r\n<li><a class="goto_sec" href="#low_seo">Low SEO performance</a></li>\r\n<li><a class="goto_sec" href="#less_conversion">Less conversion rate</a></li>\r\n</ul>\r\n</li>\r\n<li><a class="goto_sec" href="#often_need_to_redesign">How often do you need to Redesign your Website?</a></li>\r\n</ul>\r\n</div>\r\n<p>&nbsp;</p>\r\n<p id="overview">Website redesign is a detailed process that involves many changes to elements such as the code, content, structure, and visuals of your current Site to serve your visitors better. A good website redesign is likely to increase revenue, reduce bounce rates, and improve the user experience (UX). A complete website revamp includes updated content, better UI/UX, and enhanced navigation for better conversions to site performance to grow your business.</p>\r\n<p>&nbsp;</p>\r\n<h2 id="redesign_benefit">How does Website Redesign Benefit your Business?</h2>\r\n<p>A good and attractive website redesign will help your business in the following ways:</p>\r\n<ol>\r\n<li>It enables better <a href="https://cynosuredesigns.co.uk/services/digital-marketing/seo">SEO</a> and gains more Organic Traffic</li>\r\n<li>Improves Site\'s Informational Flow</li>\r\n<li>Enhances Brand Image</li>\r\n<li>Increases the Leads and Conversion rates</li>\r\n<li>Boosts business Revenues</li>\r\n</ol>\r\n<p>Listed below are some reasons why your <a href="https://cynosuredesigns.co.uk/services/web-development">website needs a Redesign</a> for your business.</p>\r\n<p>&nbsp;</p>\r\n<h3 id="website_speed">When your Website Speed is Slow</h3>\r\n<p>Users on the Internet are generally impatient, and they don\'t like to wait for long. Research shows that almost half of modern users expect a page to load in just 2 seconds. Few people leave your Site immediately if it doesn\'t load within 3 seconds. After all, when it comes to user experience, website speed is important as slow-loading websites are never acceptable.</p>\r\n<p>&nbsp;</p>\r\n<h3 id="site_responsive">To make your Site Responsive</h3>\r\n<p>Two significant factors show that your Site is due for a redesign.</p>\r\n<ol>\r\n<li>Not being responsive</li>\r\n<li>Not mobile-friendly</li>\r\n</ol>\r\n<p>You must ensure that your business website provides a seamless experience on mobile devices. That doesn\'t mean it loads and looks okay on a mobile phone or tablet. Mobile-friendly websites should offer a great user experience as just your desktop website does with the same informational flow and texture. Bad performance on mobile devices can block your SEO and organic traffic.</p>\r\n<p>&nbsp;</p>\r\n<h3 id="outdated_design">Your Site has an Outdated Design</h3>\r\n<p>The outdated design of your Site leaves a wrong impression on your business, and you are most likely to lose your customers. If your Site looks obsolete, you need to redesign your Site immediately with cutting-edge designs. Users become more discretionary about their websites, as they always want to see an attractive design in every niche.</p>\r\n<p>&nbsp;</p>\r\n<h3 id="user_experience">User Experience (UX) Issues on Site</h3>\r\n<p>Your Site\'s <a href="https://en.wikipedia.org/wiki/User_experience">user experience</a> must be the primary decision to give an outclass experience to customers on your website. The sites that don\'t offer a good user experience most likely have higher bounce rates, more returning visitors, and less time on pages that influence your conversion rates, search engine optimization, and brand reputation.</p>\r\n<p>&nbsp;</p>\r\n<h3 id="low_seo">Low SEO performance</h3>\r\n<p>Make sure that your website is optimized for <a href="https://en.wikipedia.org/wiki/Search_engine">search engines</a> because that is the only way to rank high on Google and grow your organic traffic. If your Site is not gaining organic traffic and constantly losing rankings, that is a clear sign that your Site needs a redesign. Ultimately, your Site\'s design plays a crucial role in the search engine\'s ability to crawl, index, and understand your Site. SEO is not as simple as publishing keyword-rich content, and if your SEO is not performing well, then you need to look deeper than your blog posts. 1,920 &times; 1,280</p>\r\n<p>&nbsp;</p>\r\n<h3 id="less_conversion">Less conversion rate</h3>\r\n<p>A low conversion rate means your Site is not serving its purpose and can result from a lack of features, complicated navigation, confusing registration forms, too many distractions, etc. Hence, there are many factors to consider and optimize your conversion rate for your website to be the next to be possible. 778 &times; 363</p>\r\n<p>&nbsp;</p>\r\n<h2 id="often_need_to_redesign">How often do you need to Redesign your Website?</h2>\r\n<p>The average lifespan of a website is 2 to 3 years. As design trends change and technology evolves, it is usually a time when redesign feels "fresh" and competitive. However, this time frame is only a measure, so you must identify what is best for your organization. If your Site is not working as expected, you should check to see if your Site needs a refresh or a complete redesign. Analyze and identify issues with ratings, traffic, or conversations, and then use the data to decide what to do next.</p>\r\n<p><strong>Creating Websites That Engage Users!</strong></p>\r\n<p>&nbsp;</p>\r\n<p><strong>Suggested Reads:</strong></p>\r\n<p><a href="https://cynosuredesigns.co.uk/blog/choosing-the-absolute-website-design-and-development-company-for-your-business">Choosing the Right Website Design &amp; Development Company for Your Business</a></p>', 'posts/April2022/4VVhFhr4yjFeg06EtWGA.png', 'why-does-your-business-need-a-website-redesign', 'Why Does Business Need a Website Redesign? | Cynosure Designs', 'Website Redesigning is a detailed process of updating content and layouts and improving navigation for better conversions.', 'PUBLISHED', 0, 1, '2022-04-22 03:04:00', '2022-07-25 09:54:54', 3),
	(14, 4, NULL, 'The Top 3  UX Design Trends for 2022', 'Advancements in UX designs can help websites in gaining more user engagement. We\'ve compiled a list of the top 3 UX design trends for 2022.', '<div class="table_of_contents_box">\r\n<p><strong>Table of Contents</strong></p>\r\n<ul class="table_of_contents">\r\n<li><a class="goto_sec" href="#overview">Overview</a></li>\r\n<li><a class="goto_sec" href="#personalization">Personalization</a></li>\r\n<li><a class="goto_sec" href="#AR_VR_XR">AR/VR/XR</a></li>\r\n<li><a class="goto_sec" href="#data_visualization">Data Visualization</a></li>\r\n<li><a class="goto_sec" href="#final_thoughts">Final Thoughts </a></li>\r\n</ul>\r\n</div>\r\n<p id="overview">Knowledge &amp; technology is getting advanced so do the experiments. People discover, invent and experiment new techniques &amp; features in order to bring out the best in their <a href="https://cynosuredesigns.co.uk/services/ui-ux-designs">UX designs</a>. These technologies &amp; features can help a user experience a smooth, advanced and attractive interaction with the website. But why did there come a need for such advancements in the first place? Advancements in UX designs can help websites in gaining more user engagement and satisfaction with the help of a smooth website experience.</p>\r\n<p>As a designer, you are required to embrace the most recent design trends in order to give clients with the finest interfaces available. But in order to adjust to the new trends, you should have a good foundation. To assist you, we\'ve compiled a list of the top 3 UX design trends for 2022. So let\'s get started:</p>\r\n<p>&nbsp;</p>\r\n<h2 id="personalization">Personalization</h2>\r\n<p>When the control of something you love to use is in your hands, it is more attractive and convenient. Personalization has become a part of our everyday lives, with Netflix selecting programmes based on your preferences and Spotify anticipating what you want to listen to next.</p>\r\n<p>Expect a better version of such personalization in 2022. This better version of hyper-personalization will take the user experience beyond customer satisfaction. A <a href="https://cynosuredesigns.co.uk/services/web-development">data-driven online experience</a> is expected to be delivered in which the user will get what they want even before they just ask for it. These personalizations could include:</p>\r\n<ul>\r\n<li>Localization for region wise login access/accounts</li>\r\n<li>Personalization of dashboards</li>\r\n<li>Personalization of notifications</li>\r\n<li>Personalization in checkout</li>\r\n<li>Personalization in website navigation/tour</li>\r\n</ul>\r\n<p>&nbsp;</p>\r\n<h2 id="AR_VR_XR">AR / VR / XR</h2>\r\n<p>With the advancements led by <a href="https://about.facebook.com/meta/">Meta</a> in which the company plans to create immersive digital experiences through Augmented, Virtual, and Extended Reality, (AR, VR, XR). UX design standards are bound to follow the trends. AR and VR alter the ways through which people interact with items, this increases engagement. For example, augmented reality (AR) has been employed in online store applications to allow consumers to virtually try wearing garments in their own homes. This is more likely to keep consumers interested and deliver a more seamless online experience.</p>\r\n<p>Keeping such examples in mind, UX designers must keep up with these technological advancements. They can come up with their own ideas especially when the arena of experimentation is not limited anymore.</p>\r\n<p>&nbsp;</p>\r\n<h2 id="data_visualization">Data Visualization</h2>\r\n<p>Data visualization is not any new advancement in digital marketing, but there is a chance that it will enter a whole new realm in the year 2022. Data presentation is an important factor when displayed with simplicity. The technique of presenting data in simple, visual representations such as infographics is critical for UX designers but it can do wonders for user experience.</p>\r\n<p>Companies really would like to learn what they might do to offer data to customers in an engaging way that encourages greater interaction and increases product engagement. We can take, for example, Spotify. The yearly <a href="https://www.spotify.com/us/wrapped/">Spotify Wrapped</a> event is an excellent illustration of this.</p>\r\n<p>Showcasing customers\' favorite songs and artists, as well as their listening time, is a great approach to recognize user preferences and drive engagement. It also generates buzz on social media and serves as an excellent <a href="https://cynosuredesigns.co.uk/services/marketing-strategy">marketing technique</a>.</p>\r\n<p>&nbsp;</p>\r\n<h2 id="final_thoughts">Final Thoughts</h2>\r\n<p>Following these trends can do wonders in such a way that it can make a user&rsquo;s life easier by smooth digital experience which can directly affect the user&rsquo;s trust in the company. Don&rsquo;t lay back and get hit by these <a href="https://cynosuredesigns.co.uk/services/ui-ux-designs">UX/UI advancements</a> to be one of the top user preferred websites.</p>\r\n<p>&nbsp;</p>\r\n<p><a href="https://cynosuredesigns.co.uk/contact-us">Let&rsquo;s Talk Now!</a></p>', 'posts/May2022/aTlvtkXqNNhpUIgcz2NG.jpg', 'the-top-3-ux-design-trends-for-2022', 'Cynosure Designs | The Top 3  UX Design Trends for 2022', 'Advancements in UX designs can help websites in gaining more user engagement. We\'ve compiled a list of the top 3 UX design trends for 2022.', 'PUBLISHED', 0, 0, '2022-05-19 08:50:00', '2022-07-26 08:58:08', 3),
	(15, 3, NULL, 'How are the TikTok Algorithms working in 2022?', 'TikTok’s For You Page Algorithms are a key to Gain the Competitive Advantage.', '<p>Humans continue to invent new methods to accomplish things more creatively than before, and technology advances with time. Keeping up with the changes can be very challenging for organizations.</p>\r\n<p><strong>Let&rsquo;s dive right in!</strong></p>\r\n<div class="table_of_contents_box">\r\n<p><strong>Table of Contents</strong></p>\r\n<ul class="table_of_contents">\r\n<li><a class="goto_sec" href="#tiktok_algo">What are TikTok Algorithms, and how do they work?</a>\r\n<ul>\r\n<li><a class="goto_sec" href="#factor_foryoupage">What factors does &ldquo;For You Page&rdquo; content considers?</a></li>\r\n<li><a class="goto_sec" href="#factor_foryoupage_doesnt">What factors &ldquo;For You, Page&rdquo; content Does Not consider?</a></li>\r\n</ul>\r\n</li>\r\n<li><a class="goto_sec" href="#factors_choosing">How to work with the TikTok Algorithms in 2022?</a>\r\n<ul>\r\n<li><a class="goto_sec" href="#switch_to_pro">Switch to Pro Account</a></li>\r\n<li><a class="goto_sec" href="#high_quality_content">Create High-Quality Content</a></li>\r\n<li><a class="goto_sec" href="#write_caption">Write a Caption that creates Curiosity</a></li>\r\n<li><a class="goto_sec" href="#engage_audience">Post at the Right Time to Engage the Audience</a></li>\r\n<li><a class="goto_sec" href="#analytics_account">See the Analytics of your content</a></li>\r\n<li><a class="goto_sec" href="#trending_music">Use Trending Music in your videos</a></li>\r\n<li><a class="goto_sec" href="#find_sounds">How do you determine which music and sounds are popular? </a></li>\r\n<li><a class="goto_sec" href="#add_hashtags">Don&rsquo;t forget to add the right HashTags in your content</a></li>\r\n<li><a class="goto_sec" href="#hastag_foryou">Hashtags for the For You page</a></li>\r\n<li><a class="goto_sec" href="#trending_hashtags">Trending HashTags</a></li>\r\n</ul>\r\n</li>\r\n</ul>\r\n</div>\r\n<p>&nbsp;</p>\r\n<p>With technological advancements, <strong>Cynosure Designs</strong> have identified the new significant trends of TitTok Algorithms that will be important to propel towards a better future. In <a href="https://cynosuredesigns.co.uk/services/digital-marketing/smm">Social Media Marketing</a>, the TikTok platform is vital in promoting your brand awareness and gaining the customer&rsquo;s engagement.&nbsp;&nbsp;</p>\r\n<p>Companies need to know about the TikTok algorithm in 2022 and beyond.&nbsp;</p>\r\n<p>&nbsp;</p>\r\n<h2 id="tiktok_algo">What are TikTok Algorithms, and how do they work?</h2>\r\n<p>&ldquo;The TikTok algorithm is a suggestion system that selects which <a href="https://newsroom.tiktok.com/en-us/how-tiktok-recommends-videos-for-you">videos to display</a> on your For You Page.&rdquo;&nbsp;</p>\r\n<p>On the For You page, no two users will watch the identical videos, and the videos you see may change over time based on your viewing choices and even your present state of mind. The stream of videos is tailored to your preferences, making it simple to discover material and creators you enjoy driven by the recommendation engine. The app\'s addictiveness originates from the highly tailored TikTok algorithm that powers your For You feed.&nbsp;</p>\r\n<p>&nbsp;</p>\r\n<h3 id="factor_foryoupage">&ldquo;For You Page&rdquo; content is based on the following factors:</h3>\r\n<ul>\r\n<li>The videos you watch to the end</li>\r\n<li>accounts you follow</li>\r\n<li>Videos you like</li>\r\n<li>The content you share</li>\r\n<li>Comments you post</li>\r\n<li>The content you create on your account</li>\r\n<li>The interest you show in your interaction</li>\r\n<li>The marked videos as not interested</li>\r\n<li>Country preference (you may be more likely to see the content from people in your own country)</li>\r\n<li>Categories of interest that you select</li>\r\n<li>Language preference</li>\r\n<li>Trending topics</li>\r\n</ul>\r\n<p>&nbsp;</p>\r\n<h3 id="factor_foryoupage_doesnt">TikTok Algorithms do Not consider the following types of content for the &ldquo;For You Page&rdquo;:</h3>\r\n<p>&nbsp;</p>\r\n<ul>\r\n<li>The content you have already seen</li>\r\n<li>Duplicated content</li>\r\n<li>Spam content</li>\r\n<li>Upsetting content</li>\r\n<li>Followers count</li>\r\n</ul>\r\n<p>&nbsp;</p>\r\n<h2 id="factors_choosing">How to work with the TikTok Algorithms in 2022?</h2>\r\n<p>&nbsp;</p>\r\n<h3 id="switch_to_pro">1-Switch to Pro Account</h3>\r\n<p><a href="https://www.tiktok.com">TikTok</a> has two types of pro accounts based on whether you are a creator or a business. Although having a pro account will not help you get your videos on the For You page, switching to one is a crucial aspect of knowing the TikTok algorithm. This is because a Creator or Business account offers you access to analytics and insights that may help guide your TikTok strategy. Understanding who your audience is, when they are active on the app, and what kind of content they prefer is important if you want to develop content that they will enjoy and engage with.&nbsp;</p>\r\n<p>&nbsp;</p>\r\n<p><strong>To switch to a TikTok Business account, follow these steps:&nbsp;</strong></p>\r\n<ul>\r\n<li>Tap the three dots symbol at the upper right of the screen from your profile page.</li>\r\n<li>Select Manage Account.</li>\r\n<li>Select Switch to Business Account and then select the appropriate category for your business.</li>\r\n</ul>\r\n<p>&nbsp;</p>\r\n<p>&nbsp;</p>\r\n<p><img src="https://cynosuredesigns.co.uk/storage/posts/June2022/tiktok-on-mobile.webp" alt="TikTok on Mobile" /></p>\r\n<p>&nbsp;</p>\r\n<h3 id="high_quality_content">2- Create High-Quality Content</h3>\r\n<p>Low-quality content will not get a way to the For You page. You don\'t need expensive equipment; your phone is the ideal instrument for producing realistic videos. You\'ll need good lighting, a strong microphone, and some rapid edits to keep the content going. TikTok may last from 5 seconds to 3 minutes but aim for 12-15 seconds to keep your viewers captivated. You must shoot in the 9:16 vertical format. Vertically filmed videos have a 25% greater six-second watch-through rate. Create your videos with the trending sound; according to 88 per cent of users, music is "important" on TikTok.</p>\r\n<p>Moreover, View-through rates are higher for fast-paced tunes that play at 120 beats per minute. Also, take advantage of TikTok\'s built-in features, including effects and text modifications. For the greatest algorithm TikTok impact, try experimenting with trending effects.&nbsp;</p>\r\n<p>&nbsp;</p>\r\n<h3 id="write_caption">3- Write a Caption that creates Curiosity for TikTok</h3>\r\n<p>Use your caption to stimulate people\'s interest and engagement or ask a question that will generate a discussion in the comments. TikTok captions are limited to 150 characters, including hashtags. But that\'s not a reason to ignore this valuable feature. A good caption reminds viewers why they should watch your video, boosting the algorithm\'s engagement and video completion rating signals. Captions are an excellent method to reach a wider audience with your TikTok videos. They improve the general accessibility of a video, allowing more viewers to appreciate your content. Whether you use TikTok\'s auto-captions or add your own, both methods will bring something special to your videos.</p>\r\n<p>&nbsp;</p>\r\n<h3 id="engage_audience">4- Post at the Right Time to Engage the Audience</h3>\r\n<p>Posting the right content at the right time is important for all social media platforms. The same applies to TikTok, where the algorithms consider active involvement with your content. TikTok suggests publishing 1-4 times each day. Because every audience is unique, check your Business or Creator account metrics to see when your audience is most engaged.&nbsp;</p>\r\n<p>&nbsp;</p>\r\n<p><strong>Read More:</strong> <a href="https://cynosuredesigns.co.uk/blog/how-to-reach-the-right-audience-with-digital-marketing">How to Reach the Right Audience with Digital Marketing</a></p>\r\n<p>&nbsp;</p>\r\n<h3 id="analytics_account">To see the analytics of your content:</h3>\r\n<ul>\r\n<li>Tap the three dots symbol at the upper right of the screen from your profile page.</li>\r\n<li>Select Business Suite</li>\r\n<li>Tap Analytics.&nbsp;</li>\r\n</ul>\r\n<p>&nbsp;</p>\r\n<h3 id="trending_music">5- Use Trending Music in your videos</h3>\r\n<p>How important is music on TikTok? The research showed that 88% of TikTok users said sound is essential for the TikTok experience as the sound-on approach makes the content special and engaging for the users. TikToker prefers brand videos that feature popular or trending tunes, as following any trend is a smart bet when aiming for the For You page. TikTok Analytics may help you determine which sounds are popular with your target demographic.&nbsp;</p>\r\n<p>&nbsp;</p>\r\n<h3 id="find_sounds">So, how do you determine which music and sounds are popular?&nbsp;</h3>\r\n<ul>\r\n<li>Tap the plus symbol at the bottom of the TikTok home screen</li>\r\n<li>Tap Sounds on the Record Video page.</li>\r\n<li>You\'ll find a list of the most popular sounds.&nbsp;</li>\r\n</ul>\r\n<p>&nbsp;</p>\r\n<h3 id="add_hashtags">6- Don&rsquo;t forget to add the right HashTags in your content</h3>\r\n<p>Adding a certain hashtag to a video will make the content more discoverable when someone searches for the hashtag. There are two kinds of hashtags that can help your content rank higher in the TikTok algorithm:&nbsp;</p>\r\n<ul>\r\n<li id="hastag_foryou"><strong>Hashtags for the For You page:</strong> Tags such as <strong>#fyp</strong>, <strong>#foryou</strong>, and <strong>#foryoupage</strong> are frequently used in an attempt to get onto the For You page. TikTok would not confirm whether they work, but considering the number of accounts that use them, it\'s worth a shot, as Chipotle does in this post.</li>\r\n<li id="trending_hashtags"><strong>Trending HashTags:</strong> Go to the Discover tab, then hit Trends at the top of the page to see popular hashtags. Keep an eye out for hashtags relating to challenges, as they are a great method to generate creative content ideas while also sending positive trend vibes to the algorithm.</li>\r\n</ul>\r\n<p>TikTok&rsquo;s For You Page Algorithms are a key to gain the Competitive Advantage. Look no further and <a href="https://cynosuredesigns.co.uk/contact-us">contact our experts</a> for our most specialized Digital Marketing Services.<br /><br /></p>\r\n<p><strong>Suggested Reads:</strong></p>\r\n<p><a href="https://cynosuredesigns.co.uk/blog/5-digital-marketing-trends-to-be-on-the-lookout-for-in-2022">5 Digital Marketing Trends To Be On The Lookout For In 2022</a></p>', 'posts/June2022/bvacP5FAWoyRFWwpSZyi.webp', 'how-are-the-tiktok-algorithms-working-in-2022', 'How are the TikTok Algorithms working in 2022?', 'The TikTok algorithm is a suggestion system that selects which videos to display on your For You Page', 'PUBLISHED', 0, 1, '2022-06-09 04:00:00', '2022-06-26 17:00:17', 5),
	(16, 4, NULL, 'Six Types of Branding Services', 'The personality of your brand doesn\'t solely depend on logos, name, and colors but it depends on everything that makes it a brand.', '<div class="table_of_contents_box">\r\n<p><strong>Table of Contents</strong></p>\r\n<ul class="table_of_contents">\r\n<li><a class="goto_sec" href="#overview">Overview</a></li>\r\n<li><a class="goto_sec" href="#importance_of_branding">Importance of Branding </a></li>\r\n<li><a class="goto_sec" href="#branding_services">What are branding services? </a></li>\r\n<li><a class="goto_sec" href="#why_are_service_imp">Why are branding services important? </a></li>\r\n<li><a class="goto_sec" href="#types_of_branding">What are the types of branding services? </a></li>\r\n<li><a class="goto_sec" href="#stages_of_branding">Stages of branding? </a></li>\r\n<li><a class="goto_sec" href="#branding_for_small_bs">Branding services for small businesses? </a></li>\r\n<li><a class="goto_sec" href="#final_thoughts">Final thought. </a></li>\r\n</ul>\r\n</div>\r\n<p id="overview">You might have heard about branding services and how helpful they could be if not then, let us tell you that a company with the help of branding services can sail through literally any struggle that it might be going through. It could be from creating a brand identity from zero to getting recognized by a vast level of audience across the globe. In this article we will discuss:</p>\r\n<p>&nbsp;</p>\r\n<h2 id="importance_of_branding">What is branding &amp; its importance?</h2>\r\n<p>The word <a href="https://cynosuredesigns.co.uk/services/branding" target="_blank" rel="noopener">branding</a> itself is pretty clear in defining it. It means naming something or promoting it. It won&rsquo;t be wrong to announce that yes we exist. Just the way a baby is born and he is named and announcements are made that we have got a little angel at our home, likewise, your business needs the same attention from a unique beautiful name to its existence and presence to get the attention of people to whom it might be of interest.</p>\r\n<p>&nbsp;</p>\r\n<p><img src="https://cynosuredesigns.co.uk//storage/posts/July2022/6-thing-about-branding1.webp" alt="mini sites" /></p>\r\n<p>&nbsp;</p>\r\n<p>The personality of your brand doesn\'t solely depend on logos, name, and colors but it depends on everything that makes it a brand. Promotion or branding of a business has always been in place for centuries but now it has become a necessity for a business to make its foundations stand in the market of uncountable competitors.</p>\r\n<p>&nbsp;</p>\r\n<h2 id="branding_services">What are branding services?</h2>\r\n<p>So, now we have talked about the importance of branding services already but what exactly are the branding services? This includes everything from the name of the business, its logo, how it is communicated and promoted to the public, etc. So, all of these things are done with the help of branding services. Some companies offer <strong>branding services in the UK for</strong> promoting your business in a better way. These services might include:</p>\r\n<ul>\r\n<li>Designing of a Logo</li>\r\n<li>Your Brand Slogan</li>\r\n<li>Positioning of the brand</li>\r\n<li>Your brand voice</li>\r\n<li>Styling of the brand</li>\r\n<li>Social media branding</li>\r\n</ul>\r\n<p>&nbsp;</p>\r\n<p><img src="https://cynosuredesigns.co.uk//storage/posts/July2022/6-thing-about-branding2.webp" alt="one page websites" /></p>\r\n<p>&nbsp;</p>\r\n<p><strong>Also read: </strong> <a href="https://cynosuredesigns.co.uk/blog/logo-defines-your-brand" target="_blank" rel="noopener">Logo Defines Your Brand</a></p>\r\n<p>&nbsp;</p>\r\n<h2 id="why_are_service_imp">Why are branding services important?</h2>\r\n<p>Branding is important because no one would ever know that you exist if you would not tell them. We all use social media and see so many brands coming across our social feed. Even if we buy something from a brand, we might forget it later on because of so many of the other suggestions and options. So, imagine if you are not there on social media or you don&rsquo;t have your online presence and you are not promoting your business, how would a customer even look at your business in a world where they have other options in abundance? So, yes it has become amazing for a layman to buy from multiple options but you as a business need only one thing to be focused on the most and that is branding.</p>\r\n<p>&nbsp;</p>\r\n<p><img src="https://cynosuredesigns.co.uk//storage/posts/July2022/6-thing-about-branding3.webp" alt="mini sites" /></p>\r\n<h2>&nbsp;</h2>\r\n<h2 id="types_of_branding">What are the types of branding services?</h2>\r\n<p>Depending on the nature of your business, the <strong>branding services</strong> could be as per your need. For example, if you are a company that offers services rather than products, the branding services would be provided accordingly. On the other hand, if you are a company that produces products, your branding server will help your products reach your potential customers via product branding. There are different types of branding services as per the need of a brand niche which include:</p>\r\n<h3>1- Product branding.</h3>\r\n<p>In every branding strategy product branding is at the top particularly when you are a product seller. When the branding strategy principles are applied to a particular product for its promotion, that is called product branding. These principles might include giving a symbol to the product, naming it, and creating a unique design of it to have a unique identity. For example if you are a company named ABC, and you produce a product called a spatula, now you have recently planned to produce another product called a hammer.</p>\r\n<p>Your customers might know you as a brand ABC that sells spatulas but in order to have a new unique identity of your new product hammer, you must come up with a whole new product branding making the product stand like your previous product. To make you understand in easier terms, a producer of a movie could be one person whereas, he or she can produce a 100 movies under his production team. Every movie has a unique name, story and promotional campaigns. No one recognizes the new movie with the name of the previous one. Each one has its own identity. Likewise, product branding is also somewhat like that.</p>\r\n<h3>2- Service branding.</h3>\r\n<p>It is no different than the product branding as the services of a provider becomes its products and then everything goes the same way as of the product branding. The idea is the same as the previous one to have a unique identity, name and recognition of the service that you are offering. Although the two are the same , service branding is a bit complex as compared to product branding. In service branding, you might need front line staff, providers of the service, employees maintaining the service and all other stakeholders associated with it.</p>\r\n<p>For example, if you have created an application that helps the customers find their nearest locations with respect to food, this is a service come product. You might need both product and service branding as your application might need all the special treatment that a product might need. On the other hand, you might need to keep updating your application, keep informing the customers and teaching them on how to use it and keep in contact with them via customer service.</p>\r\n<h3>3- Retail branding.</h3>\r\n<p>Retail branding is another form of branding which includes a shop name on the whole. For example, you might know many superstores that sell all types of products. Now these products become a part of the brand itself and retail branding includes the promotion of that specific store. This might include building customer loyalty and building long term customer relationships with the store brand.</p>\r\n<p>Loyalty refers to a continuous process in which the customers repeatedly buy products of that brand. Once your customers start identifying your store products, the gap between you and the customers has already been filled. That&rsquo;s the main purpose of retail branding to make your customers recognize you out of the crowd.</p>\r\n<h3>4- Online branding.</h3>\r\n<p>It is the era of the internet,everything has been shifted to online platforms. You can build your identity or your brand&rsquo;s identity on internet with the help of different platforms such as by making a website, registering yourself on Google, making your social media accounts onInstagram, Facebook, YouTube etc. with the help of online branding, you can introduce yourself online with a vast group of audience.</p>\r\n<p>Optimizing your online presence is the most effective strategy to boost lead generation, conversion, and brand sales if you manage a business, an e-commerce site, or own a brand. Improving brand exposure, recognition, and reputation also requires building a brand online.</p>\r\n<h3>5- Corporate branding.</h3>\r\n<p>The word corporate itself tells you that this branding includes the promotion on corporate levels. Every aspect of a professional corporation is covered under corporate branding. If you have a company, you might need to present yourself to the world. Corporate branding is exactly the way you do that. You as a start up corporation might need to first focus on various things such as your business niche, your direction, your target market etc. the second thing is to identify who are you company&rsquo;s stakeholders as they all play an important role in defining who you are to the world.</p>\r\n<p>Every successful business has a logo, a tagline, or other visual representation of its goods or services. These could take the shape of vows, customs, or identities. Think of a brand that is famous and almost everyone knows about it. Let&rsquo;s take for example, Google, how do we know that it exists and what does it do? We know it as a company, not as what it does in particular. Likewise, corporate branding is about a branding strategy on the whole.</p>\r\n<h3>6- Offline branding.</h3>\r\n<p>Offline branding might sound like an old idea but it is still very important to brands and companies in order to sell what they offer or produce. Offline marketing includes everything that is not digital for example, billboards, field marketing campaigns, banners, pamphlets etc. Such as when you go to shop for something and in the end you get a pamphlet by a salesperson, that is exactly offline branding. They are letting you know that we exist physically.</p>\r\n<p>&nbsp;</p>\r\n<p><img src="https://cynosuredesigns.co.uk//storage/posts/July2022/6-thing-about-branding4.webp" alt="branding 4" /></p>\r\n<h2>&nbsp;</h2>\r\n<h2 id="stages_of_branding">Stages of branding?</h2>\r\n<p>Everything starts with research and ends with a conclusion and outcome. When you want to start a company, you look at all of the aspects including your budget, the product or service you wish to launch, and its demand in the market. You take a start only after that. Likewise, in branding services, some stages need to be followed to have the right <strong>branding</strong> process for your business. These stages include:</p>\r\n<ul>\r\n<li>Research</li>\r\n<li>Strategy</li>\r\n<li>Designing</li>\r\n<li>Implementation</li>\r\n</ul>\r\n<p>&nbsp;</p>\r\n<h2 id="branding_for_small_bs">Branding services for small businesses?</h2>\r\n<p>Most people think that it is important for large-scale businesses to have branding services and pre-planning, but this is the wrong narrative. For small businesses, branding services are extremely important and they can easily acquire these services as the business is small and it will take half the time and assets as compared to large-scale business. Branding services for small businesses can be extremely useful as small businesses need more attention and strong foundations with low investments. So, making a small investment and letting it drown is an unskilled thing in itself. There should be zero chances for small businesses to fail but it is only possible with the help of a clear <a href="https://cynosuredesigns.co.uk/services/marketing-strategy" target="_blank" rel="noopener">marketing strategy</a> , strong vision, and <strong>best branding services.</strong></p>\r\n<p>&nbsp;</p>\r\n<h2 id="final_thoughts">Final Thoughts</h2>\r\n<p>Branding services are important for all types of businesses because, in a world of <a href="https://cynosuredesigns.co.uk/services/digital-marketing" target="_blank" rel="noopener">digital marketing</a> and a lot of branding and promoting options, a business cannot survive and live its potential life without opting for these ways. Another thing companies don&rsquo;t understand is where to go and which company to hire for branding services. So, if you are looking for a <strong>branding services company</strong> inside or outside of the UK, <strong>Cynosure Designs</strong> offers everything under one roof for your business to grow digitally.</p>\r\n<p>&nbsp;</p>\r\n<p><strong>People Also Read: </strong><a href="https://cynosuredesigns.co.uk/blog/what-can-a-digital-marketing-company-do-for-your-business-in-two-steps" target="_blank" rel="noopener">What Can A Digital Marketing Company Do For Your Business In Two Steps?</a></p>\r\n<p>&nbsp;</p>', 'posts/July2022/5QYKcgl3avUArJ723xeg.webp', 'six-types-of-branding-services', 'Six Types of Branding Services | Cynosure Designs', 'A company with the help of branding services can sail through literally any struggle that it might be going through.', 'PUBLISHED', 0, 1, '2022-07-28 12:57:00', '2022-08-05 10:32:50', 7),
	(17, 4, NULL, 'What are the 7 Types of Digital Marketing?', 'Digital marketing has become an integral component of an organisation\'s overall marketing strategy.', '<div class="table_of_contents_box">\r\n<p><strong>Table of Contents</strong></p>\r\n<ul class="table_of_contents">\r\n<li><a class="goto_sec" href="#overview">Overview</a></li>\r\n<li><a class="goto_sec" href="#diff_types_of_dm">Different Types of Digital Marketing </a></li>\r\n<li><a class="goto_sec" href="#seo">Search Engine Optimization (SEO)</a></li>\r\n<li><a class="goto_sec" href="#ppc">Pay-per-Click (PPC) </a></li>\r\n<li><a class="goto_sec" href="#social_media_marketing">Social Media Marketing </a></li>\r\n<li><a class="goto_sec" href="#content_marketing">Content Marketing </a></li>\r\n<li><a class="goto_sec" href="#email_marketing">Email Marketing </a></li>\r\n<li><a class="goto_sec" href="#mobile_marketing">Mobile Marketing </a></li>\r\n<li><a class="goto_sec" href="#marketing_analytics">Marketing Analytics </a></li>\r\n</ul>\r\n</div>\r\n<p id="overview">Over the last decade, digital marketing has become an integral component of an organisation\'s overall marketing strategy. Businesses may tailor their messages to a specific target, allowing them to market directly to individuals who are likely to be interested in their product. Digital marketing encompasses a broad variety of marketing methods and technologies used to reach clients online.</p>\r\n<h2>&nbsp;</h2>\r\n<h2 id="diff_types_of_dm">Different Types of Digital Marketing</h2>\r\n<p>This post will teach you 7 top digital marketing methods to help your company develop internationally.</p>\r\n<p>&nbsp;</p>\r\n<p><img src="https://cynosuredesigns.co.uk//storage/posts/July2022/1-seo.webp" alt="seo" /></p>\r\n<h2>&nbsp;</h2>\r\n<h2 id="seo">Search Engine Optimization (SEO)</h2>\r\n<p>The goal of SEO is for a company\'s website to rank higher in Google search results, resulting in more visits. To do this, SEO marketers research the keywords and phrases that people use while searching for information online and include those terms into their own content.</p>\r\n<p>So, what are some of the factors that may aid a site\'s SEO? One of the elements that makes SEO challenging is that the answer is always dependent on Google and its most recent algorithm. With this in mind, here are a few of the most important things SEO strategists and marketers in general should understand about how <a href="https://cynosuredesigns.co.uk/services/digital-marketing/seo">SEO</a> works today.</p>\r\n<ul>\r\n<li>Content indexing - It is vital to provide alt text for images and text transcripts for video and audio material to allow search engines to correctly "understand" your site content.</li>\r\n<li>Good link structure &mdash; Search engines must be able to "crawl" your site structure and swiftly discover all of your material. An SEO specialist may do a variety of things to appropriately organise links, URLs, and sitemaps so that site crawlers can readily access them.</li>\r\n<li>Keywords and targeted keywords - One of the most important SEO building blocks is correctly deploying your keywords &ndash; i.e. the search terms you want your site to be discovered for &ndash; in your content and headers. It is no longer advisable to "stuff" your content with as many keywords and keyword variations as possible. Writing high-quality content with keywords in headers and a few times in crawlable page content is now considered best practice, and it will help pages rank better in search results.</li>\r\n</ul>\r\n<p>&nbsp;</p>\r\n<p><img src="https://cynosuredesigns.co.uk//storage/posts/July2022/2-ppc.webp" alt="ppc" /></p>\r\n<h2>&nbsp;</h2>\r\n<h2 id="ppc">Pay-per-Click (PPC)</h2>\r\n<p>Sponsored search engine results and banner ads are examples of pay-per-click advertising. This is a sort of short-term digital marketing in which the ad will disappear if you stop paying. PPC is a method of increasing a company\'s internet search traffic, similar to SEO.</p>\r\n<p>Commercials that show at the top and sides of search results pages, advertisements that appear when surfing the web, advertisements that run before YouTube movies, and advertisements that appear in mobile applications are all examples of pay-per-click advertising.</p>\r\n<p>Another difference between <a href="https://cynosuredesigns.co.uk/services/digital-marketing/seo">PPC</a> and SEO is that you just pay for the results. You will only be compensated when someone clicks on your ad and visits your website in a traditional PPC technique, such as a Google AdWords campaign. You may spend nearly any amount of money on pay-per-click advertising. Many big organisations spend tens of thousands of dollars each month on pay-per-click advertising, while other businesses may see results after paying only a few hundred dollars.</p>\r\n<p>&nbsp;</p>\r\n<p><img src="https://cynosuredesigns.co.uk//storage/posts/July2022/3-social-media-marketing.webp" alt="social media marketing" /></p>\r\n<h2>&nbsp;</h2>\r\n<h2 id="social_media_marketing">Social Media Marketing</h2>\r\n<p>This includes everything a business does on social media channels. Despite the fact that practically everyone is familiar with social media, marketers must use it in a coordinated and strategic manner. <a href="https://cynosuredesigns.co.uk/services/digital-marketing/smm">Social media marketing</a> entails a lot more than just publishing to social media sites and responding to comments.</p>\r\n<p>To be effective, efforts must be coordinated and consistent, rather than being a mistake. There are a plethora of online tools for scheduling and organising social media posts to help keep messaging consistent, but marketers should treat digitalization as a tool rather than a "set it and forget it" solution. If there is no real person behind the posts, users will notice right away.</p>\r\n<p>&nbsp;</p>\r\n<p><strong>Also read:</strong> <a href="https://cynosuredesigns.co.uk/blog/how-are-the-tiktok-algorithms-working-in-2022">How Are The TikTok Algorithms Working In 2022?</a></p>\r\n<p>&nbsp;</p>\r\n<p><img src="https://cynosuredesigns.co.uk//storage/posts/July2022/4-content-marketing.webp" alt="content marketing" /></p>\r\n<h2>&nbsp;</h2>\r\n<h2 id="content_marketing">Content Marketing</h2>\r\n<p><a href="https://cynosuredesigns.co.uk/services/digital-marketing">Content marketing</a> uses story and information sharing to increase brand identification. The ultimate goal is for the reader to take a step toward becoming a customer, such as requesting more information, signing up for an email list, or making a purchase. Blog postings, resources such as journal articles and e-books, digital video, webcasts, and a number of other things are all examples of "content." In general, rather than merely advertising the brand or seeking to sell something, it should first and foremost provide value to the consumer. Rather than completing a single sale, content marketing focuses on building a long-term, trusted relationship with your customers that may lead to several transactions over time.</p>\r\n<p>Material marketing is a means of inserting SEO search terms into new website material, and the content created may be distributed as online articles and email marketing publications, as well as other kinds of digital marketing. Analysing your content marketing data may tell a lot about your customers, such as what they\'re looking for when they come to your website. What kinds of information entices people to remain longer on the site and look around? What sorts of things catch their interest and make them want to leave?</p>\r\n<p>&nbsp;</p>\r\n<p><img src="https://cynosuredesigns.co.uk//storage/posts/July2022/5-email-marketing.webp" alt="email marketing" /></p>\r\n<h2>&nbsp;</h2>\r\n<h2 id="email_marketing">Email Marketing</h2>\r\n<p>Despite the development of social media, smartphone apps, and other channels, Rogers claims that email is still one of the most effective marketing methods. It might be utilised as part of a content marketing strategy to deliver advantages to existing consumers while also converting new ones.</p>\r\n<p>The accessible rate &ndash; the percentage of recipients who launched the email &ndash; and the ctr &ndash; the number of recipients who opened the email and clicked on a link inside the email &ndash; are two analytics metrics recommended in email marketing software that marketers are continuously attempting to improve. There are various things advertisers can do to make their emails more appealing to customers and more likely to be read, according to Constant Contact, a prominent <a href="https://cynosuredesigns.co.uk/services/digital-marketing">email marketing </a> software company.</p>\r\n<p>&nbsp;</p>\r\n<p><img src="https://cynosuredesigns.co.uk//storage/posts/July2022/6-mobile-marketing.webp" alt="mobile marketing" /></p>\r\n<h2>&nbsp;</h2>\r\n<h2 id="mobile_marketing">Mobile Marketing</h2>\r\n<p>The goal of this type of digital marketing is to reach out to your target demographic via their smartphone or tablet. <a href="https://cynosuredesigns.co.uk/services/digital-marketing"> Mobile marketing</a> reaches people through text messaging, social media, internet, email, and mobile apps. Marketers can tailor special offers or information to a certain location or time, such as when a client enters a store or attends an event.</p>\r\n<p>&nbsp;</p>\r\n<p><img src="https://cynosuredesigns.co.uk//storage/posts/July2022/7-marketing-analytics.webp" alt="marketing analytics" /></p>\r\n<h2>&nbsp;</h2>\r\n<h2 id="marketing_analytics">Marketing Analytics</h2>\r\n<p>The fact that web <a href="https://cynosuredesigns.co.uk/services/marketing-strategy">marketing</a> is so measurable and quantitative is one of its most major advantages. Once upon a time, offers and similar direct mail offers were the only trackable marketing goods. If a customer took advantage of the offer, you knew the message had been received. Marketers can now track user behaviour in great detail, such as how many times they click on a link, how long they remain on a web page, how often they read emails, and so on, thanks to analytics. On the other hand, the massive amount of data available on digital marketing performance might feel like drinking from a fire hose, and marketers must be able to properly comprehend what the data means and how it should guide strategy.</p>\r\n<p>&nbsp;</p>\r\n<p><strong>Get all of these services with <a href="https://cynosuredesigns.co.uk/">Cynosure Designs.</a></strong></p>\r\n<p>&nbsp;</p>\r\n<p>&nbsp;</p>', 'posts/July2022/JkEEjWAUuhYibJo3O1ZE.webp', 'what-are-the-7-types-of-digital-marketing', 'Cynosure UK | 7 Types of Digital Marketing?', 'Digital marketing is an integral component of a company’s marketing strategy. 7 top digital marketing methods to help your company develop internationally', 'PUBLISHED', 0, 0, '2022-07-29 08:59:00', '2022-07-29 09:21:39', 5),
	(18, 4, NULL, 'Everything about lead generation in digital marketing', 'A lead is defined as someone who expresses a desire to participate in a brand or business in any manner.', '<div class="table_of_contents_box">\r\n<p><strong>Table of Contents</strong></p>\r\n<ul class="table_of_contents">\r\n<li><a class="goto_sec" href="#overview">Overview</a></li>\r\n<li><a class="goto_sec" href="#types_of_leads">Types of leads </a></li>\r\n<li><a class="goto_sec" href="#what_is_lead_gen">What is lead generation? </a></li>\r\n<li><a class="goto_sec" href="#what_use_of_lead">What is the use of lead generation? </a></li>\r\n<li><a class="goto_sec" href="#ways_to_gen">Ways to generate leads </a>\r\n<ul>\r\n<li><a class="goto_sec" href="#demos">Demos</a></li>\r\n<li><a class="goto_sec" href="#contests">Contests</a></li>\r\n<li><a class="goto_sec" href="#email_sub">Email Subscriptions </a></li>\r\n<li><a class="goto_sec" href="#free_apps">Free Apps </a></li>\r\n</ul>\r\n</li>\r\n</ul>\r\n</div>\r\n<p id="overview">A lead is defined as someone who expresses a desire to participate in a brand or business in any manner. A marketing lead is a user that expresses a desire in a brand\'s merchandise, so becoming a prospective customer. Just about every company\'s principal purpose is to create quite so many leads that are feasible. A firm should mentor customers through the sales pipeline by providing them with appropriate material and promotions that will lead to a buying.</p>\r\n<p>&nbsp;</p>\r\n<p><img src="https://cynosuredesigns.co.uk//storage/posts/July2022/1-types-of-leads.webp" alt="types of leads" /></p>\r\n<h2>&nbsp;</h2>\r\n<h2 id="types_of_leads">Types of leads</h2>\r\n<ul>\r\n<li><strong>Information qualified lead </strong>These prospects are at the start of the customer lifecycle. At this point, a corporation must provide useful knowledge on the topic related to the user\'s inquiry in return for private details such as their identity, email address, region, and so forth.</li>\r\n<li><strong>Sales qualified lead </strong>people who come and show interest in a product or service. This is also referred to as a hot lead.</li>\r\n<li><strong>Marketing qualified lead </strong>Such leads will be in the midst of the selling process. Individuals who have shown or are willing to show continued interest in a business. This is sometimes referred to as a "warm lead."</li>\r\n</ul>\r\n<h2 id="what_is_lead_gen">What is lead generation?</h2>\r\n<p>Lead generation is the process of drawing consumers to a company and developing their attention via support, with the ultimate objective of turning people into customers. Job applications, blog articles, discounts, live events, and online material are all ways to create <a href="https://cynosuredesigns.co.uk/services/branding">leads</a>.</p>\r\n<p>&nbsp;</p>\r\n<p><img src="https://cynosuredesigns.co.uk//storage/posts/July2022/2-what-is-lead-generation.webp" alt="what is lead generation" /></p>\r\n<h2>&nbsp;</h2>\r\n<h2 id="what_use_of_lead">What is the use of lead generation?</h2>\r\n<p>Lead generation helps a business find its potential buyers of its services and products by applying various methods digitally. A process where the information of customers is held and they are guided and informed about the company and its products based on their interests. Lead generation helps in increasing the interest of people in a company to a point where they become the buyers. It helps in increasing the sales in every perspective. It can help businesses of any type whether they are smaller or larger enterprises. A lack of lead generation strategy could result in waiting for a lifetime for the real <a href="https://cynosuredesigns.co.uk/services/marketing-strategy">potential customers </a> for a company.</p>\r\n<p>It is not limited to this but it also helps in increasing the visibility, credibility, trust, and interest of a certain set of individuals to certain sets of products or services. With the right lead generation tactics, you can expand your business and increase the lifespan customer acquisition cost.</p>\r\n<p>&nbsp;</p>\r\n<p><img src="https://cynosuredesigns.co.uk//storage/posts/July2022/2-One-page-websites.webp" alt="one page website" /></p>\r\n<h2>&nbsp;</h2>\r\n<h2 id="ways_to_gen">Ways to generate leads</h2>\r\n<h3 id="demos">Demos</h3>\r\n<p>Make it simple for users who want to know further about your item or brand to book a demonstration with your company. Demonstration demands may be put on critical sections of the website, such as the main website page.</p>\r\n<p>All of those are especially useful in areas of a website that discuss the many qualities and characteristics of any good or service. Once the customer is interested, consider scheduling a demonstration as simple as possible.</p>\r\n<h3 id="contests">Contests</h3>\r\n<p>Consumers enjoy challenges. They may educate you much about your market audience by engaging consumers, expanding brand\'s reach, increasing traffic to websites, and generating leads. Contests may be held on a webpage or on virtually any social networking site, such as Facebook, Twitter, Pinterest, and Instagram. They may be as basic or as complex as you want to:</p>\r\n<h3 id="email_sub">Email Subscriptions</h3>\r\n<p>Enterprise blog posting not just increases visitors to a website, but it may also really be a significant reason for the increased lead creation in the future. But turning traffic into reading a blog could be rocket science.</p>\r\n<p>First, convert visitors into loyal subscribers by persuading them for their email address in return for daily, weekly, or monthly blog entries. Include a one-step registration on your blog to make it simple for people to subscribe.</p>\r\n<h3 id="free_apps">Free Apps</h3>\r\n<p>Who has said a free product can\'t generate business? They are, in fact, a fantastic potential for lead generation. Try offering free versions of your product or service &ndash; they can be compact or have less characteristics than the full-fledged version with no risk, commitment, or bank card involved. Just one thing they have to do is complete a form.</p>\r\n<p>&nbsp;</p>\r\n<p><strong>Want to apply all of these ways to your website to generate leads? <a href="https://cynosuredesigns.co.uk/contact-us">Try us today!</a></strong></p>\r\n<p>&nbsp;</p>', 'posts/July2022/F5jAFseCFDCjKuF9fOje.webp', 'everything-about-lead-generation-in-digital-marketing', 'Cynosure Designs | lead generation in digital marketing', 'A marketing lead is a user that expresses a desire in a brand\'s merchandise. Lead generation helps a business find its potential buyers.', 'PUBLISHED', 0, 0, '2022-07-29 09:40:00', '2022-07-29 10:29:27', 5),
	(19, 4, NULL, 'AI in Analytics helps in deep customer insights', 'The magic of artificial intelligence will help you catch the deep insights of people who might be looking for something that you are selling.', '<div class="table_of_contents_box">\r\n<p><strong>Table of Contents</strong></p>\r\n<ul class="table_of_contents">\r\n<li><a class="goto_sec" href="#overview">Overview</a></li>\r\n<li><a class="goto_sec" href="#are_you_listening">Are you listening to your customers? </a></li>\r\n<li><a class="goto_sec" href="#magic_behind">The Magic of AI Behind Reading Minds </a></li>\r\n<li><a class="goto_sec" href="#purpose_of_con">What&rsquo;s the purpose of consumer insights? </a></li>\r\n<li><a class="goto_sec" href="#how_can_you">How can you as a company track your customer behavior? </a></li>\r\n<li><a class="goto_sec" href="#final_thoughts">Final Thoughts </a></li>\r\n</ul>\r\n</div>\r\n<p id="overview">You might have heard &ldquo;think of a yellow car and you will come across a yellow car in abundance&rdquo;. That&rsquo;s what a the <a href="https://www.verywellmind.com/understanding-and-using-the-law-of-attraction-3144808#:~:text=The%20law%20of%20attraction%20is,negative%20thoughts%20bring%20negative%20outcomes.">law of attraction</a> is but when you think of a yellow car and it appears in your social media feed, or on any website you are scrolling. What is that? Nature calls it the law of attraction, we call it artificial intelligence. So, do you have your yellow car and want it to be seen by the people thinking of it? Let us pull out the magic sticks and catch the minds. So, are you ready for the magical ride? Let&rsquo;s go then!</p>\r\n<p>&nbsp;</p>\r\n<h2 id="are_you_listening">Are you listening to your customers?</h2>\r\n<p>Some people believe that social media apps or even switching on the internet will have them get listened to secretly. But that is not the case, as the big names running these platforms themselves raised questions like us that is technology listening to us. <a href="https://www.independent.co.uk/tech/facebook-listening-listen-does-is-microphone-app-phone-mark-zuckerberg-a8299281.html">Mark Zuckerberg called it a conspiracy</a> in an interview when he was asked the same question.</p>\r\n<p>&nbsp;</p>\r\n<p><img src="https://cynosuredesigns.co.uk/storage/posts/July2022/1-listen-to-customers.webp" alt="listen to customers" /></p>\r\n<p>&nbsp;</p>\r\n<p>We are back to real life again but wait, the magic is still here. The magic of artificial intelligence will help you catch the deep insights of people who might be looking for something that you are selling. How interesting it is, isn\'t it? But how do we do it? So if nobody is listening to us, what&rsquo;s the real story behind it?</p>\r\n<p>&nbsp;</p>\r\n<h2 id="magic_behind">The Magic of AI Behind Reading Minds</h2>\r\n<p>Yes! It is the sorcery of Artificial Intelligence. It is not less than a modern logical wizard. Do you remember the magic shows in schools where the wizard would make us fool by his sharp mind and a few tricks of actions and observations and we would believe it as a paranormal activity? Likewise, artificial intelligence is all about recording your actions online and offline. We immediately or on the same day, see those things in our feed that we thought about or talked about because technology tracks us. It tracks what we click, what we search in abundance, which posts we stop at the most, which website we open the most, which colors we look at the most, and which ads we consider the most. All of this behavior is tracked and it is more like a technically psychological tracking that predicts what we might think of next.</p>\r\n<p>&nbsp;</p>\r\n<p><img src="https://cynosuredesigns.co.uk/storage/posts/July2022/2-aI-behind-reading-minds.webp" alt="AI behind reading minds" /></p>\r\n<p>&nbsp;</p>\r\n<p>Imagine you have been living with a roommate in a hostel for the past five years. You would know your roommate&rsquo;s routine more than anyone. If someone comes at 4 pm and inquires about your roommate, whether you have seen him going somewhere or not, you will make a guess and say, he might be at the gym right now. This is because you have been observing his actions naturally. So, now imagine the numbers game is so strong. There is no chance for it to take a wrong stride. <a href="https://cynosuredesigns.co.uk/services/digital-marketing">Artificial intelligence</a> keeps on recording your routine interaction with the websites, social media platforms, videos, etc, and suggests you accordingly. Also, if you talked about something with your friend that you didn&rsquo;t search for, it is you who forgot but AI kept it recorded when you randomly stopped at a post relevant to what you talked about with your friend. No matter if you clicked the like button or not your insight was delivered as a potential consumer to any brand or company through consumer analytics.</p>\r\n<p>&nbsp;</p>\r\n<h2 id="purpose_of_con">What&rsquo;s the purpose of consumer insights?</h2>\r\n<p>Now as you have enough knowledge about the consumer insights and how they are tracked, the question here is what are they useful for? What will technology do with it if I see an ad that I thought about? Well, this is what the technology will do if it gets successful in showing you what you were thinking about.</p>\r\n<ul>\r\n<li>Makes you reach out to the right websites and platforms that you might need for buying something.</li>\r\n<li>Helps you get seen by the people who might be interested in buying something from your business.</li>\r\n<li>It might help you get deep insights as a business about the visitors and customers on your website.</li>\r\n<li>You as a business can utilize the information gathered through deep customer insights in determining the pace of your business.</li>\r\n<li>You can make products as per the need of the customers without asking your customers through the engagement of the visitors on your website or social portal such that which products were liked the most and which products were ignored</li>\r\n<li>These analytics can help you produce only those things which have high demand and help you save a lot of money.</li>\r\n<li>You can assess which services and products are liked the most region-wise and can customize every product and service as per the demand region wise</li>\r\n<li>You might also maintain your website by looking into the analytics such that which web page has scrolled up the most and can make the rest of the pages as smooth as that page.</li>\r\n</ul>\r\n<p>&nbsp;</p>\r\n<p><img src="https://cynosuredesigns.co.uk/storage/posts/July2022/3-consumer-insights.webp" alt="consumer insights" /></p>\r\n<p>&nbsp;</p>\r\n<p><strong>Also read: <a href="https://cynosuredesigns.co.uk/blog/the-top-3-ux-design-trends-for-2022"> The top 3 UX designs trends for 2022</a></strong></p>\r\n<p>&nbsp;</p>\r\n<h2 id="how_can_you">How can you as a company track your customer behavior?</h2>\r\n<p>When a formula is made, we don&rsquo;t need the formula maker to keep making thousands of samples every time but we simply buy the formula and make the product ourselves. That is how you do it. Tracking your customer behavior through AI analytics is possible with the help of an expert who bought the formula of AI analytics through learning it.</p>\r\n<p>&nbsp;</p>\r\n<h2 id="final_thoughts">Final Thoughts</h2>\r\n<p>The right digital marketing company can help you in assessing your website and telling you what is missing and how you can fix it. Using artificial intelligence, a digital marketing company can help you look deep down into your website&rsquo;s visitors&rsquo; behavior and can turn them into your potential customers. They can do it using social media marketing, pay-per-click, content marketing, website redesign, and search engine optimization with a whole website audit. So, what makes you wait to think about making a maximum profit out of your business? Maybe a link to contact the right place!</p>\r\n<p><a href="https://cynosuredesigns.co.uk/contact-us">Contact us now!</a></p>\r\n<p><strong>People also search for: <a href="https://cynosuredesigns.co.uk/blog/how-to-reach-the-right-audience-with-digital-marketing">how to reach the right audience with digital marketing?</a></strong></p>', 'posts/July2022/6DX3eT2evXgaaKiVYe22.webp', 'ai-in-analytics-helps-in-deep-customer-insights', 'Cynosure | AI in Analytics helps in deep customer insights', 'Artificial intelligence is all about recording your actions online and offline. Get deep customer insights using social media marketing, pay-per-click, content marketing.', 'PUBLISHED', 0, 0, '2022-07-29 10:05:23', '2022-07-29 10:05:23', 7),
	(20, 4, NULL, 'Website Redesign 2022: Boost Traffic And Sales With These Redesigning Tips', 'Web designing is a technical art and designers are expanding their ways to show off their creativity.', '<div class="table_of_contents_box">\r\n<p><strong>Table of Contents</strong></p>\r\n<ul class="table_of_contents">\r\n<li><a class="goto_sec" href="#overview">Overview</a></li>\r\n<li><a class="goto_sec" href="#delightful">Delightful Mini-sites </a></li>\r\n<li><a class="goto_sec" href="#one_page">One-page websites. </a></li>\r\n<li><a class="goto_sec" href="#web_based">Web-based scavenger hunts/web activity </a></li>\r\n<li><a class="goto_sec" href="#final_thoughts">Final Thoughts </a></li>\r\n</ul>\r\n</div>\r\n<p id="overview">Web designers have taken a shift in the work and have started creating sites as art. Art? Yes, you read it right. Web designing is a technical art and designers are expanding their ways to show off their creativity. This is what is selling in the market as well because it is something that maybe you too would want to see. It started back when the designers played with techniques to create websites for themselves and when it comes to your own thing, your area of experiment is infinite.</p>\r\n<p>Remember when the web was emerging and we would just enjoy the basic and simple things? Among all, my favorite was <strong>Google Dinosaur Game! </strong> It won&rsquo;t be wrong to say that we have landed in the earlier web period just like renaissance. As everything is shifting to 90s ideas and creativity then why not web designs. Well, obviously this fusion of high technology and that old creativity is nonetheless the best one yet.</p>\r\n<p>Taking the past creativity and future techniques, web design is evolving. This movement into the future is exciting and techniques like advanced interactions and animations and visual effects like <a href="https://www.freecodecamp.org/news/glassmorphism-design-effect-with-html-css/">glassmorphism</a> and grain. No code tools are used by designers to make it even smoother and easier.</p>\r\n<p>&nbsp;</p>\r\n<h2 id="delightful">Delightful Mini-sites</h2>\r\n<p>The world is in a scarcity of happiness and people rarely get attracted towards anything nowadays. As they say, excess of everything is bad, this is what has happened to us. Having an excess of technology, designs, tools and everything in our access has made us immune to everything. We don&rsquo;t get excited over things anymore. So, putting some humor into your web design can definitely get you some happy customers. Imagine a website that provokes laughter?</p>\r\n<p>&nbsp;</p>\r\n<p><img src="https://cynosuredesigns.co.uk//storage/posts/July2022/1-mini-sites.webp" alt="mini sites" /></p>\r\n<p>&nbsp;</p>\r\n<p>But what is a <a href="https://www.absoluteweb.com/what-is-a-minisite/">minisite</a> ? Well, as the name suggests, it is the smaller version of your website. You may say, it can be used for targeting a particular purpose without expanding it to all in one site. You can create special attractive graphics, animations and attract customers to a particular product or service without letting them stray into a bundle of things right in front of them.</p>\r\n<p>Now let&rsquo;s get back to humor. You can add humor to the site navigation, images, animation, videos and even content. A happy mind can become a happy customer and what else would you want? Imagine people coming to your website to enjoy the navigation humor? As they say fake it until you make it, we would say make it look like a serious site until they explore it is not!</p>\r\n<p>&nbsp;</p>\r\n<h2 id="one_page">One-page websites.</h2>\r\n<p>In a busy life having no time, who would spend time on a complex website? Especially when they have a bundle of options to jump to. Many times, it turns out that the least complex site is the most effective one. These one page websites are based on one <a href="https://cynosuredesigns.co.uk/services/ui-ux-designs">HTML page.</a> Single-page websites are ideal for those who want to attract a certain niche and give them a specific sort of user experience. Particularly when you don\'t have to be worried about people clicking on multiple pages, potentially in the wrong order, it\'s easy to regulate their behavior on your site and lead them in a certain way.</p>\r\n<p>&nbsp;</p>\r\n<p><img src="https://cynosuredesigns.co.uk//storage/posts/July2022/2-One-page-websites.webp" alt="one page websites" /></p>\r\n<p>&nbsp;</p>\r\n<p>These websites give the impression of carrying a leaflet or reading a poster. Every single information that you might need to search can be found on one page and one place without looking for multiple pages.</p>\r\n<p>&nbsp;</p>\r\n<h2 id="web_based">Web-based scavenger hunts/web activity</h2>\r\n<p>Human beings run behind curiosity and when there is none and you disclose everything, it&rsquo;s all boring again. So, keep a few things hidden and make them enjoy reaching the truth. Well, it is not a suspense movie, but yes the architecture of websites really lend themselves quite well to riddles and scavenger hunts. You can make different puzzles on the website, or put on some games or questions for the user to unlock the next step or information. Oh, we talked about a suspense movie so, yes make it a suspense website and make them stick to it till the end.</p>\r\n<p>&nbsp;</p>\r\n<p><img src="https://cynosuredesigns.co.uk//storage/posts/July2022/1-mini-sites.webp" alt="mini sites" /></p>\r\n<p>&nbsp;</p>\r\n<p>There are several inventive methods for concealing and revealing prompts, hints, and solutions. This is an example of how you can utilize your web design skills to create an enthralling puzzle.</p>\r\n<ul>\r\n<li>Display a word and let them solve it by riddle/clue</li>\r\n<li>Make them hunt, hide a word and let them find in your website</li>\r\n<li>Put a game on your website</li>\r\n<li>Let them be creative, make them draw shapes.</li>\r\n</ul>\r\n<h2 id="final_thoughts">Final Thoughts</h2>\r\n<p>This is not it, there are a hundred ideas, technologies and ways to make your web design look attractive and the idea behind keeping the users stick to your website is to convert them into leads. You can only make it happen when your web design is appealing. To learn more, you can <a href="https://cynosuredesigns.co.uk/">explore us</a>.</p>\r\n<p>&nbsp;</p>', 'posts/July2022/rVgeqCM12WtigUsrepFx.webp', 'website-redesign-2022-boost-traffic-and-sales-with-these-redesigning-tips', 'Website Redesign 2022 | Cynosure Designs', 'Web designers have taken a shift and have started creating sites as art. The idea behind keeping the users stick to your website is to convert them into leads.', 'PUBLISHED', 0, 0, '2022-07-29 10:22:00', '2022-07-29 10:25:27', 4),
	(21, 3, NULL, 'What Metaverse is?', 'Metaverse is a decentralized virtual world platform based on blockchain technology.', '<p>What is Metaverse Technology, and what is this project about? Is it about creating an open platform where people can easily share their content with others and interact in social communities? How is it going to benefit us in the long-term? There are many questions alike. Therefore we are sharing this blog to answer your every question. So let&rsquo;s get started!</p>\r\n<div class="table_of_contents_box">\r\n<p><strong>Table of Contents</strong></p>\r\n<ul class="table_of_contents">\r\n<li><a class="goto_sec" href="#whatIsMetaverse">What Is the Metaverse, Exactly?</a></li>\r\n<li><a class="goto_sec" href="#do_metaverse_exist">Are Metaverse and Internet the Same?</a></li>\r\n<li><a class="goto_sec" href="#access_metaverse">How do I access the Metaverse for now?</a></li>\r\n<li><a class="goto_sec" href="#what_can_metaverse_do">What can you do in the Metaverse?</a></li>\r\n<li><a class="goto_sec" href="#make_money_in_metaverse">How to make money in the Metaverse?</a></li>\r\n<li><a class="goto_sec" href="#hologram_metaverse">Can Holograms be used in the Metaverse?</a></li>\r\n<li><a class="goto_sec" href="#metaverse_today">Metaverse Today</a></li>\r\n<li><a class="goto_sec" href="#future_of_metaverse">Future of Metaverse</a></li>\r\n<li><a class="goto_sec" href="#final_thoughts">Final Thoughts</a></li>\r\n</ul>\r\n</div>\r\n<p>&nbsp;</p>\r\n<h2 id="whatIsMetaverse">What Is the <span class="theme_color">Metaverse</span>, Exactly?</h2>\r\n<p>Metaverse is a decentralized virtual world platform based on blockchain technology. In this virtual world, users can create their content, connect with others, and interact with the environment, overlapping our physical world. This term combines blended digital technologies, including video games, social media channels, emails, video chats, cryptocurrencies, movies, e-books, music, online business, and much more.&nbsp;</p>\r\n<p>Roblox corporation owns Metaverse, encompassing a wide range of concepts. The term Metaverse originated from two words, i.e., &ldquo;Meta&rdquo; and &ldquo;Universe,&rdquo; referring to the digital or 3D world that you can navigate using Augmented Reality (AR) and Virtual Reality (VR). Blockchain games, Non-Fungible Token (NFTs), and crypto payments aren\'t just for crypto geeks, but now they all are accessible as part of an evolving metaverse. You can see metaverse elements in today&rsquo;s popular virtual games, including Roblox, Second Life, Minecraft, and Fortnite.&nbsp;</p>\r\n<p>&nbsp;</p>\r\n<p><img src="https://cynosuredesigns.co.uk/storage/posts/August2022/1-metaverse.webp" alt="people talking to each other wearing VR" /></p>\r\n<p>&nbsp;</p>\r\n<h2>Are Metaverse and Internet the Same?&nbsp;</h2>\r\n<p>The answer is no. The relationship between the internet and the metaverse is one of the most discussed topics in the industry today. The internet is the infrastructure of the metaverse. It provides a platform for people to meet, socialize, and explore the metaverse. The internet also serves as a foundation for the metaverse to operate on.</p>\r\n<p>&nbsp;</p>\r\n<p><img src="https://cynosuredesigns.co.uk/storage/posts/August2022/2-Metaverse-and-Internet.webp" alt="people connected via internet" /></p>\r\n<p>&nbsp;</p>\r\n<p><strong>Read More:</strong>&nbsp;<a href="https://cynosuredesigns.co.uk/blog/how-are-the-tiktok-algorithms-working-in-2022">How are the TikTok Algorithms working in 2022?</a></p>\r\n<h2 id="do_metaverse_exist">Does Metaverse exist already?</h2>\r\n<p>To some extent, maybe yes, but still in its infancy stage. One thing is sure about Metaverse&mdash;we\'re all about to become very familiar with the immersive 3D experiences. As virtual reality is a transformative technology that could change everything we know about how we interact with the world around us and, in some ways, already have. While there are no guarantees that VR will ever reach the mainstream, it\'s a safe bet that the public will interact with a new array of digital worlds over the next few years.&nbsp;</p>\r\n<p>&nbsp;</p>\r\n<p><img src="https://cynosuredesigns.co.uk/storage/posts/August2022/3-does-metaverse-exist-already.webp" alt="person standing wearing VR glasses" /></p>\r\n<p>&nbsp;</p>\r\n<h2 id="access_metaverse">How do I access the Metaverse for now?</h2>\r\n<p>The metaverse is an entirely different dimension than our present reality that provides us with the capacity to explore the digital universe for ourselves or others to live out in the virtual realm without restriction, as long as you have your computer system and internet connection. The Users can gain access quickly to the metaverse by making their Avatars using the site. Decentraland also allows you to design individuals&rsquo; avatars through their website. Decentraland is a blockchain-based virtual reality platform similar to Second Life. You can purchase plots of land using cryptocurrency and build your world. These platforms are among the most effective and simple methods to access the metaverse.</p>\r\n<p>&nbsp;</p>\r\n<h2 id="what_can_metaverse_do">What can you do in the Metaverse?</h2>\r\n<p>The metaverse is something that is no longer restricted to your computer screen or smartphone. There are many ways to interact with this future version of the internet: through augmented reality headsets, holograms projected into our living rooms, or immersed in a digital environment. Discover what you can do in Metaverse:&nbsp;</p>\r\n<p>&nbsp;</p>\r\n<p><img src="https://cynosuredesigns.co.uk/storage/posts/August2022/4-what-can-you-do-in-metaverse.webp" alt="person running in a game" /></p>\r\n<p>&nbsp;</p>\r\n<h3 class="theme_color">Create Avatar</h3>\r\n<p>You can create an avatar of yourself in the Metaverse at any time. You can choose the gender, name, appearance, and even voice. If you want to make them look unique, you can upload a picture of yourself as their avatar.&nbsp;</p>\r\n<h3 class="theme_color">Play Video Games</h3>\r\n<p>There are many games to play in the Metaverse. You can play video games alone or by inviting your friends as the games are to relax, have fun, learn something new, or compete with others.</p>\r\n<h3 class="theme_color">Socialize and Meet People</h3>\r\n<p>The Metaverse is filled with people from all over the world. You can talk to them, hang out with them, or say hi. You can also join groups of people who share similar interests.</p>\r\n<h3 class="theme_color">Watch Movies</h3>\r\n<p>Metaverse is an excellent source for watching movies. You can watch movies anywhere, anytime, and with anyone; that is a perfect way to relax.&nbsp;</p>\r\n<h3 class="theme_color">Listen to music</h3>\r\n<p>Music is always playing somewhere in the Metaverse. Whether it\'s a radio station, a playlist on Spotify, or Soundcloud, you\'ll never run out of options.</p>\r\n<h3 class="theme_color">Online Education</h3>\r\n<p>Metaverse is an online social network that provides a platform for creating, discussing, and sharing knowledge in real-time, using video chats like Skype, Zoom, Google Meet etc. It is designed to focus on education, collaboration, discussion, and development of ideas by all members regardless of background or skills level.</p>\r\n<h3 class="theme_color">Online shopping</h3>\r\n<p>Shopping is a popular activity in the Metaverse. People shop and purchase a variety of items from online stores. Shops sell items ranging from apparel, weapons, and more products that every user needs.</p>\r\n<h3 class="theme_color">Explore</h3>\r\n<p>The Metaverse is full of different things to explore. There are many places to go, people to meet, and things to experience virtually.</p>\r\n<p>&nbsp;</p>\r\n<h2 id="make_money_in_metaverse">How to make money in the Metaverse?</h2>\r\n<p>Metaverse (MV) is a virtual universe where users can create their avatars and interact with each other in various activities. These activities include socializing, shopping, playing games, and many others. Listed below are some of the sources to make money on metaverse:</p>\r\n<p><img src="https://cynosuredesigns.co.uk/storage/posts/August2022/5-money-in-the-metaverse.webp" alt="Virtual Reality" /></p>\r\n<p>&nbsp;</p>\r\n<h3 class="theme_color">Create a Virtual Currency</h3>\r\n<p>Virtual currencies are digital assets that exist only online. Many virtual currencies exist, including Bitcoin, Ethereum, Litecoin, Dogecoin, etc. Virtual currencies have no physical representation, unlike traditional currencies. Instead, they are represented by codes that use cryptography to secure transactions and verify ownership. The Metaverse runs on the technology of blockchain and digital currency called &ldquo;ether.&rdquo; It allows users to buy, sell and trade goods and services using ether, the native currency of this virtual environment, a type of <a href="https://www.kaspersky.com/resource-center/definitions/what-is-cryptocurrency">cryptocurrency</a>.&nbsp;</p>\r\n<h3 class="theme_color">Sell items on Metaverse</h3>\r\n<p>You can sell anything in the marketplace called the Metaverse Market. If you want to sell something yourself, you need to upload pictures of the item, set its price, and then wait for buyers to contact you. The first thing you should do when getting into selling on the market is to familiarize yourself with the process; this will help you get things done faster and more efficiently, and it will also increase the chances of selling something for a decent profit, instead of losing money.&nbsp;</p>\r\n<h3 class="theme_color">Metaverse Real Estate</h3>\r\n<p>The land parcels, also called properties in Metaverse&rsquo;s blockchain ecosystem, can be purchased and sold through a NEP-5 token (MKR) app. Users can also earn income by renting out their land parcels to other network users in exchange for MKR tokens. The real estate market has been on the rise across many countries for quite some time now because owning a house can be considered one of the safest investments around the world, especially when it comes to keeping from inflation. If you have a plot of land, you can rent it out and receive a monthly payment.</p>\r\n<h3 class="theme_color">Play to Earn Games</h3>\r\n<p>Yes! You read that right. Play to earn is a game where players can make money by completing tasks, watching ads, buying, selling, or simply spending time in the game. There are different types of currencies in the game, and players can earn additional income by performing various tasks. You can start earning points that can be redeemed for rewards, including gift cards, merchandise, and even cash!</p>\r\n<h3 class="theme_color">Become a Freelancer</h3>\r\n<p>Freelancing is becoming increasingly popular in the metaverse, especially after Covid-19. Freelance services are online platforms where people can offer their skills and expertise to others via the internet. In Freelancing, you may provide writing, programming, website design, consulting, technical support, translation, <a href="https://cynosuredesigns.co.uk/services/digital-marketing">digital marketing</a>, public relations, editing, coaching, accounting, and many more services. Freelancing is a great way to earn money online, and you can do it anywhere where there\'s an internet connection, at any time, according to your ease.</p>\r\n<h3 class="theme_color">Open an Art Gallery</h3>\r\n<p>The Metaverse art gallery allows users to view artwork created by designers or artists. Users could purchase artwork online that they find exciting and display it in their homes. Art galleries can have different paintings, sculptures, and other art pieces. Once you have opened up your art gallery online, you need to start selling your work by figuring out how much you want to charge per piece. There are many ways to sell your work, including the <a href="https://cynosuredesigns.co.uk/services/web-development">development of website</a>, email marketing or social media marketing.</p>\r\n<p>&nbsp;</p>\r\n<p><strong>Read More:</strong> <a href="https://cynosuredesigns.co.uk/blog/what-are-the-7-types-of-digital-marketing">What are the 7 Types of Digital Marketing?</a></p>\r\n<p>&nbsp;</p>\r\n<h2 id="hologram_metaverse">Can Holograms be used in the Metaverse?</h2>\r\n<p>Holograms are another gateway to the metaverse. Holographic technology is a type of holography that uses computer-generated images to produce three-dimensional (3D) images. These images are created using femtosecond lasers, which make interference patterns that give off the illusion of depth. In the case of virtual reality, these images are displayed on a screen that the user wears on their head.&nbsp;</p>\r\n<p>Holograms offer more options in metaverse than avatars. Holograms are also being used to create virtual reality experiences. Holographic displays have made significant leaps in recent years, with 3D video content becoming more readily available and accessible across multiple devices, including traditional 2D displays and VR headsets. Holograms are even used to make holographic films that resemble real-life scenes.</p>\r\n<p>&nbsp;</p>\r\n<p><img src="https://cynosuredesigns.co.uk/storage/posts/August2022/6-holograms.webp" alt="A man Standing wearing VR" /></p>\r\n<p>&nbsp;</p>\r\n<h2 id="metaverse_today">Metaverse Today</h2>\r\n<p>The metaverse is not dead; it is just in its development stage. We have seen significant progress over the last few years, but we still have a long way to go before getting to where we want to be. We are currently working on the second iteration of the protocol, and this version will take us to our ultimate goal: the &ldquo;metaverse&rdquo; of true decentralization, where anyone can participate at any time, anywhere in the world. This would be a much more significant change than we\'ve seen before, as companies like Amazon or Walmart have locked up the real world of physical assets for years. Now we are entering a new era in which everyone will be able to connect to their virtual economies and share ownership of these virtual worlds.</p>\r\n<p>&nbsp;</p>\r\n<h2 id="future_of_metaverse">Future of Metaverse</h2>\r\n<p>We believe that the future of the metaverse is bright. With metaverse, a user could explore different planets and locations in VR without ever having to leave their home or even a comfortable position on Earth, for that matter! The metaverse as perceived now is a large and complex system built upon multiple technologies and platforms ranging from AR to IoT to VR to 3D experiences and beyond! The idea of creating a virtual universe or metaverse has been around since the 1970s, but there have been few attempts to achieve this over the years.</p>\r\n<p>How will the future Metaverse differ from the current Internet? A new Metaverse will use <a href="https://en.wikipedia.org/wiki/3D_modeling">3D models</a> instead of 2D images and text on web pages to navigate content and build applications:&nbsp;</p>\r\n<ul>\r\n<li>You will be able to walk through virtual worlds that you create and share with others.</li>\r\n<li>Can interact with your friends&rsquo; avatars as if they were real people.</li>\r\n<li>Can send your avatar into a virtual space where it can play games or do other things, such as write messages back to you.</li>\r\n<li>Download virtual objects like clothing and jewelry and place them onto your avatar&rsquo;s body.</li>\r\n<li>Able to view the &ldquo;backstage&rdquo; of a website or blog, how it was created, and where it comes from.&nbsp;</li>\r\n</ul>\r\n<p>&nbsp;</p>\r\n<p><img src="https://cynosuredesigns.co.uk/storage/posts/August2022/7-future-of-metaverse.webp" alt="3d Person connected to future" /></p>\r\n<p>&nbsp;</p>\r\n<h2 id="final_thoughts">Final Thoughts!</h2>\r\n<p>Ultimately by combining augmented reality with virtual reality, the two concepts will merge into one super-realistic experience that can offer a new way to interact with computers in everyday life. It&rsquo;s only a matter of time, and we&rsquo;ll see what happens in the future as this technology continues to evolve! But metaverse has a long way to go before it is fully optimized.</p>\r\n<p>&nbsp;</p>\r\n<p><strong class="theme_color">Metaverse, the Virtual World of Reality. Let&rsquo;s live in the Future!</strong></p>\r\n<p>&nbsp;</p>\r\n<p><strong>Suggested Reads:</strong> <a href="https://cynosuredesigns.co.uk/blog/ai-in-analytics-helps-in-deep-customer-insights">AI in Analytics helps in deep customer insights</a></p>\r\n<p>&nbsp;</p>', 'posts/August2022/uJz0jnm8RDXpQGIayDSZ.webp', 'what-metaverse-is', 'What Metaverse is? | Blog | Cynosure Designs', 'The combination of AR and VR, the two concepts will merge into one super-realistic experience that can offer a new way to interact with computers.', 'PUBLISHED', 1, 0, '2022-08-05 09:30:00', '2022-08-05 10:30:42', 6),
	(22, 3, NULL, 'What is UI/UX Design? Everything You\'re Wondering About!', 'UI/UX design is the foundation of an effective website or an application.', '<div class="table_of_contents_box">\r\n<p><strong>Table of Contents</strong></p>\r\n<ul class="table_of_contents">\r\n<li><a class="goto_sec" href="#overview">Overview</a></li>\r\n<li><a class="goto_sec" href="#user_exp_design">What is User Experience (UX) Design? </a></li>\r\n<li><a class="goto_sec" href="#user_interface">What is user interface (UI) design? </a></li>\r\n<li><a class="goto_sec" href="#ui_vs_ux">UI Vs UX </a></li>\r\n<li><a class="goto_sec" href="#work_together">How They Work Together </a></li>\r\n<li><a class="goto_sec" href="#importance_ui_ux">Importance of UI/UX </a></li>\r\n<li><a class="goto_sec" href="#good_ui_ux">What Makes a Good UX and UI Design? </a></li>\r\n<li><a class="goto_sec" href="#ui_designer">What Does a UI/UX Designer Do? </a></li>\r\n<li><a class="goto_sec" href="#nutshell">In a Nutshell</a></li>\r\n</ul>\r\n</div>\r\n<p id="overview">UI/UX has played a vital role in advancing product development and has become a hallmark of that purpose. UI/UX design is the foundation of an effective website or an application. If you want to create a great, engaging, and useful website for your business, then you must be aware of the importance of <a href="https://cynosuredesigns.co.uk/services/ui-ux-designs">UI/UX design</a> and its role in website creation.</p>\r\n<p>&nbsp;</p>\r\n<h2 id="user_exp_design">What is User Experience (UX) Design?</h2>\r\n<p>UX refers to the overall experience of an individual using a website, system or an application. Especially regarding individuals\' ease of use, navigating a product, and interaction with the content displayed. User experience is the sum of all interactions between a person and a system/product/service. It includes the physical aspects of the interaction, e.g., touch, sight, and sound, as well as the cognitive and emotional aspects, e.g., ease of learning and usefulness.</p>\r\n<p>UXD-User Experience Design is about understanding people\'s behavior and motivations and then using those insights to create experiences that are intuitive, useful, and delightful. User experience designers can also modify existing products based on user feedback. A good user experience optimized for digital products and services improves their performance and marketability as customers will positively react to them. Successful user experiences are tailored toward the specific needs of individuals, based on their preferences, interests, traits, personas, etc.</p>\r\n<p>Experienced UX designers use a wide range of specialized <a href="https://cynosuredesigns.co.uk/services/software-development">software applications</a> to plan, prototype, test, document, publish and market their designs. For instance, digital communication application facilitate face-to-face meetings between business owners and clients in real-time &mdash; all thanks to UX-designed platform such as Skype. Discussed below are the three main approaches used in user experience design.</p>\r\n<p>&nbsp;</p>\r\n<h3>1. User-Centered Approach:</h3>\r\n<p>this term was introduced by <a href="https://en.wikipedia.org/wiki/Don_Norman">Don Norman</a>, the father of UX, who defined it as "designing things for people rather than designing things around people." The user-centered design focuses on the end user and asks questions such as: What do they want? How might they use it? Why would they use it? And how should we make it easier for them to get what they need?</p>\r\n<p>&nbsp;</p>\r\n<h3>2. User Research:</h3>\r\n<p>the method of gathering information about potential users of a product or service. It involves observing actual users in their natural environment, asking them questions, and analyzing the data collected.</p>\r\n<p>&nbsp;</p>\r\n<h3>3. Usability Testing:</h3>\r\n<p>the technique used to evaluate the usability of a website or software application. It involves having participants perform tasks while being observed by researchers.</p>\r\n<p>&nbsp;</p>\r\n<p>&nbsp;</p>\r\n<p><img src="https://cynosuredesigns.co.uk/storage/posts/August2022/1-user-experience.webp" alt="" /></p>\r\n<p>&nbsp;</p>\r\n<p><strong>Read more:</strong> <a href="https://cynosuredesigns.co.uk/blog/the-top-3-ux-design-trends-for-2022">The Top 3 UX Design Trends for 2022</a></p>\r\n<p>&nbsp;</p>\r\n<h2 id="user_interface">What is User Interface (UI) Design?</h2>\r\n<p>The User Interface Design refers to the look and feel of an application or a website, encompassing the layout screen, typography, color theme, menus, buttons, icons, and other visual elements you interact with. UI designers excel at designing intuitive user interfaces that are easy to understand and navigate without errors or interruptions. Designs must be simple enough for users with limited technical knowledge to understand easily without help from developers or technical support personnel. The compatible designs make the users complete their tasks quickly and efficiently without slowing down systems or consuming excessive storage space.</p>\r\n<p>&nbsp;</p>\r\n<p>&nbsp;</p>\r\n<p><img src="https://cynosuredesigns.co.uk/storage/posts/August2022/2-user-interface.webp" alt="" /></p>\r\n<p>&nbsp;</p>\r\n<p>User interface (UI) designers create beautiful apps and websites that are easy for users to understand and navigate using common sense. The UI designs are secured enough to prevent unauthorized access by hackers or other online snoopers. UI professionals understand user interface design theory&mdash; how to apply user interfaces to apps and hardware&mdash; which is essential in creating effective interfaces. The apps such as social media platforms like Facebook, Twitter, and <a href="https://en.wikipedia.org/wiki/LinkedIn">Linkedin</a> look great on all major mobile operating systems and incorporate highly-designed UIs.</p>\r\n<p>Companies can <a href="https://cynosuredesigns.co.uk/contact-us">hire our UI/UX experts</a> to create customized UI designs for their products or websites. This way, users will not get frustrated by elements not appearing where they expect them or being unable to access functions they need due to poorly designed menus or controls.</p>\r\n<p>&nbsp;</p>\r\n<h2 id="ui_vs_ux">UI VS UX</h2>\r\n<p>User interface and user experience are two design concepts that frequently get confused. However, they involve working closely with software engineers to create useful products. Both user interfaces and user experiences require special expertise. Here we will mention the key differences between UX and UI.</p>\r\n<p>&nbsp;</p>\r\n<table class="table table-bordered">\r\n<thead>\r\n<tr>\r\n<th scope="col">UX - User Experience</th>\r\n<th scope="col">UI - User Interface</th>\r\n</tr>\r\n</thead>\r\n<tbody>\r\n<tr>\r\n<td>Interaction Design</td>\r\n<td>Visual Design</td>\r\n</tr>\r\n<tr>\r\n<td>User Research</td>\r\n<td>Layouts</td>\r\n</tr>\r\n<tr>\r\n<td>Wireframes</td>\r\n<td>Color Palettes</td>\r\n</tr>\r\n<tr>\r\n<td>Experience</td>\r\n<td>Appearance</td>\r\n</tr>\r\n<tr>\r\n<td>Informational Flow</td>\r\n<td>Graphic Design</td>\r\n</tr>\r\n<tr>\r\n<td>Focus on Interactions</td>\r\n<td>Focus on Tools</td>\r\n</tr>\r\n<tr>\r\n<td>Useful and Accessible</td>\r\n<td>Content</td>\r\n</tr>\r\n<tr>\r\n<td>Customers Insights</td>\r\n<td>Branding &amp; Guidelines</td>\r\n</tr>\r\n<tr>\r\n<td>Creative Thinking</td>\r\n<td>Systematic Thinking</td>\r\n</tr>\r\n<tr>\r\n<td>Collaborate with UI designer</td>\r\n<td>UI is a Part of UX</td>\r\n</tr>\r\n<tr>\r\n<td>Prototype</td>\r\n<td>Typography</td>\r\n</tr>\r\n<tr>\r\n<td>User Needs</td>\r\n<td>Business Goals</td>\r\n</tr>\r\n</tbody>\r\n</table>\r\n<p>&nbsp;</p>\r\n<p>A good UI/UX needs to be comfortable for the users and to run an entire operating system. It also has to be intuitive for machines as well as aesthetically pleasing. Both aspects are vitally important in determining how successful a product is.</p>\r\n<p>&nbsp;</p>\r\n<h2 id="work_together">How They Work Together?</h2>\r\n<p>UI and UX designers work together in close collaboration to make sure that all efforts are directed toward the same path toward meeting the user\'s needs and expectations. UI designers are the ones who create the final design for the products and services since the final presentation can have an impact on UX. Since it\'s a collaborative initiative, the two design teams work together to create the user interface and experience. In the development process, a UX designer determines how the user interface operates, and the UI designer determines how the user interface appears.</p>\r\n<p>The UI team works on the design, layout, and interface elements that display in a way that is visually appealing to the user\'s eyes. UX designers handle several tasks focused on improving an item for efficient and enjoyable use. Based on the professional\'s experience and team size, one person may be handling these two jobs simultaneously. But, if there is more than one member in these roles, communication between them is essential to the success of a product.</p>\r\n<p>Let\'s suppose that at some point during the design process, additional buttons are required for the screen. This addition could alter how buttons need to be organized and may mean changing their size or shape. The UX team will determine the most effective and easy way to arrange the buttons, while the UI team adjusts their designs to match the latest layout.</p>\r\n<p>Continuous communication and cooperation among UI and UX designers ensure that the user interface is as beautiful as possible while operating smoothly and hassle-free.</p>\r\n<p><img src="https://cynosuredesigns.co.uk/storage/posts/August2022/3-how-they-work.webp" alt="" /></p>\r\n<h2>&nbsp;</h2>\r\n<h2 id="importance_ui_ux">Importance of UI/UX</h2>\r\n<h3>Increase ROI</h3>\r\n<p>A good interface design provides your users with easy navigation and engaging content. This makes visitors happy with your <a href="https://cynosuredesigns.co.uk/services/web-development">website\'s service</a>. Also, satisfied customers will be a source of more conversions as they will also recommend your business to others, i.e., word of mouth. In addition, they will be more loyal to your company and keep coming back. In this way, your Return on Investment will boost.</p>\r\n<h3>Attract and Engage Users</h3>\r\n<p>Before you can generate UI/UX, you need to understand all your customers\' interests. This strategy will make you create a plan to design an interface that will appeal the users and engage them with your displayed content. Additionally, <a href="https://cynosuredesigns.co.uk/services/ui-ux-designs">UI/UX services</a> allow you to segment your audience, which is important to understand what your audience wants. Most importantly, understanding users properly can easily convert them into loyal customers. Therefore, your actual sales will increase.</p>\r\n<h3>Elevate your Brand Identity</h3>\r\n<p>Investing in the UI/UX design of the system helps increase consumer satisfaction, which makes customers happy. People love working with brands that satisfy their demands and needs. When satisfied, they help you improve your site by letting you know what features need updating and what additions are needed so far. This increases your company\'s credibility as customers develop a good relationship with your brand. All of these factors help in making your brand&rsquo;s name worldwide.</p>\r\n<h3>User-friendly</h3>\r\n<p>Have you ever wondered why most mobile apps have menus at the bottom instead of the usual desktop top menu? This model is the most popular for a reason. Based on UX research, it makes navigation easier because it stays in the same place no matter what page you\'re viewing. It\'s easier to continue what they want to do on a given screen. The combination of UI/UX services are the perfect solution to make an application or site user-friendly for a specific target market. Most users care about convenience, so a boom of apps and devices has been invented to make your life easier. Therefore, users can browse the application unhindered, leading to the product\'s simplicity, which will likely inform whether the application will succeed.</p>\r\n<h3>Business Growth</h3>\r\n<p>UI/UX focuses on user satisfaction and thus plays an important role in business success. Your product influences a potential customer\'s decision to use your service/product. UI/UX design is important to build brand identity and capture user attention. This lead to business growth and revenue generation and is critical to the company\'s reputation. If a company can implement a user-centric strategy, it will increase customer satisfaction and retention.</p>\r\n<p>&nbsp;</p>\r\n<h2 id="good_ui_ux">What Makes a Good UX and UI Design?</h2>\r\n<p>UX and UI design are essential in any web design, system, software and application. Great user experiences and interfaces make your system easy to use and aesthetically pleasing. Strong UX skills allow you to understand users\' needs and create an intuitive user interface. Good UI design is based on solid engineering principles that ensure your application functions as intended. Experienced UX designers know how to work with engineers to create a stable product. Meanwhile a good UI designer should have a solid understanding of the whole design process. And the planning skills will allow the UX designer to clearly articulate the goals for a new project or app interface.</p>\r\n<p>Planning how users will interact with your designs is crucial for creating truly intuitive applications and websites for the public eye. Good communication skills with clients and project team members are also important traits of a successful UI designer. Many designers have varying opinions on what makes a good UX and UI design. Here are some opinions on the subject from leading industry professionals.</p>\r\n<p>&nbsp;</p>\r\n<p>&nbsp;</p>\r\n<p><img src="https://cynosuredesigns.co.uk/storage/posts/August2022/4-uiux.webp" alt="" /></p>\r\n<h3>&nbsp;</h3>\r\n<h3>UX - User Experience Elements</h3>\r\n<ul>\r\n<li><strong>Usable: </strong>website or application must be easy and simple to use.</li>\r\n<li><strong>Useful: </strong>content must be helpful and original to fulfill the needs and requirements.</li>\r\n<li><strong>Accessible: </strong>content must be easily accessible by the users to engage them.</li>\r\n<li><strong>Findable: </strong>users must be able to find easily what they are looking for.</li>\r\n<li><strong>Credibility: </strong>able to gain users\' trust and loyalty with the brand.</li>\r\n<li><strong>Desirable: </strong>content must be attractive and desirable to gain users\' attention.</li>\r\n</ul>\r\n<p>&nbsp;</p>\r\n<h3>UI - User Interface Elements</h3>\r\n<ul>\r\n<li>Prioritize the appearance and layout of the interface</li>\r\n<li>Encompassed with language, color theme, typography, images, videos, and other visual elements.</li>\r\n<li>Focus on the usability and accessibility</li>\r\n<li>Seamless interaction with the content</li>\r\n<li>Include components like:\r\n<ul>\r\n<li><strong>Input Components: </strong>toggles, buttons, checkboxes, list boxes, radio buttons, dropdown lists, text fields, etc.</li>\r\n<li><strong>Navigational Components: </strong>icons, tags, pagination, slider, search field, etc</li>\r\n<li><strong>Informational Components: </strong>notifications, message boxes, tooltips, progress bar, modal windows, etc.</li>\r\n</ul>\r\n</li>\r\n</ul>\r\n<p>&nbsp;</p>\r\n<h2 id="ui_designer">What Does a UI/UX Designer Do?</h2>\r\n<p>If you like the idea of creating awesome user experiences but see yourself as a more visual person, you may be more interested in UI design. You\'ll find a brief snapshot of the key tasks below or a more comprehensive explanation of what a UI/UX designer does in this blog.</p>\r\n<ul>\r\n<li>Designers use a method of gathering, analyzing, and translating both qualitative and quantitative user data into actionable insights.</li>\r\n<li>Create user-centered designs by understanding business needs, the voice of the customer, user journeys, customer feedback, and usability results.</li>\r\n<li>Completely understand the motivations, needs, and problems of the people who will use your design. If you want the result to be functional and meaningful, it must be built with empathy. Forget about yourself. Listen and understand what your users want.</li>\r\n<li>Quickly and iteratively create user flows, wireframes, prototypes, and low-fidelity and high-fidelity mockups to give you and your team a better idea of what the final product will look like. The UI designer will add visual or interface elements at this stage.</li>\r\n<li>Communicate with the engineering teams as well as stakeholders and executives. While making sure the voice of the customer is present by incorporating customer feedback, usage metrics, and usability survey results into the design.</li>\r\n</ul>\r\n<p>&nbsp;</p>\r\n<p><img src="https://cynosuredesigns.co.uk/storage/posts/August2022/5-uiux-designers.webp" alt="" /></p>\r\n<h2>&nbsp;</h2>\r\n<h2 id="nutshell">In a Nutshell</h2>\r\n<p>Cynosure Designs can create the bespoke UI/UX designs for the application, website, system and software that help to win the consumers\' confidence and provide them with what they are looking for. The number of customers you get on your website/application can measure great UI and UX success. A satisfied customer is mostly like to stay a loyal customer of the brand. We ensure a good review from a happy client that will increase the credibility of your business. Ultimately, all these factors will lead your business\'s optimal growth and success and help raise the brand value.</p>\r\n<p><strong>Designers work hard to make interaction with technology easy and enjoyable for everyone! </strong></p>\r\n<p><strong>Suggested Reads:</strong> <a href="https://cynosuredesigns.co.uk/blog/boost-your-business-multifold-through-an-optimized-ui-ux-design">Boost your Business Multifold through an Optimized UI/UX Design</a></p>', 'posts/August2022/WjmCYRJY96XIoZY9OaUc.webp', 'what-is-ui-ux-design', 'What is UI/UX Design? | Blog | Cynosure Designs', 'Cynosure Designs’ in-house team has the expertise to create effective and engaging UI/UX designs for the application, website, and system that help to gain the users\' attention.', 'PUBLISHED', 0, 0, '2022-08-25 05:52:00', '2022-08-25 07:05:49', 7),
	(23, 3, NULL, 'Build a Brand- A Complete Guide', 'Brand building is developing a unique identity by promoting your business or brand.', '<div class="table_of_contents_box">\r\n<p><strong>Table of Contents</strong></p>\r\n<ul class="table_of_contents">\r\n<li><a class="goto_sec" href="#overview">Overview</a></li>\r\n<li><a class="goto_sec" href="#brand_building">What is Brand Building?</a></li>\r\n<li><a class="goto_sec" href="#power_of_brand">The Power of a Brand Name</a></li>\r\n<li><a class="goto_sec" href="#steps_for_brand_bulding">Steps for a Successful Brand Building Process</a>\r\n<ul>\r\n<li><a class="goto_sec" href="#identify">1. Identify Your Target Audience </a></li>\r\n<li><a class="goto_sec" href="#define">2. Define Your Brand </a></li>\r\n<li><a class="goto_sec" href="#choose_name">3. Choose a Name for your Brand </a></li>\r\n<li><a class="goto_sec" href="#competition">4. Competition Analysis </a></li>\r\n<li><a class="goto_sec" href="#create_vision">5. Create a Vision Statement </a></li>\r\n<li><a class="goto_sec" href="#develop_mission">6. Develop a Mission Statement </a></li>\r\n<li><a class="goto_sec" href="#determine_marketing">7. Determine Your Marketing Strategy </a></li>\r\n<li><a class="goto_sec" href="#build_website">8. Build a Website </a></li>\r\n</ul>\r\n</li>\r\n<li><a class="goto_sec" href="#nutshell">In a Nutshell</a></li>\r\n</ul>\r\n<p>&nbsp;</p>\r\n</div>\r\n<p id="overview">The concept of the brand is defined by its name, logo, tagline, color theme, design, and advertising campaign. Branding is a way of making consumers aware of a company\'s products and services. A brand is a promise to the consumer. Consumers want to know what they\'re buying and have specific questions while purchasing anything from the brand, like how long it will last and whether it will meet their expectations. Consumers expect certain things from the brand when they buy a product or service. If those expectations aren\'t satisfied, then the consumer may feel disappointed.</p>\r\n<p>&nbsp;</p>\r\n<h2 id="brand_building">What is Brand Building?</h2>\r\n<p>Brand building is developing a unique identity by promoting your business or brand. A brand is what people think about when they hear your name. It\'s how you make yourself memorable. To build a strong brand, you need to create a clear message that resonates with your target audience if you want to stand out from the crowd and get noticed.</p>\r\n<p>The <a href="https://cynosuredesigns.co.uk/services/branding">branding services</a> of a reputable branding agency can build your brand, generate more leads and boost sales. Companies spend millions of dollars each year on branding campaigns. The most crucial element in brand building is understanding who you are trying to reach. What is your target audience? What do they care about? What motivates them? What problems does your product solve? These questions help you develop a strategy for communicating your brand.</p>\r\n<p><img src="https://cynosuredesigns.co.uk/storage/posts/August2022/1-what-is-brand-building.webp" alt="" /></p>\r\n<p>&nbsp;</p>\r\n<p><strong>Suggested Reads: </strong><a href="https://cynosuredesigns.co.uk/blog/what-is-branding-and-how-it-helps-in-business">What is branding and how it helps in business</a></p>\r\n<p>Once you have a plan, you need to put it into action. Today the most popular methods include advertising, public relations, direct mail, word-of-mouth, <a href="https://cynosuredesigns.co.uk/services/digital-marketing/smm">social media marketing</a> , and many other promotion channels. To create a successful brand, ensure you\'re doing things that matter to your customers. If you\'re not getting feedback, you\'re probably not doing anything right. Keep testing until you find something that works.</p>\r\n<p>&nbsp;</p>\r\n<h2 id="power_of_brand">The Power of a Brand Name</h2>\r\n<p>The company\'s trademark that symbolizes its products and services is associated with the power of the brand\'s name. Brands have become increasingly popular over the past years, especially among consumers who want to buy quality products at affordable prices. When purchasing a product, people often choose brands they know and trust. Some people prefer to buy branded goods rather than generic ones. In today\'s world, however, companies use various <a href="https://cynosuredesigns.co.uk/services/marketing-strategy">marketing strategies</a> to communicate their message.</p>\r\n<p>Branding is considered essential to help companies build customer engagement and loyalty. Customers associate specific brands with good service and quality products. As a result, they tend to buy the same brands repeatedly. Moreover, many people believe that if a product comes with a well-known brand name, then it must be safe and reliable. Therefore, companies that invest in branding can increase sales and profits.</p>\r\n<p>&nbsp;</p>\r\n<p>So, <a href="https://cynosuredesigns.co.uk/contact-us">connect with Cynosure Designs</a> , the U.K based Brand Design Agency, to get the most out of the best brand designs for you.</p>\r\n<p>&nbsp;</p>\r\n<p><img src="https://cynosuredesigns.co.uk/storage/posts/August2022/2-power-of-brand-name.webp" alt="" /></p>\r\n<h2>&nbsp;</h2>\r\n<h2 id="steps_for_brand_bulding">Steps to a Successful Brand Building Process</h2>\r\n<p>Building a successful brand is a challenging process but can be extremely rewarding. Brands have the power to make money and gain public trust. Understanding the concepts of branding is essential for achieving success in this field. Successful brands are memorable and use a consistent message across all media channels. Considering these steps helps create a fantastic brand that customers can engage with.</p>\r\n<p>&nbsp;</p>\r\n<h3 id="identify">1. Identify Your Target Audience</h3>\r\n<p>The first step in any brand-building process is identifying who your target audience is. Who do you want to reach? What demographic do you want to attract? Where do they live? What are their interests? What are their hobbies? What types of products do they use? These are just some examples of questions to help identify your target audience. Once you have placed your target audience, you need to determine what they want and how you can give them what they are interested in.</p>\r\n<p><strong>Read more:</strong> <a href="https://cynosuredesigns.co.uk/blog/how-to-reach-the-right-audience-with-digital-marketing">How to Reach the Right Audience with Digital Marketing</a></p>\r\n<p>&nbsp;</p>\r\n<h3 id="define">2. Define Your Brand</h3>\r\n<p>Once you have determined your target audience, you can define your brand\'s purpose. As a brand is "a name, term, design, symbol, or other feature that identifies one seller\'s goods and distinguishes them from others." When someone hears the word <a href="https://www.starbucks.com">"Starbucks</a>," or sees the logo of Starbucks, they immediately think of coffee. To create a successful brand, you need to define what your brand stands for. Do you want to be known for being environmentally friendly? Do you want to be seen as a reliable business partner? Do you like to offer high-quality products at affordable prices? All of these are great ways to describe your brand.</p>\r\n<p>&nbsp;</p>\r\n<p>&nbsp;</p>\r\n<p><img src="https://cynosuredesigns.co.uk/storage/posts/August2022/3-define-your-brand.webp" alt="" /></p>\r\n<h3>&nbsp;</h3>\r\n<h3>&nbsp;</h3>\r\n<h3 id="choose_name">3. Choose a Name for your Brand</h3>\r\n<p>After you have decided on the purpose of your business, you need to choose a name for your brand. Choosing a name for your brand is extremely important because it sets the tone for everything else that comes after. If you choose a name that sounds generic or does not suit the business, no matter how well you market your brand, people won\'t remember it. On the other hand, if you pick a catchy or interesting name, people will still remember it even if you don\'t market your brand correctly.</p>\r\n<p>&nbsp;</p>\r\n<h3 id="competition">4. Competition Analysis</h3>\r\n<p>Competitor research can help your organization get an accurate idea of the trends happening in the marketplace that you could have missed otherwise. Identifying trends and predicting future movements can be a huge asset for any business. Competition analysis is an essential component that you should constantly be doing. This strategic research will enable you to review the information about rival firms. It\'s a crucial tactic in finding out what your competitors are doing and what kind of threats you can face during your success.</p>\r\n<p>&nbsp;</p>\r\n<p><img src="https://cynosuredesigns.co.uk/storage/posts/August2022/4-competitive-analysis.webp" alt="" /></p>\r\n<h3>&nbsp;</h3>\r\n<h3 id="create_vision">5. Create a Vision Statement</h3>\r\n<p>A vision statement describes precisely what you want your brand to stand for. It helps you focus on where you want your brand to go rather than where you have been. An excellent example of a vision statement would be " We will continue to provide our customers with high-quality products at affordable prices while maintaining a positive environmental impact."</p>\r\n<p>&nbsp;</p>\r\n<h3 id="develop_mission">6. Develop a Mission Statement</h3>\r\n<p>A mission statement explains why you want to build your brand. This statement explains to potential customers why you exist and what you hope to accomplish. An excellent example of this would be, "Our goal is to provide our customers with the highest quality products at the lowest possible price. We believe that we can achieve this goal by providing superior customer services and offering only the best products available." It is often used in conjunction with a vision statement.</p>\r\n<p>&nbsp;</p>\r\n<h3 id="determine_marketing">7. Determine Your Marketing Strategy</h3>\r\n<p>Now that you have a clear idea of your brand and why you want to build it, you need to decide how you plan to market it. There are many different marketing strategies that you can choose from, including direct mail, radio advertising, PPC, television advertisements, print ads, social media marketing, etc. You need to consider each option carefully before choosing one for your business.</p>\r\n<p>&nbsp;</p>\r\n<h3 id="build_website">8. Build a Website</h3>\r\n<p>Your website is the online face of your business brand. When people hear about any brand, they first try to search for the brand\'s official website. It represents the authenticity of your business and serves as the place where people learn about your company and find out what you offer. Therefore, you must hire an agency to develop a professional-looking website for your brand to make your business recognized worldwide. Make sure your site is user-friendly and mobile responsive, meaning it looks good on smartphones, tablets, and laptops. Also, ensure that your site loads fast so that users aren\'t forced to leave your page and look for another.</p>\r\n<p>&nbsp;</p>\r\n<p>&nbsp;</p>\r\n<p><img src="https://cynosuredesigns.co.uk/storage/posts/August2022/5-build-a-website.webp" alt="" /></p>\r\n<h2>&nbsp;</h2>\r\n<h2 id="nutshell">In a Nutshell</h2>\r\n<p>Building a successful brand requires dedication and the most appropriate strategic plans. The <a href="https://cynosuredesigns.co.uk/services/branding">creative branding agency</a> can assist your brand by providing beneficial outcomes. Companies that fail to invest in branding services miss out on a huge opportunity. Consumers are becoming increasingly conscious about what they wear, use and eat. Companies should consider consulting a branding strategist to ensure that their brand identity remains solid and reputable worldwide.</p>\r\n<p>&nbsp;</p>\r\n<p><strong>By remembering these tips, any brand could develop a solid reputation! </strong></p>\r\n<p><strong>More Interested Read: </strong><a href="https://cynosuredesigns.co.uk/blog/six-types-of-branding-services">Six Types of Branding Services</a></p>', 'posts/August2022/Ky6USktBWECBbyznKlnI.webp', 'build-a-brand-a-complete-guide', 'What is Brand Building? | Blog | Digital Agency | Cynosure Designs', 'U.K based branding agency, Cynosure Designs ensures that your brand identity remains strong and reputable around the globe with its branding strategies.', 'PUBLISHED', 0, 0, '2022-08-30 10:01:00', '2022-08-30 10:04:31', 5),
	(24, 3, NULL, 'What is Branding and How It helps in business?', 'Branding is the marketing practice of promoting a specific product, service, or brand.', '<div class="table_of_contents_box">\r\n<p><strong>Table of Contents</strong></p>\r\n<ul class="table_of_contents">\r\n<li><a class="goto_sec" href="#branding">Branding &ndash; the basics </a></li>\r\n<li><a class="goto_sec" href="#what_is_branding">What is Branding? </a></li>\r\n<li><a class="goto_sec" href="#impacts_of_branding">What are the impacts of Branding? </a></li>\r\n<li><a class="goto_sec" href="#what_is_brand">What is a Brand? </a></li>\r\n<li><a class="goto_sec" href="#brand_matters">How Brand matters? </a></li>\r\n<li><a class="goto_sec" href="#brand_importance">How is Branding important? </a></li>\r\n<li><a class="goto_sec" href="#branding_terms">Key Branding Terms to Know </a></li>\r\n<li><a class="goto_sec" href="#rebranding">The Time For Rebranding </a></li>\r\n<li><a class="goto_sec" href="#strong_brands">Characteristics of Strong Brands </a></li>\r\n<li><a class="goto_sec" href="#final_thoughts">Final Thoughts</a></li>\r\n</ul>\r\n<p>&nbsp;</p>\r\n</div>\r\n<h2 id="branding">Branding &ndash; the Basics</h2>\r\n<p>If the explanation of branding was simple, there would not be so much ambiguity regarding this concept. Still, for the most part, a strong understanding of branding requires a decent grasp of business, <a href="https://cynosuredesigns.co.uk/services/marketing-strategy"> marketing strategy</a>, and even basics. Branding is such a vast concept that its definition genuinely encompasses everything it represents and would not bring too much clarity to the subject. But, to lower the incorrect and incomplete information about branding, we are writing this blog in detail.</p>\r\n<p>&nbsp;</p>\r\n<h2 id="what_is_branding">What is Branding?</h2>\r\n<p>Branding is the marketing practice of promoting a specific product, service, or brand. It is a strategy designed by organizations to help people quickly identify and experience the brand. It gives them a reason to choose their products and services over the competitors by clarifying what this particular brand is about.</p>\r\n<p>The process of branding creates a name, symbol, or other feature that identifies a company and distinguishes it from other companies. With the <a href="https://cynosuredesigns.co.uk/services/branding">best branding services</a> , you can appeal to many people and make them feel more connected to your company. Consumers want to feel connected to companies on whom they rely. Customers expect to receive something back when they buy a product or service. If they don\'t get what they need or desire, they may choose to purchase from someone else.</p>\r\n<p>&nbsp;</p>\r\n<p>&nbsp;</p>\r\n<p><img src="https://cynosuredesigns.co.uk/storage/posts/August2022/1-what-is-branding.webp" alt="" /></p>\r\n<h2>&nbsp;</h2>\r\n<h2 id="impacts_of_branding">What are the impacts of Branding?</h2>\r\n<p>Branding is a way to identify yourself to others. It\'s a way to tell people who you are and what you stand for. Your brand is how you want people to perceive you. If you have a negative perception of yourself, you will not be able to build a positive image of yourself in front of others. You\'ll always get stuck at the bottom of the ladder. There are some useful impacts of branding strategy:</p>\r\n<ul>\r\n<li>\r\n<p><strong>Branding is a great way to get noticed. </strong>When you put your name out there, you will attract attention. People will know who you are and start looking for you.</p>\r\n</li>\r\n<li>\r\n<p><strong>Branding is an excellent way to make money.&nbsp; </strong>You can charge more for your products when you have a strong brand. You can even sell your products by yourself without having to go to a distributor.</p>\r\n</li>\r\n<li>\r\n<p><strong>Branding is a powerful tool. </strong>You can use branding to influence people\'s opinions about you and your business.</p>\r\n</li>\r\n<li>\r\n<p><strong>Branding is a long-term investment. </strong>You need to invest time and effort into building a brand. You may not see results immediately, but if you keep working on it, you\'ll eventually reap the rewards.</p>\r\n</li>\r\n<li>\r\n<p><strong>Branding is a reflection of your values. </strong>What you believe in will show in your brand. If you don\'t believe in something, then you shouldn\'t be selling it.</p>\r\n</li>\r\n<li>\r\n<p><strong>Branding is a representation of your business. </strong>You should represent your company well.</p>\r\n</li>\r\n<li>\r\n<p><strong>Branding is a sign of trustworthiness. </strong>If you\'re trustworthy and reliable, then people will buy from you.</p>\r\n</li>\r\n<li>\r\n<p><strong>Branding is a tool for success. </strong>If you\'re successful, then you\'ll have a stronger brand identity.</p>\r\n</li>\r\n</ul>\r\n<p>&nbsp;</p>\r\n<p>&nbsp;</p>\r\n<p><img src="https://cynosuredesigns.co.uk/storage/posts/August2022/2-impact-of-branding.webp" alt="" /></p>\r\n<h2>&nbsp;</h2>\r\n<h2 id="what_is_brand">What is a Brand?</h2>\r\n<p>A brand is a word that describes a product\'s name, logo, <a href="https://cynosuredesigns.co.uk/services/printing-packaging-solution">packaging design</a> , advertising campaign, and any other distinguishing characteristics. A brand is often associated with a company\'s reputation, products, services, and values.</p>\r\n<p>The crucial step in making a brand name is that you\'ll need to build a brand personality. What does your brand stand for? How would people describe your brand? What makes your brand different from others? These questions will help you determine your brand\'s tone, style, and voice. Your brand message should reflect your company\'s mission statement and core values. Ensure your brand messaging is consistent across all channels (e.g. website, social media, print ads, etc.)</p>\r\n<p>&nbsp;</p>\r\n<h2 id="brand_matters">How does Brand matter?</h2>\r\n<p>Brands have become increasingly important and influential in today\'s world as people have become brand conscious. Therefore, consumers want to know who they buy from and how reputable the company is. Brands design companies create a unique identity for your business. They can help differentiate your company from its competitors and provide consumers with a sense of trust and reliability. Consumers want comfort, peace of mind, quality, loyalty, and value for money in the name of the brand they wish to purchase.</p>\r\n<p>When establishing your brand, you need to understand who your target audience is. Once you know your target market, you can start developing a strategy to reach them. It would help if you consider how your brand fits into the marketplace and whether it aligns with your core values. The brand is so important that companies often trademark their products and services to protect them from being copied by others.</p>\r\n<p><strong>Read more:</strong> <a href="https://cynosuredesigns.co.uk/blog/logo-defines-your-brand">Logo Defines Your Brand</a></p>\r\n<p>&nbsp;</p>\r\n<p>&nbsp;</p>\r\n<p><img src="https://cynosuredesigns.co.uk/storage/posts/August2022/3-what-is-brand.webp" alt="" /></p>\r\n<h2>&nbsp;</h2>\r\n<h2 id="brand_importance">How is Branding important?</h2>\r\n<p>The importance of branding is that it helps companies build credibility where customers feel confident about purchasing from that company. An excellent example of branding is <a href="https://www.apple.com">Apple Inc</a>., which does not directly market its products. Instead, Apple sells its products indirectly through third-party retailers to avoid negative associations with its brand. Following are the key points of the importance of branding.</p>\r\n<ul>\r\n<li>\r\n<p><strong>Business Identity </strong> Branding is one of the most important aspects of any business. A company\'s brand is more important than you think. On the outside, your branding may appear to consist only of things like logos and colors, but your branding is your complete business identity. <a href="https://cynosuredesigns.co.uk/services/branding">Branding services</a> are critical to any business because of their overall impact on your company. Branding can change how people perceive your brand; it can drive new customers and increase brand value &ndash; but it can also do the opposite if done wrongly or not.</p>\r\n<p><strong>Consult our <a href="https://cynosuredesigns.co.uk/contact-us">branding strategist</a> today!</strong></p>\r\n</li>\r\n<li>\r\n<p><strong>Edge over Competition </strong>Branding can help you differentiate your business from other competitors. It involves developing and implementing several identifiable features for your business so your consumers can associate themselves with your business. Branding increases your consumers\' recognisability of products and services, giving you that competitive edge within the market.</p>\r\n</li>\r\n<li>\r\n<p><strong>New and Retained Customers </strong>Branding can help you attract new customers to your brand. You don\'t just want new customers who recognize your brand and use your business once &mdash; you want to create customers who continue to come back. As branding is not just about marketing; it is also about building a solid relationship between a consumer and a company and turning your loyal customers into retained customers.</p>\r\n</li>\r\n<li>\r\n<p><strong>Business Value and Reputation </strong>Branding plays a vital role in increasing business value in the market. Reputation is the particular opinion that people have about a company. People talk about their trusted brand and share their views about it. Reputation is built and strengthens with the company\'s growth and success over time. A strong reputation helps build trust between a company and its customers, and eventually, the value of the brand increases.</p>\r\n</li>\r\n</ul>\r\n<p>&nbsp;</p>\r\n<p><strong>Read more:</strong> <a href="https://cynosuredesigns.co.uk/blog/six-types-of-branding-services">Six Types of Branding Services</a></p>\r\n<p>&nbsp;</p>\r\n<p>&nbsp;</p>\r\n<p><img src="https://cynosuredesigns.co.uk/storage/posts/August2022/4-brand-important.webp" alt="" /></p>\r\n<h2>&nbsp;</h2>\r\n<h2 id="branding_terms">Key Branding Terms to Know</h2>\r\n<ul>\r\n<li>\r\n<p><strong>Brand: </strong>The brand name is what people know you by. Brands make companies recognizable and help them stand out from their competition. Companies create brands to represent themselves, and what they do.</p>\r\n</li>\r\n<li>\r\n<p><strong>Brand Awareness: </strong>Brand awareness is to make people aware of your brand name, products, and services. A brand is something that people recognize and trust.</p>\r\n</li>\r\n<li>\r\n<p><strong>Brand Equity: </strong>Brand equity is the value of a company\'s name, products, services, and goodwill. It represents the different ways consumers perceive a particular product or service. High brand equity means that the business is generating higher revenue.</p>\r\n</li>\r\n<li>\r\n<p><strong>Brand Ambassador: </strong>The brand Ambassador is a person who represents a brand and promotes its products and services. A brand ambassador may have different roles depending on the company\'s objectives.</p>\r\n</li>\r\n<li>\r\n<p><strong>Brand Management: </strong>represents managing a brand\'s image, reputation, and identity. A brand manager ensures that a company\'s products and services meet consumer expectations and maintain its competitive edge. Brand management includes three major components: marketing, advertising, and public relations.</p>\r\n</li>\r\n<li>\r\n<p><strong>Brand Assets: </strong>refer to the elements associated with the brand, such as trademark, logo, tagline, product designs, packaging, and text that make your brand unique and memorable. Companies use brand assets to help market their products and services to consumers.</p>\r\n</li>\r\n<li>\r\n<p><strong>Brand Architecture: </strong>Brand architecture is the organizational structure that consists of multiple brands and sub-brands under the parent brand.</p>\r\n</li>\r\n<li>\r\n<p><strong>Brand Experience: </strong>The way customers experience how they are treated and dealt with by a specific brand is called brand experience. Customers always want to feel comfortable, safe, happy, and confident while shopping.</p>\r\n</li>\r\n</ul>\r\n<p>&nbsp;</p>\r\n<p>&nbsp;</p>\r\n<p><img src="https://cynosuredesigns.co.uk/storage/posts/August2022/5-key-brand-term-to-know.webp" alt="" /></p>\r\n<h2>&nbsp;</h2>\r\n<h2>&nbsp;</h2>\r\n<h2 id="rebranding">The Time For Rebranding</h2>\r\n<p>Do you know what Rebranding is? Rebranding is changing the company\'s name, logo, color scheme, tagline, website design, social media profiles, business cards, letterhead, packaging, and even products. Any rebranding project aims to ensure that the new brand identity is consistent across all platforms. To do this effectively, you must clearly understand what a rebranding project entails.</p>\r\n<p>There are many reasons why you might want to rebrand. Whatever the case, if you\'re looking to change something about your brand, you should consider Rebranding. Mentioned below can some of the reasons why you should think of Rebranding.</p>\r\n<p>&nbsp;</p>\r\n<ul>\r\n<li>Business is expanding and evolving.</li>\r\n<li>The industry Is growing at a fast pace.</li>\r\n<li>When realized the brand is outdated</li>\r\n<li>Targeting new audience</li>\r\n<li>Business lacks authenticity</li>\r\n<li>The core audience is changing rapidly</li>\r\n<li>Consumers are looking for something new.</li>\r\n<li>The product/service mix has changed</li>\r\n<li>When a company has a wrong brand name or image.</li>\r\n<li>Companies are producing the same products.</li>\r\n<li>The brand is unable to compete</li>\r\n<li>The company\'s mission and vision changed</li>\r\n<li>When a company merges or acquires</li>\r\n<li>When there is high competition.</li>\r\n<li>The company needs to be innovative and creative.</li>\r\n</ul>\r\n<p>&nbsp;</p>\r\n<h2 id="strong_brands">The Characteristics of Strong Brands</h2>\r\n<ul>\r\n<li>\r\n<p><strong>Quality Products: </strong>the products that are produced under strict quality control standards. These products should be safe, effective, and reliable.</p>\r\n</li>\r\n<li>\r\n<p><strong>Brand Recognition: </strong>Brands are recognized by their consumers based on the quality of the products and services they provide. Consumers choose brands based on how well-known the brand is and what kind of reputation the brand has.</p>\r\n</li>\r\n<li>\r\n<p><strong>Value for Money: </strong>Value refers to the price of a product relative to its quality. The product or service should be worth its price.</p>\r\n</li>\r\n<li>\r\n<p><strong>Consistency: </strong>the degree to which a company maintains the same quality over time. A consistent company always remains consistent in providing high-quality products and services.</p>\r\n</li>\r\n<li>\r\n<p><strong>Innovation:</strong> the act of coming up with new ideas and developing them into something useful. Innovative companies create new products and services that improve upon existing ones.</p>\r\n</li>\r\n<li>\r\n<p><strong>Customer Service: </strong>the way a company treats its customers. Good customer service includes promptly responding to questions and complaints, resolving problems effectively, and treating customers respectfully.<br /><br /><br /></p>\r\n</li>\r\n</ul>\r\n<p><img src="https://cynosuredesigns.co.uk/storage/posts/August2022/6-strong-brands.webp" alt="" /></p>\r\n<h2 id="final_thoughts"><br />Final Thoughts</h2>\r\n<p>The values and fundamentals showcase the true essence of branding in today\'s era. Companies use <a href="https://cynosuredesigns.co.uk/services/branding">creative branding agencies</a> to create a connection between people and products. When consumers purchase a product, they associate the company\'s brand with the product, making them feel proud of the company. Cynosure Designs a U.K based digital agency, uses great branding strategies that can make your brand unique and recognizable in the market.</p>\r\n<p><strong>Branding takes your company to the next level to gain a competitive edge! </strong></p>\r\n<p><strong>More Interested Reads </strong></p>\r\n<p><a href="https://cynosuredesigns.co.uk/blog/6-most-effective-digital-marketing-methods-to-grow-your-local-business">6 Most Effective Digital Marketing Methods To Grow Your Local Business </a></p>\r\n<p><a href="https://cynosuredesigns.co.uk/blog/digital-marketing-strategies-to-grow-your-business">Digital Marketing Strategies to grow your business</a></p>', 'posts/August2022/nNrzUiCSYLuKiwCYX1vr.webp', 'what-is-branding-and-how-it-helps-in-business', 'What is Branding? | Blog | Digital Agency | Cynosure Designs', 'Cynosure Designs has branding experts that use branding strategies to give your brand identity and value in the market to stay competitive.', 'PUBLISHED', 0, 0, '2022-08-30 10:39:00', '2022-08-30 11:44:28', 7),
	(25, 4, NULL, 'What is Social Media Marketing: The Ultimate Guide', 'Social media marketing is the process in which a company promotes its products and services on social media platforms.', '<div class="table_of_contents_box">\r\n<p><strong>Table of Contents</strong></p>\r\n<ul class="table_of_contents">\r\n<li><a class="goto_sec" href="#smm">What is Social Media Marketing(SMM)? </a></li>\r\n<li><a class="goto_sec" href="#importance_of_smm">Importance Of Social Media Marketing? </a></li>\r\n<li><a class="goto_sec" href="#pillars_of_smm">Pillars of SMM </a></li>\r\n<li><a class="goto_sec" href="#whats_the_difference">Digital Marketing vs Social Media Marketing: What&rsquo;s the Difference? </a></li>\r\n<li><a class="goto_sec" href="#how_smm_work">How does SMM Work? </a></li>\r\n<li><a class="goto_sec" href="#smm_platforms">The best social media marketing platforms </a></li>\r\n<li><a class="goto_sec" href="#smm_tips">Social media marketing tips </a></li>\r\n<li><a class="goto_sec" href="#create_smm">How to create a social media marketing strategy </a></li>\r\n<li><a class="goto_sec" href="#final_thoughts">Final Thoughts</a></li>\r\n</ul>\r\n<p>&nbsp;</p>\r\n</div>\r\n<h2 id="smm">What is Social Media Marketing(SMM)?</h2>\r\n<p>You might be familiar with the term social media marketing but to make you understand the detailed process of social media marketing and how it benefits you, follow us in this article. Social media marketing is the process in which a company promotes its products and services on social media platforms. Social media platforms are used to reach your targeted audience and bring enough traffic to your website. Initially simple social media pages were used as a tool to display the products but now the whole platform of social media has evolved. Several techniques are now used to attract customers on social media.</p>\r\n<p>Your customers can interact with you on your social media page. You and your customers can know each other through social media. You must keep in mind the nature of your business and research to know which social media platform is used the most for such types of businesses. This will help you in targeting your customers on the right social media page.</p>\r\n<p>&nbsp;</p>\r\n<p>&nbsp;</p>\r\n<p><img src="https://cynosuredesigns.co.uk/storage/posts/August2022/1-what-is-social-media-marketing.webp" alt="" /></p>\r\n<h2>&nbsp;</h2>\r\n<h2 id="importance_of_smm">Importance Of Social Media Marketing?</h2>\r\n<p>&nbsp;</p>\r\n<h3>1- Helps in increasing your brand awareness</h3>\r\n<p>In today\'s world, a large number of individuals use social media, making it tough for a new firm to reach out to its potential clients. It becomes tough to show your presence among so many brands. In this case, social media marketing keeps you from falling behind and failing to be recognized. You\'re probably wondering how that happens. To raise brand recognition, you\'ll need social interactions using social media features such as comments section, sharing, reposting, and saving. You may engage people with your business by adding regular and interactive social media postings, and you can simply drive social media traffic to your online presence by adding links to your website. The links can be added to your posts, bio, or profile information directly.</p>\r\n<p>&nbsp;</p>\r\n<h3>2- Leads generation and conversion boosting</h3>\r\n<p>The information of customers such as their contact information is called a lead. By having customers\' information, you can approach them to advertise your business. When it comes to social media, engagement activities help in generating leads. It is simpler to convert these leads into conversions. A conversion occurs when your lead turns into a buying customer. This is achievable because someone is following your page because he/she has an interest in your product or service. If your material is good and your posts are attractive, your followers will like, share, or even contact you about it. This way, you may turn those interested followers into regular consumers.</p>\r\n<p>&nbsp;</p>\r\n<p>You can generate leads via social media by following these points</p>\r\n<ul>\r\n<li>\r\n<p>People love participating in polls and creative posts so, make such posts for more engagement</p>\r\n</li>\r\n<li>\r\n<p>Don&rsquo;t forget to make your website&rsquo;s links visible on your social media profiles</p>\r\n</li>\r\n<li>\r\n<p>Feel like a celebrity and keep hosting live sessions whenever you launch a new product</p>\r\n</li>\r\n<li>\r\n<p>Don&rsquo;t forget to utilize the market places on social media platforms to sell your products</p>\r\n</li>\r\n</ul>\r\n<p>&nbsp;</p>\r\n<h3>3- Focus on customer relationship building</h3>\r\n<p>Connecting with your social media followers is important because it enables you to build long-term business relations. You can do this easily by interacting with them on your posts by replying to their comments. Your timely and informative response will make the follower believe in your good service and as a result, the customer would want to buy from you.</p>\r\n<p>This will not only help your customers in finding solutions to their problems but it will also help you in knowing what your customers are interested in the most. Having input from your customers can help you produce the things that they like the most.</p>\r\n<p>&nbsp;</p>\r\n<h3>4- Helps you stand strong among competitors</h3>\r\n<p>Having an eye on your competitors is extremely important. By only following your competitors&rsquo; moves you can know what products are they working on and which type of tactics they are using to achieve success. Looking at how they are running the campaigns helps you in making your social media campaigns successful by following the dos and don&rsquo;ts on their posts.</p>\r\n<p>&nbsp;</p>\r\n<p>&nbsp;</p>\r\n<p><img src="https://cynosuredesigns.co.uk/storage/posts/August2022/2-importance-of-social-media-marketing.webp" alt="" /></p>\r\n<h2>&nbsp;</h2>\r\n<h2 id="pillars_of_smm">Five Core Pillars of Social media marketing</h2>\r\n<h3>1- Social Strategy</h3>\r\n<p>The most important pillar of social media marketing is creating a social strategy. If you plan to make your first impression on your social media page with your first post, make sure you have worked on a social strategy first. The most important thing is how to create a social media strategy. Well, your strategy should be based on your customers. For making a customer-centric strategy, consider the following points first.</p>\r\n<ul>\r\n<li>\r\n<p>List your goals</p>\r\n</li>\r\n<li>\r\n<p>Select the social media platform following your goals</p>\r\n</li>\r\n<li>\r\n<p>What type of content would be attractive to your customers</p>\r\n</li>\r\n</ul>\r\n<p>&nbsp;</p>\r\n<h3>2- Planning &amp; Publishing</h3>\r\n<p>A regular presence on social media is necessary for an online business to keep customers informed about it. To present your brand in front of your customers, you need to plan and publish accordingly and timely.</p>\r\n<p>The things that you will post on your social media accounts will be the turning points for your business. Post a type of content that speaks for you. You can simply post videos and photos or you can simply post some content but what matters the most is to have planned publishing. Consider the following points for that:</p>\r\n<ul>\r\n<li>\r\n<p>Keep an eye on when your customers come online the most</p>\r\n</li>\r\n<li>\r\n<p>Keep an eye on your post reach</p>\r\n</li>\r\n<li>\r\n<p>Keep an eye on the content quality</p>\r\n</li>\r\n</ul>\r\n<p>&nbsp;</p>\r\n<h3>3- Wait for engagement &amp; listen to your audience</h3>\r\n<p>Everything takes time therefore, your brand will also take time to get recognized. So, the first thing you need to do is be patient with your efforts. Observe around and then plan and implement accordingly. Initially, followers are not so confident about a new brand so they don&rsquo;t engage with you much. To gain their attention you need to make regular postings. In doing so, don&rsquo;t forget to maintain the quality of your posts so that they are not low level.</p>\r\n<p>Once you start posting regularly and intelligently, you will find your followers interacting with you through comments or direct messages. There might also come a time when your followers might tag you in their social posts after buying something from you. But for this, all you need is patience and regularity. The most heartwarming thing for you as a business would be when your customers will start sharing your content.</p>\r\n<p>You can achieve all of this by listening to your customers. When you give importance to each comment and message, it will not only make a good impression on your customers but also will help you in knowing what they are saying. Their feedback will help you grow eventually.</p>\r\n<p>&nbsp;</p>\r\n<p>&nbsp;</p>\r\n<p><img src="https://cynosuredesigns.co.uk/storage/posts/August2022/3-five-pillars-of-social-media-marketing.webp" alt="" /></p>\r\n<h3>&nbsp;</h3>\r\n<h3>4- Analytics and Reporting</h3>\r\n<p>Metrics are the reports that help you in understanding the progress of your posts. When it comes to online marketing platforms, analytics and reporting are there to help you with it. If you just keep posting and don&rsquo;t observe who is seeing that post and who is interacting with it, it won&rsquo;t be of any use. Without this observation, you might be targeting the wrong audience. The analytics and reports can help you in identifying the right potential customers who keep moving around your posts. So, why not target them directly? Reporting will help you in</p>\r\n<ul>\r\n<li>\r\n<p>Analyzing the reach difference between previous and current months</p>\r\n</li>\r\n<li>\r\n<p>Number of mentions you get in a month</p>\r\n</li>\r\n<li>\r\n<p>Knowing who is taking your brand&rsquo;s name</p>\r\n</li>\r\n<li>\r\n<p>What&rsquo;s the number of users who interacted with your posts</p>\r\n</li>\r\n<li>\r\n<p>All information about the new followers</p>\r\n</li>\r\n</ul>\r\n<p>&nbsp;</p>\r\n<h3>5- Ads</h3>\r\n<p>Advertising is the most important thing in social media marketing. If you have learned everything except advertising, you are still not there. We are talking about ads here. Now when you already have done a lot, do a little more and invest in social media ads. It will assist you in connecting with your potential customers. Your posts can reach as many people as you want. The more you will invest in ads, the more your products can reach people. But ads work well when your content and products are good.</p>\r\n<p>&nbsp;</p>\r\n<h2 id="whats_the_difference">Digital Marketing vs Social Media Marketing: What&rsquo;s the Difference?</h2>\r\n<p>Digital marketing is a vast area of marketing that includes Search Engine Optimization (SEO), Pay-per-Click (PPC), Social Media Marketing, Content Marketing, Email Marketing, Mobile Marketing, Marketing Analytics, and Affiliate Marketing. Digital marketing is not limited to social media marketing.</p>\r\n<p>Whereas, social media marketing is the promotion of a business through social media platforms with different techniques such as social media posts displaying the products and telling about the services, through social media stories and reels by making short videos in which the business is explained or a product or service is promoted, by sharing website links to the social media channels via sponsored posts or sponsored stories.</p>\r\n<p>The majority of people are found on social media platforms rather than email inboxes or websites such as Facebook, Instagram, Twitter, LinkedIn, Quora, YouTube, Pinterest, Reddit, Snapchat, etc in abundance. That is why social media marketing is a major subcategory of digital marketing. If we skip social media marketing from <a href="https://cynosuredesigns.co.uk/">digital marketing</a>, a business or website can fail to attain most of its traffic and the business reach can be much lower resulting in a lower ROI.</p>\r\n<p>&nbsp;</p>\r\n<p>&nbsp;</p>\r\n<p><img src="https://cynosuredesigns.co.uk/storage/posts/August2022/4-digital-marketing-vs-smm.webp" alt="" /></p>\r\n<h2>&nbsp;</h2>\r\n<h2 id="how_smm_work">How does Social Media Marketing Work?</h2>\r\n<p><a href="https://cynosuredesigns.co.uk/services/digital-marketing/smm">Social media marketing</a> works with several things altogether. The majority of people use social media. Social media marketing is more like an online way of selling something just like you would do it in a tangible shop and advertise through billboards about your business and then your regular customers will bring you more customers due to your good behavior, shop presentation, and good quality products. Likewise, your online page is your shop and your posts are your ambiance, while the way you interact and respond to the comments and messages, that creates a way for your loyal customers. So, the following are the <strong>best social media marketing platforms</strong> you can try to start making money from.</p>\r\n<p>&nbsp;</p>\r\n<h2 id="smm_platforms">The best SMM platforms</h2>\r\n<h3>Facebook</h3>\r\n<ul>\r\n<li>\r\n<p>Users: <a href="https://www.statista.com/statistics/346167/facebook-global-dau/#:~:text=During%20the%20first%20quarter%20of,percent%20of%20monthly%20active%20users.&amp;text=With%20over%202.6%20billion%20monthly,most%20popular%20social%20network%20worldwide.">1.9 billion </a></p>\r\n</li>\r\n<li>\r\n<p>Audience: Generation X and Millennials</p>\r\n</li>\r\n<li>\r\n<p>Impactful to: the B2C industry</p>\r\n</li>\r\n<li>\r\n<p>Trending in: Advertising &amp; Brand awareness</p>\r\n</li>\r\n</ul>\r\n<p>&nbsp;</p>\r\n<h3>TikTok</h3>\r\n<ul>\r\n<li>\r\n<p>Users: <a href="https://newsroom.tiktok.com/en-us/1-billion-people-on-tiktok">1 billion</a></p>\r\n</li>\r\n<li>\r\n<p>Audience: Gen Z followed by Millennials</p>\r\n</li>\r\n<li>\r\n<p>Impactful for: B2C as well as B2B industry</p>\r\n</li>\r\n<li>\r\n<p>Trending in: Short-form creative video content; user-generated content; brand awareness</p>\r\n</li>\r\n</ul>\r\n<p>&nbsp;</p>\r\n<h3>Instagram</h3>\r\n<ul>\r\n<li>\r\n<p>Users: <a href="https://www.statista.com/statistics/253577/number-of-monthly-active-instagram-users/">1 billion</a></p>\r\n</li>\r\n<li>\r\n<p>Audience: Millennials</p>\r\n</li>\r\n<li>\r\n<p>Impactful to: the B2C industry</p>\r\n</li>\r\n<li>\r\n<p>Trending in: High-quality images, videos &amp; advertising</p>\r\n</li>\r\n</ul>\r\n<p>&nbsp;</p>\r\n<h3>Twitter</h3>\r\n<ul>\r\n<li>\r\n<p>Users: <a href="https://www.statista.com/statistics/970920/monetizable-daily-active-twitter-users-worldwide/">211 million </a></p>\r\n</li>\r\n<li>\r\n<p>Audience: Millennials</p>\r\n</li>\r\n<li>\r\n<p>Impactful for: B2C as well as B2B industry</p>\r\n</li>\r\n<li>\r\n<p>Trending in: Public relations; customer service; community building</p>\r\n</li>\r\n</ul>\r\n<p>&nbsp;</p>\r\n<h3>LinkedIn</h3>\r\n<ul>\r\n<li>\r\n<p>Users: <a href="https://www.statista.com/forecasts/1147197/linkedin-users-in-the-world">774 million </a></p>\r\n</li>\r\n<li>\r\n<p>Audience: Generation X, / Millennials</p>\r\n</li>\r\n<li>\r\n<p>Impactful for: B2B industry</p>\r\n</li>\r\n<li>\r\n<p>Trending in: B2B relationships, business development, and social selling</p>\r\n</li>\r\n</ul>\r\n<p>&nbsp;</p>\r\n<h3>YouTube</h3>\r\n<ul>\r\n<li>\r\n<p>Users: <a href="https://www.statista.com/statistics/1252638/youtube-app-dau-worldwide/">315 million daily active </a></p>\r\n</li>\r\n<li>\r\n<p>Audience: All types</p>\r\n</li>\r\n<li>\r\n<p>Impactful for: B2B &amp; B2C industry</p>\r\n</li>\r\n<li>\r\n<p>Trending in: Brand awareness; long-form videos and how-to/do-it-yourself videos</p>\r\n</li>\r\n</ul>\r\n<p>&nbsp;</p>\r\n<h3>Snapchat</h3>\r\n<ul>\r\n<li>\r\n<p>Users: <a href="https://www.statista.com/statistics/545967/snapchat-app-dau/#:~:text=With%20an%20estimated%2046%20million,such%20as%20Twitter%20or%20Facebook.">306 million</a></p>\r\n</li>\r\n<li>\r\n<p>Audience: Generation Z</p>\r\n</li>\r\n<li>\r\n<p>Impactful for: &amp; B2C industry</p>\r\n</li>\r\n<li>\r\n<p>Trending in: Brand awareness; advertising</p>\r\n</li>\r\n</ul>\r\n<p>&nbsp;</p>\r\n<p>&nbsp;</p>\r\n<p><img src="https://cynosuredesigns.co.uk/storage/posts/August2022/5-best-smm-platform.webp" alt="" /></p>\r\n<h2>&nbsp;</h2>\r\n<h2 id="smm_tips">Social media marketing tips</h2>\r\n<p>Each social media platform should be treated uniquely because every platform is different. You should establish a particular and deliberate plan for each platform. You should make these little separate strategies for each platform just like you create a whole big strategy for social media marketing itself. It may not be necessary for your brand to be present on every platform, but for your postings to be targeted, you must have a platform-specific approach.</p>\r\n<p>Keep these things in your mind</p>\r\n<ul>\r\n<li>\r\n<p>Who will I target by using this platform?</p>\r\n</li>\r\n<li>\r\n<p>Who has access to this platform?</p>\r\n</li>\r\n<li>\r\n<p>What should be the genre of posts for this platform?</p>\r\n</li>\r\n</ul>\r\n<p>Well, if you find it difficult to answer these questions, it is never too late to find better help with a social media marketing company. Let&rsquo;s move on to creating a social media marketing strategy.</p>\r\n<p>&nbsp;</p>\r\n<h2 id="create_smm">How to create a social media marketing strategy</h2>\r\n<p>While creating a social media marketing strategy keep the following points in your head and you will end up making the best strategy for yourself.</p>\r\n<ul>\r\n<li>\r\n<p>Be reliable.</p>\r\n</li>\r\n<li>\r\n<p>Concentrate your message</p>\r\n</li>\r\n<li>\r\n<p>Keep an eye on the hottest topics</p>\r\n</li>\r\n<li>\r\n<p>Measure and evaluate outcomes</p>\r\n</li>\r\n<li>\r\n<p>Spend money on video content</p>\r\n</li>\r\n<li>\r\n<p>Participate in communities</p>\r\n</li>\r\n<li>\r\n<p>Engage with the audience</p>\r\n</li>\r\n<li>\r\n<p>Don\'t let algorithm changes demotivate you</p>\r\n</li>\r\n<li>\r\n<p>Associating with micro- and macro-influencers</p>\r\n</li>\r\n<li>\r\n<p>Include every team member.</p>\r\n</li>\r\n</ul>\r\n<p>&nbsp;</p>\r\n<p><img src="https://cynosuredesigns.co.uk/storage/posts/August2022/6-social-media-marketing-strategy.webp" alt="" /></p>\r\n<h2>&nbsp;</h2>\r\n<h2 id="final_thoughts">Final Thoughts</h2>\r\n<p>A digital/online way of promoting a business, product, idea, or service to existing and new customers. Digital marketing includes marketing through Google Ads, SEO, PPC, Email Marketing, Content Marketing, Affiliate Marketing, Influencer Marketing, Mobile Marketing, and Social Media Marketing through Facebook, Instagram, Twitter, LinkedIn, Quora, YouTube, Pinterest, Reddit, Snapchat, etc. you can utilize all of these platforms by simply following the tips and techniques discussed above. Or if you don&rsquo;t want to grind your head around these things, simply contact the <strong> best digital marketing company in the UK.</strong></p>\r\n<p><strong><a href="https://cynosuredesigns.co.uk/contact-us">Contact Us Now!</a></strong></p>', 'posts/August2022/1ZXOxoJv6OYd0qeTn52h.webp', 'what-is-social-media-marketing-the-ultimate-guide', 'What is Social Media Marketing: The Ultimate Guide | Cynosure Designs', 'Social media marketing is the process in which a company promotes its products and services on social media platforms.', 'PUBLISHED', 0, 0, '2022-08-30 11:05:00', '2022-08-30 11:42:03', 5),
	(26, 3, NULL, 'What You Should Know About User Experience Design', 'A good user experience makes people happy, keeps them coming back, and encourages them to share their experiences with others.', '<div class="table_of_contents_box">\r\n<p><strong>Table of Contents</strong></p>\r\n<ul class="table_of_contents">\r\n<li><a class="goto_sec" href="#overview">Overview </a></li>\r\n<li><a class="goto_sec" href="#what_is_ux">What is UX? </a></li>\r\n<li><a class="goto_sec" href="#why_ux_matters">Why does UX matter? </a></li>\r\n<li><a class="goto_sec" href="#know_about_ux">Things To Know About UX Design </a></li>\r\n<li><a class="goto_sec" href="#ux_examples">User Experience Examples </a></li>\r\n<li><a class="goto_sec" href="#ux_vs_usability">User Experience vs Usability </a></li>\r\n<li><a class="goto_sec" href="#what_ux_designer">What Does a UX Designer Do? </a></li>\r\n<li><a class="goto_sec" href="#ux_design_tools">UX Design Tools? </a></li>\r\n<li><a class="goto_sec" href="#nutshell">In a NutShell </a></li>\r\n</ul>\r\n</div>\r\n<p>&nbsp;</p>\r\n<p id="overview">Do you want your users to feel easy, comfortable and safe while interacting with your system, application, or website? A good user experience makes people happy, keeps them coming back, and encourages them to share their experiences with others. Not just the user, but it also has a positive impact on companies by creating products that customers love and helping them make money. Look no further as we write this blog to give a complete guide about user experience design.</p>\r\n<p>&nbsp;</p>\r\n<h2 id="what_is_ux">What is UX?</h2>\r\n<p>User Experience (UX) is the experience people have while using a company\'s product, service, website, or system. It includes how they feel and interact with a particular product or service, their expectations before using it, and what they think after using it. UX design involves understanding end users\' goals, motivations, ease of use, perceptions, and behaviours and then designing solutions that meet those needs.</p>\r\n<p>&nbsp;</p>\r\n<p>&nbsp;</p>\r\n<p><img src="https://cynosuredesigns.co.uk/storage/posts/August2022/1-what-is-ux-design.webp" alt="" /></p>\r\n<h2>&nbsp;</h2>\r\n<h2 id="why_ux_matters">Why does UX matter?</h2>\r\n<p>UX design does matter as it plays an essential role in how people perceive and interact with things. UX is about understanding what makes users happy and unhappy and how they use technology. A good UX design positively impacts customers\' loyalty and engagement with your system, and a bad UX has a negative effect.</p>\r\n<p>UX is not just about <a href="https://cynosuredesigns.co.uk/services/web-development">designing websites</a>; it\'s about ensuring that the user experience is suitable across all devices and platforms. An easy-to-use design enables users to interact with the products easily. For example, if you\'re trying to sell something, you want to make it easy for someone to buy it. You don\'t want them to have to think about how to use your system and what to do. You want them to know exactly what to do and how to do it.</p>\r\n<p>&nbsp;</p>\r\n<h2 id="know_about_ux">Things To Know About UX Design</h2>\r\n<ul>\r\n<li>\r\n<p><strong>User Research: </strong> The most crucial step in any UX project. It helps designers understand users\' preferences, interests, and behaviours. It\'s also helpful to get feedback from real users before building anything.</p>\r\n</li>\r\n<li>\r\n<p><strong>Prototyping:</strong> A great way to test ideas and validate assumptions. Before building a genuine product, you can use paper prototypes, wireframes, or interactive mockups.</p>\r\n</li>\r\n<li>\r\n<p><strong>Usability Testing:</strong> An effective method of evaluating how well a website, application, or system works for its targeted audience. It involves observing people using the site or app and then analyzing their behaviour.</p>\r\n</li>\r\n<li>\r\n<p><strong>Visual Design:</strong> Includes everything from colors and fonts to images and icons. Good graphic design makes websites and apps look professional and attractive.</p>\r\n</li>\r\n<li>\r\n<p><strong>Content Strategy:</strong> The process of planning what type of content should be displayed on a website or application. The content must be helpful, informative, and appealing to the users to engage them./p&gt;</p>\r\n</li>\r\n<li>\r\n<p><strong>UI and UX: </strong> The user Interface is a part of the User Experience. UI is the set of tools and features that make up a particular user experience. It includes navigation menus, buttons, icons, dropdown lists, and other controls. In contrast, UX is the total of all interactions between a person and a system. This is where <a href="https://cynosuredesigns.co.uk/services/ui-ux-designs"> UI UX design service</a> comes in..</p>\r\n</li>\r\n<li>\r\n<p><strong>Information Architecture:</strong> The structure of pages and sections on a website or application, including links, categories, and other navigational elements, which the users can interact with.</p>\r\n</li>\r\n<li>\r\n<p><strong>Simple, Usable, and Accessible Design:</strong> The design must be easy and simple so that users can understand it to satisfy their needs and requirements. Engaging users is essential; otherwise, a complicated system will make them leave your site.</p>\r\n</li>\r\n</ul>\r\n<p>&nbsp;</p>\r\n<p><img src="https://cynosuredesigns.co.uk/storage/posts/August2022/2-to-know-about-design.webp" alt="" /></p>\r\n<h2>&nbsp;</h2>\r\n<h2 id="ux_examples">User Experience Examples</h2>\r\n<p>A good user experience would be a site that is clean, organized, and easy to navigate. Let\'s take an example of well-known e-commerce website i.e <a href="https://www.amazon.com">Amazon</a>. Where customers find the shopping experience effortless, simple, easy, and hassle-free, many users find Amazon\'s UX as the most appealing one.</p>\r\n<p>Conversely, if the content is lengthy, complex, and complicated, then the user experience will be poor. Sharing another example of a bad user experience of an online marketplace like eBay. eBay provides overloaded complex information on its product pages, making the users confused when making choices.</p>\r\n<p><a href="https://cynosuredesigns.co.uk/services/ui-ux-designs">Hire the creative UX design company</a> today to set an example for the best UX design wordwide!</p>\r\n<p>&nbsp;</p>\r\n<h2 id="ux_vs_usability">User Experience VS Usability</h2>\r\n<table class="table table-bordered">\r\n<thead>\r\n<tr>\r\n<th style="text-align: left;" scope="col">UX</th>\r\n<th style="text-align: left;" scope="col">Usability</th>\r\n</tr>\r\n</thead>\r\n<tbody>\r\n<tr>\r\n<td>Overall experience of user</td>\r\n<td>Accomplish a specific goal</td>\r\n</tr>\r\n<tr>\r\n<td>Concerned with interaction with the system</td>\r\n<td>Concerned with efficiency and effectiveness</td>\r\n</tr>\r\n<tr>\r\n<td>Refers to happiness of user</td>\r\n<td>Refers to ease-of-use</td>\r\n</tr>\r\n<tr>\r\n<td>Can the user be delightful?</td>\r\n<td>Can user meet the needs and requirments?</td>\r\n</tr>\r\n<tr>\r\n<td>Valuable and meaningful</td>\r\n<td>Easy and intuitive</td>\r\n</tr>\r\n<tr>\r\n<td>Did the user enjoy?</td>\r\n<td>Did the user learn?</td>\r\n</tr>\r\n<tr>\r\n<td>What users feel?</td>\r\n<td>What and how users do?</td>\r\n</tr>\r\n</tbody>\r\n</table>\r\n<p>&nbsp;</p>\r\n<p>&nbsp;</p>\r\n<p><img src="https://cynosuredesigns.co.uk/storage/posts/August2022/3-ux-vs-usability.webp" alt="" /></p>\r\n<h2>&nbsp;</h2>\r\n<h2 id="what_ux_designer">What Does a UX Designer Do?</h2>\r\n<ul>\r\n<li>\r\n<p>User Experience Designers (UXD) work closely with UI designers, product managers, marketers and developers to create user-centred experiences for digital products.</p>\r\n</li>\r\n<li>\r\n<p>UXDs focus on how people interact with technology and design systems that make sense and feel intuitive.</p>\r\n</li>\r\n<li>\r\n<p>They collaborate with designers and engineers to understand users\' goals and motivations and translate those insights into usable and engaging designs.</p>\r\n</li>\r\n<li>\r\n<p>Helps teams identify problems and threats before they become critical issues.</p>\r\n</li>\r\n<li>\r\n<p>Uses research methods to learn about users and their behaviours, preferences, interests and expectations.</p>\r\n</li>\r\n<li>\r\n<p>Works closely with stakeholders to ensure that the final product meets business objectives.</p>\r\n</li>\r\n<li>\r\n<p>Works across different platforms and devices to create accessible, valuable and usable experiences.</p>\r\n</li>\r\n<li>\r\n<p>They have a broad knowledge of human behaviour, usability, information architecture, interaction design, visual design, and content strategy.</p>\r\n</li>\r\n<li>\r\n<p>Responsible for developing prototypes and wireframes and may also lead the creation of mockups and interactive presentations.</p>\r\n</li>\r\n<li>\r\n<p>Communicates efficiently and effectively with clients, team members, and management.</p>\r\n</li>\r\n<li>\r\n<p>Keep themselves up-to-date with current <a href="https://cynosuredesigns.co.uk/blog/the-top-3-ux-design-trends-for-2022">UX design trends </a> and technologies in the industry.</p>\r\n</li>\r\n<li>\r\n<p>Maintains professional relationships with peers, vendors, and clients.</p>\r\n</li>\r\n<li>\r\n<p>Contributes to the success of projects by providing creative solutions to complex challenges.</p>\r\n</li>\r\n<li>\r\n<p>Provides feedback and suggestions for improvements.</p>\r\n</li>\r\n</ul>\r\n<p>&nbsp;</p>\r\n<h2 id="ux_design_tools">UX Design Tools?</h2>\r\n<p>As we have discussed that UX is about making things look catchy. To make a design, UX designers utilize multiple tools and technologies. Here we are writing about some of the standard and valuable tools.</p>\r\n<h3>Adobe XD</h3>\r\n<p>Adobe XD is an application for designing prototyping tools. It\'s a powerful tool for designers and developers alike. It can create UI/UX elements and share them across devices.</p>\r\n<h3>Sketch</h3>\r\n<p>A sketch is a software tool for creating wireframes, mockups, prototypes, and user flows. A sketch is an excellent tool for UX designers who want to get their ideas out fast and collaborate easily with others.</p>\r\n<h3>Axure RP</h3>\r\n<p>Axure RP is a product-based solution for rapid prototyping and collaboration. It includes multi-device testing, responsive web design, and interactive prototypes.</p>\r\n<h3>Envision</h3>\r\n<p>Envision is a cloud-based platform that helps teams visualize and prototype their designs. It offers a variety of features, including annotations, smart guides, and collaborative boards.</p>\r\n<h3>Framer X</h3>\r\n<p>Framer X is a powerful tool for building prototypes. It lets you drag and drop components to create interfaces and animations. It supports both Android and IOS applications.</p>\r\n<h3>Balsamiq Mockups</h3>\r\n<p>Balsamiq Mockups is a simple yet powerful tool for creating wireframes and prototypes. It comes with a range of pre-designed templates for different types of projects.</p>\r\n<h3>Marvel App</h3>\r\n<p>Marvel is a mobile application that allows users to create and edit HTML5 prototypes. It provides a range of features, including drag &amp; drop interface builder, animation editor, and code view.</p>\r\n<p>&nbsp;</p>\r\n<p>&nbsp;</p>\r\n<p><img src="https://cynosuredesigns.co.uk/storage/posts/August2022/4-ux-design-tools.webp" alt="" /></p>\r\n<h2>&nbsp;</h2>\r\n<h2 id="nutshell">In a NutShell</h2>\r\n<p>Hence, concluded that UX is about making people feel comfortable and engaging them with your design. When our creative design agency design a product or system for you, we make sure that it must be up to the mark. Cynosure Designs also ensures that users feel more relaxed while ensuring that it\'s safe to use. Hopefully, we have guided each aspect of the User experience in this blog. If you think something is missing or cannot catch what you were looking for, <a href="https://cynosuredesigns.co.uk/contact-us">contact our UX design experts</a>. We will be glad to help you!</p>\r\n<p>We figure out the best User Experience to make it more beautiful, practical, and fun!</p>\r\n<p>&nbsp;</p>\r\n<p><strong>Suggested Blogs: </strong><a href="https://cynosuredesigns.co.uk/blog/boost-your-business-multifold-through-an-optimized-ui-ux-design">What is UI/UX Design? Everything You\'re Wondering About! Boost your Business Multifold through an Optimized UI/UX Design </a></p>', 'posts/September2022/NOGCQsaiyvehbGChHt1e.webp', 'what-you-should-know-about-user-experience-design', 'What is UX? | Blog | UX Design Agency | Cynosure Designs', 'Cynosure Designs creates the attractive User Experience while ensuring that people feel more relaxed and comfortable while using it.', 'PUBLISHED', 0, 0, '2022-09-01 04:53:00', '2022-09-01 04:57:02', 5);

-- Dumping structure for table cynosure-website.projects
CREATE TABLE IF NOT EXISTS `projects` (
  `id` int(10) unsigned NOT NULL AUTO_INCREMENT,
  `title` varchar(255) COLLATE utf8mb4_unicode_ci NOT NULL,
  `logo` varchar(255) COLLATE utf8mb4_unicode_ci NOT NULL,
  `banner` varchar(255) COLLATE utf8mb4_unicode_ci NOT NULL,
  `overview` varchar(255) COLLATE utf8mb4_unicode_ci DEFAULT NULL,
  `description` text COLLATE utf8mb4_unicode_ci,
  `slug` varchar(255) COLLATE utf8mb4_unicode_ci NOT NULL,
  `status` varchar(255) COLLATE utf8mb4_unicode_ci NOT NULL,
  `meta_title` text COLLATE utf8mb4_unicode_ci,
  `meta_description` text COLLATE utf8mb4_unicode_ci,
  `created_at` timestamp NULL DEFAULT NULL,
  `updated_at` timestamp NULL DEFAULT NULL,
  `deleted_at` timestamp NULL DEFAULT NULL,
  `featured` int(11) DEFAULT '0',
  `hover_color` varchar(255) COLLATE utf8mb4_unicode_ci DEFAULT '#e7e7e7',
  PRIMARY KEY (`id`)
) ENGINE=InnoDB AUTO_INCREMENT=44 DEFAULT CHARSET=utf8mb4 COLLATE=utf8mb4_unicode_ci;

-- Dumping data for table cynosure-website.projects: ~30 rows (approximately)
INSERT IGNORE INTO `projects` (`id`, `title`, `logo`, `banner`, `overview`, `description`, `slug`, `status`, `meta_title`, `meta_description`, `created_at`, `updated_at`, `deleted_at`, `featured`, `hover_color`) VALUES
	(1, 'CYNO T', 'projects/December2021/LfpafUOENzmJ1atqrQDJ.png', 'projects/December2021/I8qiUDXUP5Ya3q3t0276.png', NULL, '<h1>Design &amp; Printing Services</h1>\r\n<p>Cyno.T offers personalized t-shirts of your choosing. Tailor-made t-shirts are the most common for men and women. Therefore, Cyno.T brings high-quality and aesthetically appealing unisex t-shirts to help you stand out from the crowd. <br />You are one click away to get a custom T-shirt printing service! <a href="https://cynosuredesigns.co.uk/contact-us">Lets Talk</a>&nbsp;</p>\r\n<ul class="project_categories_list pt-2">\r\n<li><a href="/services/printing-packaging-solution">Printing &amp; Packaging</a></li>\r\n<li><a href="/services/branding">Branding</a></li>\r\n</ul>', 'cyno-t', 'ACTIVE', 'Buy Customize  T-Shirts for you brands | Cyno.T', 'Cyno.T offers personalized t-shirts of your choosing. Tailor-made t-shirts are the most common for men and women.', '2021-08-03 10:27:00', '2021-12-09 10:51:33', NULL, 1, '#d9d9d9'),
	(2, 'Stubbee', 'projects/November2021/rGW7U1aknaavpOA4hkK1.png', 'projects/November2021/O7py6Cy8gW3YBf3906rE.png', NULL, '<h1>Website Design &amp; Development</h1>\r\n<p>Cynosure re-designed a responsive website of Stubbee. The objective was to create a modern outlook of the website with animations, strong visuals, cinemagraphs and new content. Moreover, the website&rsquo;s layout was designed for a user-friendly experience, keeping in mind the global brand guidelines &amp; consumer journey of the target audience.</p>\r\n<p>Our digital media agency also devised &amp; implemented a viable SEO strategy for Stubbee considering the multiregional nature of the website. Paying keen attention to technical SEO, Cynosure enhanced their brand visibility, monthly traffic sessions &amp; keyword rankings.</p>\r\n<ul class="project_categories_list pt-2">\r\n<li><a href="/services/web-development">Web Development</a></li>\r\n<li><a href="/services/branding">Branding</a></li>\r\n</ul>', 'stubbee', 'ACTIVE', 'Stubbee | Digital Marketing Agency In UK | Cynosure Designs', 'Discover how Stubbee made the most of our Web Development Solutions to establish a platform for UK and EU region.', '2021-11-17 05:08:01', '2022-01-20 10:21:52', NULL, 0, '#ffdada'),
	(3, 'Bizpad', 'projects/November2021/Qc0zz70PhQLJGkfbKPmD.png', 'projects/November2021/CeCDJrq6qqQobASJCIvc.png', NULL, '<h1>Accountancy Management <br />Software Development</h1>\r\n<p>Cynosure develop accountancy management software for bizpad. The objective was to create a Saas based software with enhanced user experience. Moreover, the Application layout was designed for a user-friendly experience, keeping in mind the global brand guidelines &amp; consumer journey of the target audience.</p>\r\n<ul class="project_categories_list pt-2">\r\n<li><a href="/services/software-development">Accountancy Software</a></li>\r\n<li><a href="/services/branding">Branding</a></li>\r\n</ul>', 'bizpad', 'ACTIVE', 'Bizpad | Digital Marketing Agency In UK | Cynosure Designs', 'Discover how bizpad made the most of our software Development Solutions to establish a platform.', '2021-11-17 01:05:00', '2021-11-19 04:49:51', NULL, 1, '#e9f7fe'),
	(4, 'Tahira Foods', 'projects/November2021/E56h9Mg5vqgz6LskDHO7.png', 'projects/November2021/5EUgIKOfDm20T2ub55bm.png', NULL, '<h1>Design &amp; Printing solution</h1>\r\n<p>Planned and designed the products for Tahira Foods that collectively is a manufacturer and distributor of food items. The main ultimatum of Tahira Foods is to supply affordable halal foods that attract muslim community in Europe.</p>\r\n<ul class="project_categories_list pt-2">\r\n<li><a href="/services/printing-packaging-solution">Printing &amp; Packaging</a></li>\r\n<li><a href="/services/branding">Branding</a></li>\r\n</ul>', 'tahira-foods', 'ACTIVE', 'Tahira Foods | Digital Marketing Agency In UK | Cynosure Designs', 'Discover how Tahira Foods made the most creative product designs to establish a premier brand for halal products in Western Europe.', '2021-11-19 05:14:14', '2022-01-20 10:23:51', NULL, 0, '#ffebeb'),
	(5, 'Citywide Foods', 'projects/November2021/qoH8KUt497rTgXN4up55.png', 'projects/November2021/tQSQw2UMlcp99g5ogmqu.png', NULL, '<h1>Design &amp; Printing Services</h1>\r\n<p>Offered and transformed business processes of City Wide Food with the ultimate advance solutions of product designing and digital printing in futuristic facets. Upholded the major concerns of brand sustainability and creative packaging with new and innovative ideas.</p>\r\n<ul class="project_categories_list pt-2">\r\n<li><a href="/services/printing-packaging-solution">Printing &amp; Packaging</a></li>\r\n<li><a href="/services/branding">Branding</a></li>\r\n</ul>', 'citywide-foods', 'ACTIVE', 'Citywide Foods | Digital Marketing Agency In UK | Cynosure Designs', 'Discover how CityWide Foods made creative product designs for food packaging containers.', '2021-11-19 05:32:00', '2022-01-20 10:22:53', NULL, 0, '#dbffe6'),
	(6, 'Secret Pleasure', 'projects/November2021/Gnui2NopXU2hoWZztWEc.png', 'projects/November2021/OzbfsFbMc3EIIUr4lir7.png', NULL, '<h1>Woocommerce Website Development</h1>\r\n<p>Cynosure develop woocommerce responsive website of Secret Pleasure. The objective was to create a modern outlook of the website with animations, strong visuals, and Seo friendly. Moreover, the website is integrated with 3rd party system for products and one click checkout.</p>\r\n<ul class="project_categories_list pt-2">\r\n<li><a href="/services/ui-ux-designs">UI/UX Designs</a></li>\r\n<li><a href="/services/web-development">Web Development</a></li>\r\n</ul>', 'secret-pleasure', 'ACTIVE', 'Secret Pleasure | Digital Marketing Agency In UK | Cynosure Designs', 'Discover how Secret Pleasure made the most of our Woocommerce solution to establish a platform for UK and EU region.', '2021-11-24 10:54:48', '2021-11-19 07:12:13', NULL, NULL, '#ffd6dc'),
	(7, 'Success Finders', 'projects/November2021/4VeMTZHW2zKVrWdakfYt.png', 'projects/November2021/y9uLong6zvdHUKCpdng8.png', NULL, '<h1>Website Development</h1>\r\n<p>Success Finders is an initiative set up to support student careers by providing them with the best opportunities to access UK top Ranked Universities. The company was receiving a few applications per month. After the creation of a website with Cynosure Designs, the company started receiving an average of 200 applications per day.</p>\r\n<p>Cynosure designed a responsive website for Success Finders with a user-friendly experience, keeping in mind the Consumer Journey of the target audience. Cynosure delivered the following services:</p>\r\n<ul>\r\n<li>Conceptualization</li>\r\n<li>Consumer Journey Mapping</li>\r\n<li>Design Framework</li>\r\n<li>Copywriting</li>\r\n<li>Design Layout</li>\r\n<li>Lead Generation Forms</li>\r\n<li>Front-End Design &amp; Development</li>\r\n<li>Technology: PHP, HTML 5, CSS3, Bootstrap</li>\r\n</ul>\r\n<p>&nbsp;</p>\r\n<ul class="project_categories_list pt-2">\r\n<li><a href="/services/ui-ux-designs">UI/UX Designs</a></li>\r\n<li><a href="/services/web-development">Web Development</a></li>\r\n</ul>', 'success-finders', 'ACTIVE', 'Success Finder | Digital Marketing Agency In UK | Cynosure Designs', 'Discover how Success Finder made the responsive website solution to establish a platform for UK and EU region.', '2021-11-19 06:58:51', '2022-06-20 12:49:31', NULL, 0, '#ffebee'),
	(8, 'Joubi', 'projects/November2021/vgdLyk5t3cVODTmMgDDt.png', 'projects/November2021/ohkZktZ4X06X8OwBVosX.png', NULL, '<h1>E-commerce Website Design &amp; Development</h1>\r\n<p>From building a brand to Ecommerce store, we did all for Joubi and overcame the challenges with the mindset to excel in everything and become customers\' first choice with respect to loyalty and trust. Cynosure designed a responsive Magento store for Joubi with a user-friendly experience.</p>\r\n<ul class="project_categories_list pt-2">\r\n<li><a href="/services/ui-ux-designs">UI/UX Designs</a></li>\r\n<li><a href="/services/web-development">Web Development</a></li>\r\n</ul>\r\n<p><video class="aligners_work_video" style="object-fit: cover;" preload="auto" loop="loop" controls="controls" width="100%">\r\n                    <source src="https://cynosuredesigns.co.uk//storage/projects/videos/joubi-london.mp4" type="video/mp4" />Sorry, your browser\r\n                    doesn\'t support embedded videos.\r\n                </video></p>', 'joubi', 'ACTIVE', 'Joubi | Digital Marketing Agency In UK | Cynosure Designs', 'Discover how Joubi made the creative brand and  E-commerce store.', '2021-11-26 07:49:29', '2021-11-30 03:08:14', NULL, 0, '#ebfff4'),
	(9, 'OTHM', 'projects/November2021/m8lfliTTXtrEMPtjBBQK.png', 'projects/November2021/PNUriug5LajNOGZZ7xbi.png', NULL, '<h1>Website Design &amp; Development</h1>\r\n<p>OTHM selected us for designing and developing their world-renowned institute\'s Website with the ambition to strengthen the British Qualification Standard. Came up with the advanced and innovative technology that raised the students\' expectations, their effectiveness, performance and all the above cognitive ability.</p>\r\n<ul class="project_categories_list pt-2">\r\n<li><a href="/services/web-development">Web Development</a></li>\r\n</ul>', 'othm', 'ACTIVE', 'OTHM | Digital Marketing Agency In UK | Cynosure Designs', 'Discover how OTHM made Website & CRM to make the best user experience for their audience', '2021-11-29 07:39:22', '2021-12-07 08:58:39', NULL, 0, '#82c3d3'),
	(10, 'Savayra Foundation', 'projects/November2021/f8FoWye5ekJWNd3sdgJ0.png', 'projects/November2021/OyXWQvbQb6V4AUSEUuR1.png', NULL, '<h1>Website Design &amp; Development</h1>\r\n<p>Developed a well-designed and visionary Website and integrated strategies to meet challenges for the Savayra Foundation, running its overwhelming NGO. Provided corresponding solutions to NGO in the manner of strong networking and global identification through a source of effective strategic planning.</p>\r\n<ul class="project_categories_list pt-2">\r\n<li><a href="/services/web-development">Web Development</a></li>\r\n</ul>', 'savayra-foundation', 'ACTIVE', 'Savayra Foundation| Digital Marketing Agency In UK | Cynosure Designs', 'Discover how Savayra Foundation made Website to show its global presence.', '2021-11-29 07:51:39', '2021-12-07 08:52:38', NULL, 0, '#f7ecc5'),
	(11, 'Gina Bacconi', 'projects/November2021/Hxwa2wG2Kvr0LByq0tsv.png', 'projects/November2021/AYW7er4A7evLjp4yVH6Q.png', NULL, '<h1>Magento Website Design &amp; Development</h1>\r\n<p>Empowered brand identity that increased the likeability of the brand, Gina Bacconi, delivering Apparels and Accessories with a creative E-business channel. Converted visitors into paying customers with secured data identification after the successful competition analysis in the market.</p>\r\n<ul class="project_categories_list pt-2">\r\n<li><a href="/services/web-development">Web Development</a></li>\r\n<li><a href="/services/branding">Branding</a></li>\r\n</ul>\r\n<p>&nbsp;</p>\r\n<p><video class="aligners_work_video" style="object-fit: cover;" preload="auto" loop="loop" controls="controls" width="100%">\r\n                    <source src="https://cynosuredesigns.co.uk//storage/projects/videos/gina-bacconi.mp4" type="video/mp4" />Sorry, your browser\r\n                    doesn\'t support embedded videos.\r\n                </video></p>', 'gina-bacconi', 'ACTIVE', 'Gina Bacconi | Digital Marketing Agency In UK | Cynosure Designs', 'Discover how Gina Bacconi made the creative brand and  E-commerce store.', '2021-11-29 07:56:20', '2021-11-30 03:07:50', NULL, 0, '#ffd6dc'),
	(12, 'Regent Park Mosque', 'projects/November2021/cbjI2LC6223ttCVXsI6j.png', 'projects/November2021/ESDKet3z3hggZWxMyyKA.png', NULL, '<h1>Design &amp; Printing Solution</h1>\r\n<p>Our professionals served the U.K leading London Central Mosque, which was established in 1977 for Muslim worship. With the purpose to identify the dominating mosque worldwide, we set up maximum exposure with captivating methodologies to capture the world\'s engagement and interest.</p>\r\n<ul class="project_categories_list pt-2">\r\n<li><a href="https://cynosuredesigns.co.uk/services/printing-packaging-solution">Printing &amp; Packaging</a></li>\r\n</ul>', 'regent-park-mosque', 'ACTIVE', 'Regent Park Mosque| Digital Marketing Agency In UK | Cynosure Designs', 'Discover how Cynosure Designs work for Regent Park Mosque to design bags.', '2021-11-29 08:14:37', '2022-04-25 07:20:58', NULL, 0, '#8ef0ef'),
	(13, 'London academy Business School (LABS)', 'projects/November2021/cQYGRPAeyfQHADssra17.png', 'projects/November2021/Jp2KJlu9yjHYnFDjdPZA.png', NULL, '<h1>Website Design &amp; Development</h1>\r\n<p>Accredited LABS with the bespoke professionally Designed and Developed Website with the motive of adding value in the reputable educational institute. LABS stands out nationwide due to providing quality education, while maintaining core values, standards and dignity.</p>\r\n<ul class="project_categories_list pt-2">\r\n<li><a href="/services/web-development">web Development</a></li>\r\n</ul>', 'london-academy-business-school', 'ACTIVE', 'London academy Business School| Digital Marketing Agency In UK', 'Discover how London academy Business School made Website & CRM to make the best user experience for their students', '2021-11-29 08:21:41', '2022-04-25 13:20:55', NULL, 0, '#afb6ee'),
	(14, 'BluButterfly', 'projects/November2021/9pc4qdidpVlab96XIskg.png', 'projects/November2021/dmZcRo1YJ4QZvsdkYjhp.png', NULL, '<h1>Website Design &amp; Development</h1>\r\n<p>Giving an extraordinary and finest experience and clasping the sense of taste behind the bars that drove value for money beverages. Likewise the synthesized and refreshing drinks for the Bar\'s clients, we served BlubButterfly with the new and unique blended concepts, featuring in the Website.</p>\r\n<ul class="project_categories_list pt-2">\r\n<li><a href="/services/web-development">Web Development</a></li>\r\n</ul>', 'blu-butterfly', 'ACTIVE', 'BluButterfly | Digital Marketing Agency In UK | Cynosure Designs', 'Discover how BluButterfly cafe made Website to show their menu items to know more about offerings', '2021-11-29 08:32:17', '2021-12-07 08:51:14', NULL, 0, '#a8e4f0'),
	(15, 'London Graduate School', 'projects/November2021/uktgAWtcNKvArMwSvgeZ.png', 'projects/November2021/KdMIGKjyHtv4bHJQEDra.png', NULL, '<h1>Website Design &amp; Development</h1>\r\n<p>Awarding students with advanced academic as well as professional degrees in particular fields. Cynosure Designs apprenticed with British London Graduate School to guarantee combining quality and reliability for the next generation in the educational sector.</p>\r\n<ul class="project_categories_list pt-2">\r\n<li><a href="/services/web-development">Web Development</a></li>\r\n</ul>', 'london-graduate-school', 'ACTIVE', 'London Graduate School | Digital Marketing Agency In UK | Cynosure Designs', 'Discover how London Graduate School made Website & CRM to make the best user experience for their students', '2021-11-29 08:35:26', '2021-12-07 08:48:17', NULL, 0, '#fba7ac'),
	(16, 'AR Luxury Real Estate', 'projects/November2021/wTKPK6j028YBRAgnWkFg.png', 'projects/November2021/2FlMMHF6RSzZK53lWcuh.png', NULL, '<h1>Website Design &amp; Development</h1>\r\n<p>Helped ANKE RICE to build a brand to get more out of Real Estate business for a luxurious lifestyle. The main focus of AR was to set market trends by offering unique property rental services and making a connection between communities.</p>\r\n<p>Cynosure designed a responsive website for AR Luxury Real Estate with a user-friendly experience, keeping in mind the consumer journey to showcase the Luxurious properties designed by ANKE RICE.</p>\r\n<ul class="project_categories_list pt-2">\r\n<li><a href="/services/web-development">Web Development</a></li>\r\n</ul>', 'ar-luxury-real-estate', 'ACTIVE', 'AR Luxury Real Estate | Digital Marketing Agency In UK | Cynosure Designs', 'Discover how AR Luxury Real Estate get more out of Real Estate business for a luxurious lifestyle.', '2021-11-29 08:38:31', '2021-12-07 08:45:19', NULL, 0, '#f7f7f7'),
	(17, 'Johns Hopkins', 'projects/November2021/esFulvPYGm0hizwFrqXJ.png', 'projects/November2021/4IYzwC6kBLsrjs6EQDky.png', NULL, '<h1>Website Design &amp; Software Development</h1>\r\n<p>Dedicatedly served Johns Hopkins College in a well being optimistic manner to support the Professionalism and Educational industry. Transitioned and removed the roadblocks to make the College experience as best as it can possibly be.</p>\r\n<p>Cynosure designed a responsive website for Johns Hopkins with a user-friendly experience, Develop a vacancies portal for offering career opportunities to applicants. This platform was designed to immensely build and plan according to recruitment challenges. The Web Application specifically manages the complete hiring process including screening, scheduling, interviewing and selection of prospective candidates that fit in the job description.&nbsp;</p>\r\n<p>&nbsp;</p>\r\n<ul class="project_categories_list pt-2">\r\n<li><a href="/services/web-development">Web Development</a></li>\r\n<li><a href="/services/printing-packaging-solution">Printing &amp; Packaging</a></li>\r\n<li><a href="/services/branding">Branding</a></li>\r\n</ul>', 'johns-hopkins', 'ACTIVE', 'Johns Hopkins | Digital Marketing Agency In UK | Cynosure Designs', 'Discover how Johns Hopkins made the most of our Branding, Printing, and Web Development Solutions to establish an Educational institute in UK.', '2021-11-29 08:42:06', '2021-11-30 03:25:35', NULL, 0, '#c7dbf5'),
	(18, 'Tec Training', 'projects/November2021/ZCKB1IUv1tLdvk7Zgx0t.png', 'projects/November2021/cfEwxFL04Sc6bGwF4lFP.png', NULL, '<h1>Website Development &amp; Printing solution</h1>\r\n<p>The U.K leading institute of Professional Training Courses needed a unique digital strategy to innovate and increase awareness partially with an online outreach approach. With such intention Cynosure Designs\' experts penetrated with quality designed Website and Printing on various products that created an influential impact internationally.</p>\r\n<ul class="project_categories_list pt-2">\r\n<li><a href="/services/web-development">Web Development</a></li>\r\n</ul>', 'tech-training', 'ACTIVE', 'Tec Training | Digital Marketing Agency In UK | Cynosure Designs', 'Discover how Tec Training made their Website for seamless user experience and brand awareness.', '2021-11-30 06:14:03', '2022-04-25 12:36:10', NULL, 0, '#f2f0b0'),
	(19, 'Mclaren Resourcing', 'projects/November2021/YZgYR3F9AvOqTnFil5N8.png', 'projects/November2021/hare4x2IqBIrzaX7Tx8p.png', NULL, '<h1>Website Development &amp; Printing solution</h1>\r\n<p>As the name specifies, Mclaren Resourcing agency specializes in providing customized Recruitment solutions efficiently to numerous organizations and achieving the targets that business needs. Ensuring availability, standards set, target marketing, products and services visibility, brand loyalty and brand awareness, we helped Mclaren Resourcing with implemented strategies throughout the marketing endorsement.</p>\r\n<ul class="project_categories_list pt-2">\r\n<li><a href="/services/web-development">Web Development</a></li>\r\n<li><a href="/services/printing-packaging-solution">Printing Solution</a></li>\r\n</ul>', 'mclaren-resourcing', 'ACTIVE', 'Mclaren Resourcing | Digital Marketing Agency In UK | Cynosure Designs', 'Discover how Mclaren Resourcing made Website & creative product designs for brand awareness.', '2021-11-30 07:38:48', '2021-12-07 08:22:06', NULL, 0, '#c9d2ee'),
	(20, 'Global Kidney Foundation', 'projects/November2021/acz9dfg1Tq96zauOYCgE.png', 'projects/November2021/ZvVtPD5TKd42k8iG5H4S.png', NULL, '<h1>Website Development</h1>\r\n<p>The assistance we provided to the U.K based Global Kidney Foundation (GKF) with the ambition to let people get awareness among people in all aspects especially about kidney diseases and organ donations with an informative and creative Website.</p>\r\n<ul class="project_categories_list pt-2">\r\n<li><a href="/services/web-development">Web Development</a></li>\r\n<li><a href="/services/branding">Branding</a></li>\r\n</ul>', 'global-kidney-foundation', 'ACTIVE', 'Global Kidney Foundation | Digital Marketing Agency In UK', 'Discover how Global Kidney Foundation made the creative website for public presence.', '2021-11-19 05:08:07', '2022-04-25 13:20:44', NULL, 0, '#ffefeb'),
	(34, 'Halcyon Events', 'projects/December2021/UcrMoRvCjbYHFAsjsMvH.jpg', 'projects/December2021/xX2Ez6vH3fmfsg8IyHAb.png', NULL, '<h1>Website Design &amp; Development</h1>\r\n<p>Halcyon Events is a global house for a broad-pool relationship that are proud of their innovation and creativity in organizing world-class event. They have ground-breaking services to deliver the game changing offerings from festivals, sports events, motorsports events and many others. From Dubai to around the globe, their team of passionate professionals demonstrates great dedication and virtue in the execution process, that touches the human hearts and brains with exceptional touch.</p>\r\n<p>Our Cynosure Designs professionals committed and delivered our client Halcyon Events with an inspirationally designed Website that helped them in achieving their lifelong aspirations.</p>\r\n<p>&nbsp;</p>\r\n<ul class="project_categories_list pt-2">\r\n<li><a href="/services/ui-ux-designs">UI/UX Designs</a></li>\r\n<li><a href="/services/web-development">Web Development</a></li>\r\n</ul>\r\n<p>&nbsp;</p>\r\n<p><video class="aligners_work_video" style="object-fit: cover;" poster="https://cynosuredesigns.co.uk//storage/halcyon-poster.jpg" preload="auto" loop="loop" controls="controls" width="100%">\r\n                    <source src="https://cynosuredesigns.co.uk//storage/projects/videos/formula1.mp4" type="video/mp4" />Sorry, your browser\r\n                    doesn\'t support embedded videos.\r\n                </video></p>', 'halcyon-events', 'ACTIVE', 'Halcyon Events | Digital Marketing Agency In UK | Cynosure Designs', 'Discover how Halcyon Events made the creative Website and branding for events', '2021-12-24 09:24:01', '2021-12-24 09:44:52', NULL, 0, '#ffe0e0'),
	(35, 'Salamander Brewing Company', 'projects/January2022/VLInkMzqCGjKiczHBf0z.png', 'projects/January2022/hx4gR2IWO5O9DHAEgA57.png', NULL, '<h1>Website Development</h1>\r\n<p>These days beers are everywhere but Salamander Brewing Company is a well-stocked bar of adventurous brews and exciting line-up brewed beers. When in the company of true craft nerds, they will get to choose your own worthwhile glassware. With a massive variety, they continuously evolve in the best breweries and beers that are served in the relaxed environment.</p>\r\n<ul class="project_categories_list pt-2">\r\n<li><a href="/services/web-development">Web Development</a></li>\r\n</ul>', 'salamander-brewing-company', 'ACTIVE', 'Salamander Brewing Company | Marketing Agency In UK', 'Discover how Salamander Brewing Company made their Website for seamless user experience and brand awareness.', '2022-01-20 09:36:08', '2022-06-21 04:27:57', NULL, 0, '#b3b2b2'),
	(36, 'School of Business & Management', 'projects/January2022/65k5UyvgbTAVVDgfx2Vg.png', 'projects/January2022/WuLO0ZkZrlzuZMr2LAhV.png', NULL, '<h1>Website Development</h1>\r\n<p>The Malta based SBM is constantly changing everything in the world-consumer perspective. empowering students with professional skills in business and management that is the key to success behind the university. They work hard to make sure that they provide students the opportunities for working with a number of industries and also ensure that their students are well-equipped for the future career.</p>\r\n<ul class="project_categories_list pt-2">\r\n<li><a href="/services/web-development">Web Development</a></li>\r\n</ul>', 'school-of-business-and-management', 'ACTIVE', 'School of Business & Management | Digital Marketing Agency', 'Discover how the School of Business & Management made their Website for seamless user experience and brand awareness.', '2022-01-20 10:11:16', '2022-04-26 03:26:44', NULL, 1, '#ffc2c2'),
	(37, 'Anderson Ross', 'projects/January2022/xq53JwiFDyAxhl9J7dEE.png', 'projects/January2022/jKoZWZYRe8BRsWcXuOBW.png', NULL, '<h1>Website Development</h1>\r\n<p>The U.K based Anderson Ross is an award-winning firm, dedicated to help small to large scale businesses in thriving throughout the venture. The company assists in all aspects of business planning, accounts, taxes, VAT, payrolls and many other services. Experienced accountants are available to offer a wide range of value added services to businesses and individuals, all of which can be tailored according to the particular requirements and budget.</p>\r\n<ul class="project_categories_list pt-2">\r\n<li><a href="/services/web-development">Web Development</a></li>\r\n</ul>', 'anderson-ross', 'ACTIVE', 'Anderson Ross | Digital Marketing Agency In London | Cynosure Designs', 'Discover how Anderson Rosss made their Website for seamless user experience and brand awareness.', '2022-01-20 10:20:56', '2022-06-21 04:52:33', NULL, 0, '#b6b4ee'),
	(38, 'American Hospital Dubai', 'projects/June2022/ZRXqja7HrO6OlpAtVeYB.png', 'projects/June2022/269EwD70gD9XBoJqysup.webp', NULL, '<p>American Hospital, a renowned private healthcare provider in the Middle East and part of the Mohamed &amp; Obaid Al Mulla Group, was founded in 1996 with the purpose of delivering world-class medical treatments to the community. The team of healthcare professionals specializing in more than 40 medical and surgical disciplines provide comprehensive treatments to patients.</p>\r\n<p>American Hospital also operates dedicated clinics in Dubai Media City, Al Barsha, Al Khawaneej, Jumeirah, Mira, and Dubai Hills, to better serve the community. All physicians at the Hospital are American Board Certified or equivalent, ensuring that patients in the UAE get care that meets global standards. Furthermore, American Hospital became the first medical institution in Dubai to facilitate robotic surgery services, strengthening the Emirate\'s regional position as a hub for medical tourism for patients seeking world-class medical help.&nbsp;</p>\r\n<p>&nbsp;</p>\r\n<h3><span style="color: #a00000;">See how we have been helping American Hospital Dubai</span></h3>\r\n<ul class="project_categories_list pt-2">\r\n<li><a href="/services/ui-ux-designs">UI/UX Designs</a></li>\r\n<li><a href="/services/web-development">Web Development</a></li>\r\n<li><a href="/services/software-development">Software Development</a></li>\r\n</ul>\r\n<p>&nbsp;</p>\r\n<h2>Website Development</h2>\r\n<p>This is true that your website must deliver essential and even vital information if you are in the medical or health sector. Your website must not only look great but also must be easily accessed, user friendly and simple to navigate. Cynosure Design&rsquo;s in-house team designed and developed an innovative Website on the demand of our client, American Hospital Dubai. Our programmers, developers, designers, content writers and video makers dedicatedly produced everything in-house for the website development.</p>\r\n<p>Our specialists delivered American Hospital Dubai, the quality website from start to finish consisting of multiple user friendly functionalities that include setting appointments, finding prospective doctors and services, and location finder.&nbsp;</p>\r\n<p>Moreover the website presents detailed information and guidance about the Departments, packages, branches and more for the community&rsquo;s convenience.</p>\r\n<h3>Key Results:</h3>\r\n<ul>\r\n<li>Established Strong Reputation</li>\r\n<li>Gave 24/7 Online Presence</li>\r\n<li>Understandable Information About Diseases, Symptoms And Treatments</li>\r\n<li>Updated Information About Patient Services And Technologies</li>\r\n<li>Patients Proactively Identified Health Problem</li>\r\n<li>Involved Community And Created Long-Term Loyalty</li>\r\n</ul>\r\n<p>&nbsp;</p>\r\n<p>&nbsp;</p>\r\n<h2>Whatsapp Chatbot</h2>\r\n<p>In recent years, hospitals or medical organizations have opted for cutting-edge AI-powered chatbots to assist them in providing the best possible services and treatments to patients. Frequent delays, lack of personalized attention and inefficient patient service are some of the most common issues that patients face and they can be resolved with the help of effective Chatbots.</p>\r\n<p>Cynosure Designs helped American Hospital Dubai with WhatsApp Business API Chatbot that enabled the hospital to gain access to the enormous community in a cost-effective manner. The automated chatbot was designed to rapidly respond to enquiries and concerns from the users all around the world in real time. The WhatsApp chatbot for the AHD was built to better understand user behavior, provide more customized user experience and deliver personalized care to patients. Some of the most used features or use-cases for AHD WhatsApp chatbot include: Symptoms Assessment, Finding the Doctor, Scheduling Appointments, Counseling, Record Keeping, Processing Payments, lab Reports and many more customized options.</p>\r\n<p>As a result, chatbot on WhatsApp helped hospital expand their reach by automating discussions with current and potential users at all hours of the day.&nbsp;</p>\r\n<p>&nbsp;</p>\r\n<h3>Key Results:</h3>\r\n<ul>\r\n<li>Instant Response To Queries</li>\r\n<li>Speedy And Timely Access To Data</li>\r\n<li>Update On The Care And Treatment Of Patient</li>\r\n<li>Reminders And Notifications To Patients For Ease</li>\r\n<li>24/7 Support Availability</li>\r\n<li>Built A Strong Identity Of Hospital</li>\r\n</ul>\r\n<p>&nbsp;</p>\r\n<h2>Customer Relationship Management (CRM) Software</h2>\r\n<p>Customer retention is becoming one of the most difficult things to maintain in the healthcare sector. The majority of individuals choose a clinic or hospital depending on whether or not the professionals understand their needs and deliver personalized quality of care. As a result, healthcare institutions that lack this critical component are operating at a loss as poor customer service is likely to turn off more potential consumers.&nbsp;</p>\r\n<p>This is where a CRM software might help American Hospital Dubai. Cynosure Designs implemented the appropriate tools and technology, required to support shifting trends in marketing and customer relationship management components. We designed a CRM that includes major features such as integrated patient records and the use of electronic data to aid different operations such as the medical history, check-in process, medical billing, patient visits, care and patient management. The automated software provides useful reports for daily analysis of the hospital&rsquo;s work.</p>\r\n<h3>Key Results:</h3>\r\n<ul>\r\n<li>Generated More Leads</li>\r\n<li>Obtaining Business Insights</li>\r\n<li>Keeping Track Of Medical Records</li>\r\n<li>Storing Patient Data</li>\r\n<li>Allocating Resources</li>\r\n<li>Efficiency Enhanced By Automation</li>\r\n</ul>\r\n<p>&nbsp;</p>\r\n<p>We promised to meet the deadlines of American Hospital Dubai and worked with them to deliver up-to-the-mark services at every step of the journey.</p>\r\n<p>&nbsp;</p>', 'american-hospital-dubai', 'ACTIVE', 'American Hospital Dubai | Digital Marketing Agency In London | Cynosure Designs', 'Discover how American Hospital Dubai made its Website for seamless user experience and brand awareness.', '2022-06-20 11:25:23', '2022-06-20 12:51:40', NULL, 1, '#2ec571'),
	(39, 'Continental Tires', 'projects/June2022/pOKwmI4x61ytN2KaKj0p.webp', 'projects/June2022/hyiTFAv1cRCqbfChaHPH.webp', NULL, '<p><strong>Continental Tires</strong> is a German multinational <strong>automobile parts manufacturing company</strong> that specializes in brake systems, interior electronics, automotive safety, engine, tachographs, tires and other parts for the automotive and transportation industry. Continental is the fourth largest tire manufacturer in the world.&nbsp;</p>\r\n<p>&nbsp;</p>\r\n<h3><span style="color: #a00000;">Continental is divided into six major divisions:&nbsp;</span></h3>\r\n<ol>\r\n<li>Advanced Driver Assistance Systems (Adas)</li>\r\n<li>Tires</li>\r\n<li>Contitech</li>\r\n<li>Chassis And Safety</li>\r\n<li>Powertrain</li>\r\n<li>Interior</li>\r\n</ol>\r\n<p>&nbsp;</p>\r\n<p>Continental was founded in 1871 in Hannover, Germany and established in the Middle East in 2008 and sold, General Tire, Barum, Matador, Mabor, Semperit, and Uniroyal brands to the countries such as United Arab Emirates, Egypt, Afghanistan, Bahrain, Djibouti, Ethiopia, Iraq, Iran, Jordan, Kuwait, Lebanon, Oman, Qatar, Saudi Arabia, Somalia and Yemen.</p>\r\n<p>Continental sells tires for automobiles, motorcycles, and bicycles worldwide under the Continental brand. Their potential customers include all major automobile, truck and bus producers, such as Porsche, Volkswagen, Toyota, Honda, Daimler AG, Ford, Volvo, Schmitz, Koegel, Freightliner Trucks, BMW, General Motors, Renault and PSA.</p>\r\n<p>&nbsp;</p>\r\n<h3><span style="color: #a00000;">See how we have been helping Continental</span></h3>\r\n<ul class="project_categories_list pt-2">\r\n<li><a href="/services/web-development">Web Development</a></li>\r\n<li><a href="/services/digital-marketing/seo">SEO</a></li>\r\n<li><a href="/services/digital-marketing/ppc">PPC</a></li>\r\n</ul>\r\n<p>&nbsp;</p>\r\n<h2>Website Development</h2>\r\n<p>Continental, the world-renowned automobile parts manufacturing brand opted Cynosure Designs to give their business online presence and showcase their products and services worldwide. We tested and executed plans to sell more automobile parts for Continental, including interior electronics, tachographs, tires and other parts for automotives, best compatible for your automobile.&nbsp;</p>\r\n<p>The goal was to make the website look more updated by using animations, attractive images, cinemagraphs, and unique content. Furthermore, the structure of the website was built for a user-friendly experience while keeping in mind the global brand guidelines and the consumer journey of the target audience. Our digital media agency created and implemented a suitable strategic plan for Continental by giving the website multiregional and bilingual nature.</p>\r\n<p>We made sure that their website delivers a user-friendly responsive website for desktop, smartphones and tablets, while ensuring that the site meets the goals and objectives of the business.&nbsp;</p>\r\n<p>&nbsp;</p>\r\n<h3><span style="color: #a00000;">Key Results:</span></h3>\r\n<ul>\r\n<li>Established Online Brand Identity</li>\r\n<li>Provided A Better First Impression To The Visitors</li>\r\n<li>Boosted Revenues And Profits</li>\r\n<li>Improved Search Rankings</li>\r\n<li>Gained The Competitive Edge</li>\r\n<li>Reduced Bounce Rates</li>\r\n</ul>\r\n<p>&nbsp;</p>\r\n<h2>Pay Per Click (PPC) Service&nbsp;</h2>\r\n<p>In today&rsquo;s modern era businesses advertise to reach their target audience online. When tailored and developed with a clear aim in mind, the ad campaigns may increase brand recognition, generate more leads, and drive sales. To beat this challenge Cynosure Designs outperformed by using the Pay Per Click marketing strategy that put the Continental&rsquo;s business on the fastest track of driving sales. This sales-focused approach proved Continental to be the most cost-effective solution, assuring extremely high return through target marketing.</p>\r\n<p>The PPC campaign not only helped to kick-start a consistent flow of traffic towards Continental automotive website, but also improved the Google ranking. The main benefit our PPC experts gave was the placement of products and services in front of customers online on multiple platforms.</p>\r\n<p>&nbsp;</p>\r\n<h3><span style="color: #a00000;">Key Results:</span></h3>\r\n<ul>\r\n<li>Increased The Online Visibility</li>\r\n<li>Received More Clicks</li>\r\n<li>Greater Opportunity For Conversions</li>\r\n<li>Contributed Towards Business Goals And Revenues</li>\r\n<li>Improved SEO Performance</li>\r\n<li>More Controlled And Trackable Data</li>\r\n</ul>\r\n<p>&nbsp;</p>\r\n<h2>Search engine Optimization (SEO)</h2>\r\n<p>Today every business is competing to rank better on Search Engine Result Pages (SERP&rsquo;S). Because 85 percent of consumers use search engines to locate the products and services they require, that\'s why it is essential to optimize your website with a sound SEO strategy plan. As optimization leads to increased visibility, more leads generation and eventually increased revenues.&nbsp;</p>\r\n<p>Cynosure Designs have tried and tested Continental&rsquo;s automobile parts SEO strategies that are specific to the automotive sector. We\'ve been assisting them in becoming more successful and created a plan to meet the digital marketing demands and objectives. We also provide them a thorough SEO report every month, including the pages, categories, and products we targeted and improved.</p>\r\n<p>&nbsp;</p>\r\n<h3><span style="color: #a00000;">Key Results:</span></h3>\r\n<ul>\r\n<li>Put Continental At The Top Of The Search Results.</li>\r\n<li>Built Backlinks That Improved Credibility Of Website</li>\r\n<li>Consistent Online Visibility</li>\r\n<li>Built Trust With Customers</li>\r\n<li>Boosted User Experience On The Website</li>\r\n<li>Increased User Engagement And Conversion Rate</li>\r\n</ul>\r\n<p>&nbsp;</p>\r\n<p><span style="color: #a00000;"><strong>Cynosure Designs understood the business goals and objectives that geared towards the boosted Continental\'s conversions and sales.</strong></span></p>\r\n<p>&nbsp;</p>', 'continental-tires', 'ACTIVE', 'Continental Tires | Digital Marketing Agency In London | Cynosure Designs', 'Discover how Continental Tires made its Website for seamless user experience and brand awareness.', '2022-06-21 04:25:11', '2022-06-21 04:51:34', NULL, 1, '#dbdbdb'),
	(40, 'Manakish Oven & Grill', 'projects/June2022/2f2IB3RDxrbRRAPCGBnH.webp', 'projects/June2022/E7Ds59mgRAu8CUWi1xEC.webp', NULL, '<p>Manakish is the elite choice in the restaurants of Walnut Creek, California. Their dominant cuisine highlights Hand-made Bread, Fresh Marinades, and Hand-stretched Cheeses by focusing on excellent tastes and a memorable culinary experience. For them, the most significant aspect of the Manakish experience is the use of fresh ingredients, marinated meats, vegetarian blends with the fresh vegetables. Moreover, they are also providing the exclusive Catering services with the most experienced and qualified chefs that can turn any event into the most memorable moment with the awesome taste of food that everyone can remember for a long time.</p>\r\n<p>Manakish specializes in Mediterranean dishes that include Hummus, Falafel, Zaatar, Fattouh, Fatteh, Kefta and many more that you must like. Serving the ideal meals in addition to sweet delights for friends and family around for well-stocked delicious platters while pleasing themselves with long conversations at the spot.&nbsp;</p>\r\n<p>They are right here to convey the flavors of Mediterranean food!</p>\r\n<p>&nbsp;</p>\r\n<h3><span style="color: #800000;">See how we have been helping Manakish - Oven &amp; Grill</span></h3>\r\n<ul class="project_categories_list pt-2">\r\n<li><a href="/services/digital-marketing/seo">SEO</a></li>\r\n<li><a href="/services/digital-marketing/ppc">PPC</a></li>\r\n</ul>\r\n<p>&nbsp;</p>\r\n<h2>Pay Per Click (PPC) Service</h2>\r\n<p>As we all know, restaurant searches on the internet are popular. To discover the next meal, hungry consumers first look at menus, locations, hours, promotions, reviews, photo galleries, and, most crucially, phone numbers. People search it on their mobile devices and click on Google\'s sponsored ads because they make plans on the go.&nbsp;</p>\r\n<p>Manakish resourced Cynosure Designs to get the most out of conversions and increase the brand awareness around the globe. Our agency tried, tested, and executed successful PPC strategies to raise brand recognition on all paid advertising platforms, including Google Ads, Display Ads, Shopping Feed Ads, Social Media Ads and everything in between. Google AdWords and Google Analytics measure clicks and conversions in real time, allowing us to examine how it is working.</p>\r\n<h3><span style="color: #800000;">Key Results:</span></h3>\r\n<ul>\r\n<li>Moved to Call to Action (CTA)</li>\r\n<li>Optimized the Landing Page</li>\r\n<li>Provided Measurable and Trackable Solution</li>\r\n<li>Enabled Targeting Options</li>\r\n<li>Generated Website Traffic and Sales</li>\r\n</ul>\r\n<p>&nbsp;</p>\r\n<h2>SEO Service</h2>\r\n<p>We are expert in improving our clients\' search engine results. Our services can assist you in helping your customers to locate your website while looking for the items and services you provide. Our SEO team uses a variety of tools to find the level of search volume that determines how many times a given keyword is searched on Google as Keyword Research is the most crucial tactic in SEO strategy.&nbsp;</p>\r\n<p>Cynosure Designs helped Manakish to accurately assess the impact of best SEO services and on their restaurant. We gave our client frequent statistics among other things, showing how effective our efforts have been in attracting targeted traffic from search engines and referrals from other websites. We accomplished the purpose and the goal of the website including subscriptions, registrations, order placements, newsletter signups, community involvement and more.</p>\r\n<h3><span style="color: #800000;">Key Results:</span></h3>\r\n<ul>\r\n<li>Boosted Search Rankings</li>\r\n<li>Increased Organic Traffic</li>\r\n<li>Improved Leads and Calls Volume</li>\r\n<li>Elevated Revenues &amp; Profits</li>\r\n<li>Maximum Return on Investment (ROI)</li>\r\n</ul>\r\n<p>&nbsp;</p>\r\n<h3><span style="color: #800000;">Cynosure Designs gave Manakish the online visibility and spread the word about their products and services to the potential customers and on the right platforms!</span></h3>', 'manakish-oven-and-grill', 'ACTIVE', 'Manakish Oven & Grill | Digital Marketing Agency In London | Cynosure Designs', 'Discover how Manakish Oven & Grill made its Website for seamless user experience and brand awareness.', '2022-06-21 04:46:03', '2022-06-21 04:50:14', NULL, 1, '#dbdbdb'),
	(41, 'H & S Security Services', 'projects/July2022/AfCNocg52RxTynTYLyqw.webp', 'projects/July2022/b9awhymk8cHdjH87OOn1.webp', 'H&S Security provides professional security services for their clients across the United Kingdom.', '<p>H&amp;S Security provides professional security services for their clients across the United Kingdom. They have highly trained security guards who have years of experience and training. Their security team is fully licensed and insured, and all guards are background checked and drug tested before they begin working at any of the locations.</p>\r\n<p>H&amp;S Security offers 24/7 service and guarantees a safe environment for corporate clients, community events, and individuals. H&amp;S also offers a training course to individuals to provide an introduction to the fundamentals of security operations. It provides an overview of the various types of threats and trains them with the essential techniques to detect, prevent, respond, and recover from them.</p>\r\n<h3>Services H&amp;S Security Offers:</h3>\r\n<ul>\r\n<li>Manned Guarding</li>\r\n<li>Events Security</li>\r\n<li>Mobile Security Patrol</li>\r\n<li>Key Holding &amp; Alarm Response</li>\r\n</ul>\r\n<h3 class="theme_color">See how we have been helping H&amp;S Security.</h3>\r\n<ul class="project_categories_list pt-2">\r\n<li><a href="/services/web-development">Web Development</a></li>\r\n<li><a href="/services/digital-marketing/seo">SEO</a></li>\r\n</ul>\r\n<p>&nbsp;</p>\r\n<h2>Website Development</h2>\r\n<p>People first look at the website when they hear about your business. If you have excellent looking web pages, you will get more customers and sales. Cynosure Designs has proven expertise in creating responsive websites that work across devices. We have built numerous websites using many tools and techniques, knowing what works and what does not.&nbsp;</p>\r\n<p>Our team of experts worked closely with H&amp;S Security to understand their business goals and objectives, and then we used our experience to develop a strategy that best matched their brand. We offered various services to H&amp;S Security including web design and development, website SEO, logo design, and content creation. Our approach is simple - we listen, learn and deliver outstanding results.</p>\r\n<p>&nbsp;</p>\r\n<h3>Key Results:</h3>\r\n<ul>\r\n<li>Established Brand Name</li>\r\n<li>Built Connections With Clients</li>\r\n<li>Generated Organic Traffic</li>\r\n<li>Conversion Rate Optimization (CRO)</li>\r\n<li>24/7 Customer Support Built Trust</li>\r\n<li>Increased Credibility</li>\r\n</ul>\r\n<p>&nbsp;</p>\r\n<p><strong>Make Your Business Visible Online With Innovative Web Designs!</strong></p>\r\n<p>&nbsp;</p>', 'h-and-s-security-services', 'ACTIVE', 'HS Security | Digital Marketing Agency In London', NULL, '2022-07-18 16:36:04', '2022-07-18 16:38:55', NULL, 1, '#cce6ff'),
	(42, 'Red Well Tuition', 'projects/July2022/7ngcvtCDTlJHiUNP2erj.webp', 'projects/July2022/DSVUcWU8ptKUttLJqeVZ.webp', NULL, '<p>Redwell Tuition provides professional tutors who have been certified to teach students at various levels. Their expertise lies in their knowledge of the subject they are teaching. Tutors can be hired anytime to help teach students several subjects, including Maths, English, and Science ranging the stages 1-5. Students can also be prepared for 7+ and 11+ exams, and the tutor&rsquo;s flexible schedule can fit your studies around your busy lifestyle.</p>\r\n<p>&nbsp;</p>\r\n<h3 class="theme_color">See how we have been helping Redwell Tuition.</h3>\r\n<ul class="project_categories_list pt-2">\r\n<li><a href="/services/web-development">Web Development</a></li>\r\n<li><a href="/services/digital-marketing/seo">SEO</a></li>\r\n</ul>\r\n<p>&nbsp;</p>\r\n<h2>Website Development</h2>\r\n<p>The role of technology plays an important in the improvement and expansion of education worldwide. Websites are a technology component that allows institutions and individuals to quickly and inexpensively share their profiles and promote them to the rest of the world. Redwell Tuition needed a website that should be easy to navigate and understand where the Users should not need to spend much time searching for the information or trying to figure out what they need to do.&nbsp;</p>\r\n<p>Our professional developers accomplished the target by designing and developing a user-friendly website for the client. We created a strategy that focused on providing users with helpful information and engaging them with the content related to tutoring services. The development of the website included web design, logo designing, booking portal, website SEO, and content creation. The website uses responsive web design principles to ensure that the website looks good on any device.&nbsp;</p>\r\n<p>&nbsp;</p>\r\n<h2>Key Results:</h2>\r\n<ul class="theme_list">\r\n<li>Informative Platform For Students</li>\r\n<li>Saved Time For Students From Searching</li>\r\n<li>Cost-Effective Method To Find Tutors</li>\r\n<li>Online Booking Portal For The Sessions</li>\r\n<li>Enhanced Students&rsquo; Interests</li>\r\n<li>Established Online Visibility</li>\r\n</ul>\r\n<p>&nbsp;</p>\r\n<p><strong>A Well-Designed Site Is Not Only Visually Appealing, But It Should Also Be User Friendly!</strong></p>', 'red-well-tuition', 'ACTIVE', 'Redwell Tuition Project | Our Work | Cynosure Designs', 'Cynosure Designs\' professional developers accomplished the target by designing and developing a user-friendly website for Redwell Tuition.', '2022-07-20 12:30:07', '2022-07-20 12:30:07', NULL, 1, '#ffdbdb'),
	(43, 'M4 Facilities Management', 'projects/July2022/dq6J5lCOhUJU7Q7iHRnn.webp', 'projects/July2022/Dn1NuKMVp03OdKLhJOC3.webp', NULL, '<p>M4FM believes they have a unique approach to delivering management facilities services. Their primary goal is to provide tailored quality services to the clients to meet their specific needs as they know that success relies heavily on relationships with the clients and treating them with respect and professionalism by being able to adapt to any situation and respond immediately.&nbsp;</p>\r\n<h3 class="theme_color">What does M4FM offer?</h3>\r\n<p>M4 provides a range of facilities management services in 4 major domains, including:</p>\r\n<p>&nbsp;</p>\r\n<ul>\r\n<li>Security Services</li>\r\n<li>Facilities Management (FM)</li>\r\n<li>Event Security</li>\r\n<li>Training Solutions</li>\r\n</ul>\r\n<p>They provide the services mentioned above in a wide range of sectors; Education, Finance &amp; Insurance, Government, Rail, Leisure &amp; Tourism, Retail, Corporate, Industrial, Transport, and Logistics.&nbsp;</p>\r\n<p>&nbsp;</p>\r\n<p><strong>See how we have been helping M4.</strong></p>\r\n<ul class="project_categories_list pt-2">\r\n<li><a href="/services/web-development">Web Development</a></li>\r\n<li><a href="/services/digital-marketing/seo">SEO</a></li>\r\n</ul>\r\n<p>&nbsp;</p>\r\n<h2>Website Development</h2>\r\n<p>The rise of online businesses has led to the creation of dedicated websites to attract more people to their businesses. The websites allow users to create profiles, upload pictures, and videos, and even share information about their products and services.&nbsp;</p>\r\n<p>Every project begins with thorough market research, followed by strategy, creative thinking, and expert execution. Cynosure Designs was opted for the project to create an attractive Website Design for M4 business. We added value by developing an innovative website design focused on capturing user attention and delivering a great user experience. We provided full service to M4 in creating a web design, logo design, graphic design, SEO, content creation, and more. We are passionate about telling stories through our work, and we believe that great ideas start with good visuals. Our clients love working with us because they know they\'ll get a high-quality product at a fair price.</p>\r\n<p>&nbsp;</p>\r\n<h2>Key Results:</h2>\r\n<ul class="theme_list">\r\n<li>Online Visibility</li>\r\n<li>Brand Awareness</li>\r\n<li>Customized Web Design</li>\r\n<li>Website SEO</li>\r\n<li>Increased Sales Conversion</li>\r\n<li>Better Performance&nbsp;</li>\r\n</ul>\r\n<p>&nbsp;</p>\r\n<p><strong>A Digital Agency For The Digital Age To Make Your Website Come Alive!</strong></p>\r\n<p>&nbsp;</p>', 'm4-facilities-management', 'ACTIVE', 'M4 Facilities Management Project | Our Work | Cynosure Designs', 'Cynosure Designs was opted for the project to create an attractive Website Design for M4 business that increased Sales Conversion.', '2022-07-20 12:35:17', '2022-07-20 12:37:23', NULL, 1, '#ebffec');

-- Dumping structure for table cynosure-website.project_tag
CREATE TABLE IF NOT EXISTS `project_tag` (
  `id` int(10) unsigned NOT NULL AUTO_INCREMENT,
  `project_id` int(11) NOT NULL,
  `tag_id` int(11) NOT NULL,
  PRIMARY KEY (`id`)
) ENGINE=InnoDB AUTO_INCREMENT=35 DEFAULT CHARSET=utf8mb4 COLLATE=utf8mb4_unicode_ci;

-- Dumping data for table cynosure-website.project_tag: ~30 rows (approximately)
INSERT IGNORE INTO `project_tag` (`id`, `project_id`, `tag_id`) VALUES
	(1, 1, 1),
	(5, 2, 2),
	(6, 3, 3),
	(7, 4, 9),
	(8, 5, 9),
	(9, 6, 10),
	(10, 7, 3),
	(11, 8, 4),
	(12, 9, 3),
	(13, 10, 3),
	(14, 11, 4),
	(15, 12, 9),
	(16, 13, 3),
	(17, 14, 3),
	(18, 15, 3),
	(19, 16, 3),
	(20, 17, 3),
	(21, 18, 3),
	(22, 19, 3),
	(23, 20, 9),
	(24, 34, 3),
	(25, 37, 3),
	(26, 36, 3),
	(27, 35, 3),
	(28, 38, 3),
	(29, 39, 3),
	(31, 40, 11),
	(32, 41, 3),
	(33, 42, 3),
	(34, 43, 3);

-- Dumping structure for table cynosure-website.quotes
CREATE TABLE IF NOT EXISTS `quotes` (
  `id` int(10) unsigned NOT NULL AUTO_INCREMENT,
  `name` mediumtext COLLATE utf8mb4_unicode_ci,
  `email` mediumtext COLLATE utf8mb4_unicode_ci,
  `phone` mediumtext COLLATE utf8mb4_unicode_ci,
  `company` mediumtext COLLATE utf8mb4_unicode_ci,
  `budget` mediumtext COLLATE utf8mb4_unicode_ci,
  `comments` text COLLATE utf8mb4_unicode_ci,
  `source` text COLLATE utf8mb4_unicode_ci,
  `page_source` text COLLATE utf8mb4_unicode_ci,
  `created_at` timestamp NULL DEFAULT NULL,
  `updated_at` timestamp NULL DEFAULT NULL,
  `visitor` text COLLATE utf8mb4_unicode_ci,
  PRIMARY KEY (`id`)
) ENGINE=InnoDB AUTO_INCREMENT=22 DEFAULT CHARSET=utf8mb4 COLLATE=utf8mb4_unicode_ci;

-- Dumping data for table cynosure-website.quotes: ~14 rows (approximately)
INSERT IGNORE INTO `quotes` (`id`, `name`, `email`, `phone`, `company`, `budget`, `comments`, `source`, `page_source`, `created_at`, `updated_at`, `visitor`) VALUES
	(8, 'Hamza Attiq', 'hamxa5522@gmail.com', '+923214211741', 'www.spotify.com', '12', 'rest', 'linkedin', 'https://cynosuredesigns.co.uk/services/branding', '2022-07-06 13:21:54', '2022-07-06 13:21:54', NULL),
	(9, 'qBFObleGaiSJ', 'zlani0i809u4i3z@outlook.com', '2065059620', 'htaEfowMxBHnAR', 'VjzHGDaZAbfXcvnx', 'zEfbGHolqkhxg', 'other', 'https://cynosuredesigns.co.uk/services/digital-marketing', '2022-07-21 16:48:19', '2022-07-21 16:48:19', '{"ip":"197.255.201.108","countryName":"Gambia","countryCode":"GM","regionCode":"B","regionName":"Banjul","cityName":"Banjul","zipCode":"","isoCode":null,"postalCode":null,"latitude":"13.4549","longitude":"-16.579","metroCode":null,"areaCode":"B","timezone":"Africa\\/Banjul","driver":"Stevebauman\\\\Location\\\\Drivers\\\\IpApi"}'),
	(10, 'XlYeqmgHJbMoaF', 'zlani0i809u4i3z@outlook.com', '7604967357', 'upXqdxMItrKwnSf', 'GENtOdyYg', 'jaOHtxPiURkuC', 'other', 'https://cynosuredesigns.co.uk/services/digital-marketing', '2022-07-21 16:48:23', '2022-07-21 16:48:23', '{"ip":"197.255.201.108","countryName":"Gambia","countryCode":"GM","regionCode":"B","regionName":"Banjul","cityName":"Banjul","zipCode":"","isoCode":null,"postalCode":null,"latitude":"13.4549","longitude":"-16.579","metroCode":null,"areaCode":"B","timezone":"Africa\\/Banjul","driver":"Stevebauman\\\\Location\\\\Drivers\\\\IpApi"}'),
	(11, 'nijxcwWOR', 'zlani0i809u4i3z@outlook.com', '4371817476', 'hbDKoqUuJlmg', 'BxvIOAgZb', 'vJuyKsBRbdMZkxUC', 'other', 'https://cynosuredesigns.co.uk/services/branding', '2022-07-21 16:48:38', '2022-07-21 16:48:38', '{"ip":"197.255.201.108","countryName":"Gambia","countryCode":"GM","regionCode":"B","regionName":"Banjul","cityName":"Banjul","zipCode":"","isoCode":null,"postalCode":null,"latitude":"13.4549","longitude":"-16.579","metroCode":null,"areaCode":"B","timezone":"Africa\\/Banjul","driver":"Stevebauman\\\\Location\\\\Drivers\\\\IpApi"}'),
	(12, 'wckVNGsLBQY', 'zlani0i809u4i3z@outlook.com', '8811385558', 'miFXIAwjyBTMEOo', 'OGTwjbzpfnPdvINV', 'TCfMlvNRzBd', 'other', 'https://cynosuredesigns.co.uk/services/branding', '2022-07-21 16:48:41', '2022-07-21 16:48:41', '{"ip":"197.255.201.108","countryName":"Gambia","countryCode":"GM","regionCode":"B","regionName":"Banjul","cityName":"Banjul","zipCode":"","isoCode":null,"postalCode":null,"latitude":"13.4549","longitude":"-16.579","metroCode":null,"areaCode":"B","timezone":"Africa\\/Banjul","driver":"Stevebauman\\\\Location\\\\Drivers\\\\IpApi"}'),
	(13, 'fkClyDvNVZYpX', 'brendenzb6859b6k1eu3@outlook.com', '5074985813', 'abjkhAcV', 'EOZdresh', 'sruFPKhJcq', 'other', 'https://cynosuredesigns.co.uk/services/digital-marketing', '2022-07-30 18:04:18', '2022-07-30 18:04:18', '{"ip":"197.237.29.186","countryName":"Kenya","countryCode":"KE","regionCode":"30","regionName":"Nairobi Province","cityName":"Nairobi","zipCode":"09831","isoCode":null,"postalCode":null,"latitude":"-1.2841","longitude":"36.8155","metroCode":null,"areaCode":"30","timezone":"Africa\\/Nairobi","driver":"Stevebauman\\\\Location\\\\Drivers\\\\IpApi"}'),
	(14, 'iwuvtTMOzKWQ', 'brendenzb6859b6k1eu3@outlook.com', '2347074637', 'PLOgfUckvhJeu', 'sdXWTPYBEUa', 'YcTiWnRGU', 'other', 'https://cynosuredesigns.co.uk/services/digital-marketing', '2022-07-30 18:04:22', '2022-07-30 18:04:22', '{"ip":"197.237.29.186","countryName":"Kenya","countryCode":"KE","regionCode":"30","regionName":"Nairobi Province","cityName":"Nairobi","zipCode":"09831","isoCode":null,"postalCode":null,"latitude":"-1.2841","longitude":"36.8155","metroCode":null,"areaCode":"30","timezone":"Africa\\/Nairobi","driver":"Stevebauman\\\\Location\\\\Drivers\\\\IpApi"}'),
	(15, 'wDqSZxbKo', 'brendenzb6859b6k1eu3@outlook.com', '8092382489', 'BnNQqwLkOs', 'wWgnyhKUYbjPr', 'euhFkAZKdnz', 'other', 'https://cynosuredesigns.co.uk/services/branding', '2022-07-30 18:04:35', '2022-07-30 18:04:35', '{"ip":"197.237.29.186","countryName":"Kenya","countryCode":"KE","regionCode":"30","regionName":"Nairobi Province","cityName":"Nairobi","zipCode":"09831","isoCode":null,"postalCode":null,"latitude":"-1.2841","longitude":"36.8155","metroCode":null,"areaCode":"30","timezone":"Africa\\/Nairobi","driver":"Stevebauman\\\\Location\\\\Drivers\\\\IpApi"}'),
	(16, 'yzbdlSMtpvcC', 'brendenzb6859b6k1eu3@outlook.com', '4125233815', 'HBXdbVhjPLA', 'hkHozWpfYVMeNc', 'vuCIOEkawh', 'other', 'https://cynosuredesigns.co.uk/services/branding', '2022-07-30 18:04:46', '2022-07-30 18:04:46', '{"ip":"197.237.29.186","countryName":"Kenya","countryCode":"KE","regionCode":"30","regionName":"Nairobi Province","cityName":"Nairobi","zipCode":"09831","isoCode":null,"postalCode":null,"latitude":"-1.2841","longitude":"36.8155","metroCode":null,"areaCode":"30","timezone":"Africa\\/Nairobi","driver":"Stevebauman\\\\Location\\\\Drivers\\\\IpApi"}'),
	(17, 'nkTxLdAXNsHO', 'lonnell7j5nd9090y@outlook.com', '9172850399', 'zGnHwkRxUmAEJOu', 'qUYabFWSOmyNPdot', 'hoZwLXKSkQzpPtx', 'other', 'https://cynosuredesigns.co.uk/services/digital-marketing', '2022-08-24 04:12:35', '2022-08-24 04:12:35', '{"ip":"175.207.225.28","countryName":"South Korea","countryCode":"KR","regionCode":"49","regionName":"Jeju-do","cityName":"Seogwipo-si","zipCode":"636","isoCode":null,"postalCode":null,"latitude":"33.297","longitude":"126.4977","metroCode":null,"areaCode":"49","timezone":"Asia\\/Seoul","driver":"Stevebauman\\\\Location\\\\Drivers\\\\IpApi"}'),
	(18, 'FgtxsuTLAavNKDIW', 'lonnell7j5nd9090y@outlook.com', '7665921184', 'vFIDQtlNbSaMyCBJ', 'SjxFbrzGo', 'WsXLcNvl', 'other', 'https://cynosuredesigns.co.uk/services/digital-marketing', '2022-08-24 04:12:38', '2022-08-24 04:12:38', '{"ip":"175.207.225.28","countryName":"South Korea","countryCode":"KR","regionCode":"49","regionName":"Jeju-do","cityName":"Seogwipo-si","zipCode":"636","isoCode":null,"postalCode":null,"latitude":"33.297","longitude":"126.4977","metroCode":null,"areaCode":"49","timezone":"Asia\\/Seoul","driver":"Stevebauman\\\\Location\\\\Drivers\\\\IpApi"}'),
	(19, 'EMgwrPxOeI', 'lonnell7j5nd9090y@outlook.com', '7569603029', 'eDxWsOUKYtvSkqQu', 'rQFfVdlOP', 'LDoBZyiYPpXHQ', 'other', 'https://cynosuredesigns.co.uk/services/branding', '2022-08-24 04:12:45', '2022-08-24 04:12:45', '{"ip":"175.207.225.28","countryName":"South Korea","countryCode":"KR","regionCode":"49","regionName":"Jeju-do","cityName":"Seogwipo-si","zipCode":"636","isoCode":null,"postalCode":null,"latitude":"33.297","longitude":"126.4977","metroCode":null,"areaCode":"49","timezone":"Asia\\/Seoul","driver":"Stevebauman\\\\Location\\\\Drivers\\\\IpApi"}'),
	(20, 'jbmKJlTUnANyHgYF', 'lonnell7j5nd9090y@outlook.com', '2292615775', 'wyOZUkmAIoPMgGp', 'HDKSlwaYy', 'CVFeWiAytUxP', 'other', 'https://cynosuredesigns.co.uk/services/branding', '2022-08-24 04:12:48', '2022-08-24 04:12:48', '{"ip":"175.207.225.28","countryName":"South Korea","countryCode":"KR","regionCode":"49","regionName":"Jeju-do","cityName":"Seogwipo-si","zipCode":"636","isoCode":null,"postalCode":null,"latitude":"33.297","longitude":"126.4977","metroCode":null,"areaCode":"49","timezone":"Asia\\/Seoul","driver":"Stevebauman\\\\Location\\\\Drivers\\\\IpApi"}'),
	(21, 'test', 'test', '555555', 'test', '666', 'testing', 'google', 'https://cynosuredesigns.co.uk/services/web-development', '2022-08-25 12:06:37', '2022-08-25 12:06:37', '{"ip":"182.180.123.66","countryName":"Pakistan","countryCode":"PK","regionCode":"PB","regionName":"Punjab","cityName":"Lahore","zipCode":"54000","isoCode":null,"postalCode":null,"latitude":"31.5826","longitude":"74.3276","metroCode":null,"areaCode":"PB","timezone":"Asia\\/Karachi","driver":"Stevebauman\\\\Location\\\\Drivers\\\\IpApi"}');



-- Dumping structure for table cynosure-website.settings
CREATE TABLE IF NOT EXISTS `settings` (
  `id` int(10) unsigned NOT NULL AUTO_INCREMENT,
  `key` varchar(255) COLLATE utf8mb4_unicode_ci NOT NULL,
  `display_name` varchar(255) COLLATE utf8mb4_unicode_ci NOT NULL,
  `value` text COLLATE utf8mb4_unicode_ci,
  `details` text COLLATE utf8mb4_unicode_ci,
  `type` varchar(255) COLLATE utf8mb4_unicode_ci NOT NULL,
  `order` int(11) NOT NULL DEFAULT '1',
  `group` varchar(255) COLLATE utf8mb4_unicode_ci DEFAULT NULL,
  PRIMARY KEY (`id`),
  UNIQUE KEY `settings_key_unique` (`key`)
) ENGINE=InnoDB AUTO_INCREMENT=11 DEFAULT CHARSET=utf8mb4 COLLATE=utf8mb4_unicode_ci;

-- Dumping data for table cynosure-website.settings: ~10 rows (approximately)
INSERT IGNORE INTO `settings` (`id`, `key`, `display_name`, `value`, `details`, `type`, `order`, `group`) VALUES
	(1, 'site.title', 'Site Title', 'Site Title', '', 'text', 1, 'Site'),
	(2, 'site.description', 'Site Description', 'Site Description', '', 'text', 2, 'Site'),
	(3, 'site.logo', 'Site Logo', '', '', 'image', 3, 'Site'),
	(4, 'site.google_analytics_tracking_id', 'Google Analytics Tracking ID', NULL, '', 'text', 4, 'Site'),
	(5, 'admin.bg_image', 'Admin Background Image', 'settings/November2021/MUo1hGxvh1T7FXOUNH9U.jpg', '', 'image', 5, 'Admin'),
	(6, 'admin.title', 'Admin Title', 'Cynosure Designs', '', 'text', 1, 'Admin'),
	(7, 'admin.description', 'Admin Description', 'Digital Marketing Agency In UK | Cynosure Designs', '', 'text', 2, 'Admin'),
	(8, 'admin.loader', 'Admin Loader', '', '', 'image', 3, 'Admin'),
	(9, 'admin.icon_image', 'Admin Icon Image', 'settings/November2021/kB5gNi1FunRuou5z0Ono.jpg', '', 'image', 4, 'Admin'),
	(10, 'admin.google_analytics_client_id', 'Google Analytics Client ID (used for admin dashboard)', NULL, '', 'text', 1, 'Admin');

-- Dumping structure for table cynosure-website.tags
CREATE TABLE IF NOT EXISTS `tags` (
  `id` int(10) unsigned NOT NULL AUTO_INCREMENT,
  `label` varchar(255) COLLATE utf8mb4_unicode_ci NOT NULL,
  `created_at` timestamp NULL DEFAULT NULL,
  `updated_at` timestamp NULL DEFAULT NULL,
  `deleted_at` timestamp NULL DEFAULT NULL,
  PRIMARY KEY (`id`)
) ENGINE=InnoDB AUTO_INCREMENT=12 DEFAULT CHARSET=utf8mb4 COLLATE=utf8mb4_unicode_ci;

-- Dumping data for table cynosure-website.tags: ~9 rows (approximately)
INSERT IGNORE INTO `tags` (`id`, `label`, `created_at`, `updated_at`, `deleted_at`) VALUES
	(1, 'Software', '2021-11-17 01:06:31', '2021-11-17 01:06:31', NULL),
	(2, 'Shopify', '2021-11-17 05:08:24', '2021-11-17 05:08:24', '2021-11-17 10:08:00'),
	(3, 'Web Development', '2021-11-19 05:08:53', '2021-11-19 05:08:53', NULL),
	(4, 'Magento', '2021-11-19 05:09:08', '2021-11-19 05:09:08', NULL),
	(5, 'Designs', '2021-11-19 05:17:34', '2021-11-19 05:17:34', NULL),
	(6, 'UI/UX Design', '2021-11-19 05:17:49', '2021-11-19 05:17:49', NULL),
	(9, 'Printing & Packaging', '2021-11-19 05:18:00', '2021-11-19 05:18:31', NULL),
	(10, 'Woocommerce', '2021-11-19 06:59:32', '2021-11-19 06:59:32', NULL),
	(11, 'Digital Marketing', '2022-06-21 04:48:00', '2022-06-21 04:48:20', NULL);

-- Dumping structure for table cynosure-website.translations
CREATE TABLE IF NOT EXISTS `translations` (
  `id` int(10) unsigned NOT NULL AUTO_INCREMENT,
  `table_name` varchar(255) COLLATE utf8mb4_unicode_ci NOT NULL,
  `column_name` varchar(255) COLLATE utf8mb4_unicode_ci NOT NULL,
  `foreign_key` int(10) unsigned NOT NULL,
  `locale` varchar(255) COLLATE utf8mb4_unicode_ci NOT NULL,
  `value` text COLLATE utf8mb4_unicode_ci NOT NULL,
  `created_at` timestamp NULL DEFAULT NULL,
  `updated_at` timestamp NULL DEFAULT NULL,
  PRIMARY KEY (`id`),
  UNIQUE KEY `translations_table_name_column_name_foreign_key_locale_unique` (`table_name`,`column_name`,`foreign_key`,`locale`)
) ENGINE=InnoDB DEFAULT CHARSET=utf8mb4 COLLATE=utf8mb4_unicode_ci;

-- Dumping data for table cynosure-website.translations: ~0 rows (approximately)

-- Dumping structure for table cynosure-website.users
CREATE TABLE IF NOT EXISTS `users` (
  `id` bigint(20) unsigned NOT NULL AUTO_INCREMENT,
  `role_id` bigint(20) unsigned DEFAULT NULL,
  `name` varchar(255) COLLATE utf8mb4_unicode_ci NOT NULL,
  `email` varchar(255) COLLATE utf8mb4_unicode_ci NOT NULL,
  `avatar` varchar(255) COLLATE utf8mb4_unicode_ci DEFAULT 'users/default.png',
  `email_verified_at` timestamp NULL DEFAULT NULL,
  `password` varchar(255) COLLATE utf8mb4_unicode_ci NOT NULL,
  `remember_token` varchar(100) COLLATE utf8mb4_unicode_ci DEFAULT NULL,
  `settings` text COLLATE utf8mb4_unicode_ci,
  `created_at` timestamp NULL DEFAULT NULL,
  `updated_at` timestamp NULL DEFAULT NULL,
  PRIMARY KEY (`id`),
  UNIQUE KEY `users_email_unique` (`email`),
  KEY `users_role_id_foreign` (`role_id`),
  CONSTRAINT `users_role_id_foreign` FOREIGN KEY (`role_id`) REFERENCES `roles` (`id`)
) ENGINE=InnoDB AUTO_INCREMENT=5 DEFAULT CHARSET=utf8mb4 COLLATE=utf8mb4_unicode_ci;

-- Dumping data for table cynosure-website.users: ~4 rows (approximately)
INSERT IGNORE INTO `users` (`id`, `role_id`, `name`, `email`, `avatar`, `email_verified_at`, `password`, `remember_token`, `settings`, `created_at`, `updated_at`) VALUES
	(1, 1, 'Hamza', 'hamza@cynosuredesigns.co.uk', 'users/November2021/mwZ7nTIF9F1JwP8ZyUA0.jpg', NULL, '$2y$10$Fb4hXfhkFgxmdKznQ29tqu/9cW1W0URfFCzijBmj3Z1.sfx9RQ4uy', NULL, '{"locale":"en"}', '2021-10-07 12:09:38', '2021-11-19 07:13:16'),
	(2, 3, 'Shafqat', 'shafqat@cynosuredesigns.co.uk', 'users/November2021/UNxupG5OtnJY0ZhpEcGr.jpg', NULL, '$2y$10$rKGaIVPZhPp3PrdcpmAHYeWJ5evBpf1O37nEsd4ioSzCkvJ947zlK', 'i6Dk1q7AWVtjQU22ecORzmCq2ZmPFCVbOjIWLUgIQUoY9yRFp5QpKQ96VYga', '{"locale":"en"}', '2021-11-26 07:29:56', '2021-11-26 07:29:56'),
	(3, 4, 'Jennifer Robinson', 'snoor0961@gmail.com', 'users/February2022/uqI5FzX5WxfLj7fpkCJo.png', NULL, '$2y$10$N8GOLDuY64YUPTVa3YVifOdWLas1.CSfE9PK40HDf1VRBzkKWUpfi', 'ZNwwXe9O995RZzYvKpWK3TKcLHxuBIIvdlWo9yrKHgePRwRxmWuOw7gRKQJX', '{"locale":"en"}', '2022-02-10 06:07:16', '2022-06-07 07:22:47'),
	(4, 4, 'Sannia Tiwana', 'sannia@cynosuredesigns.co.uk', 'users/February2022/C9U3gunDUPB7I5HuD8OS.jpg', NULL, '$2y$10$Put2HpZSkE17DD2hxixQZ.heAB1xaQLie7AmPjyxnGM5ofa82oQR6', '26r84kyhbjLRtR77vMC4yDM8NONbtHzxL9C5wFb4EhcCSilUYZfw7H7ouIVC', '{"locale":"en"}', '2022-02-15 09:06:04', '2022-02-15 09:06:04');

-- Dumping structure for table cynosure-website.user_roles
CREATE TABLE IF NOT EXISTS `user_roles` (
  `user_id` bigint(20) unsigned NOT NULL,
  `role_id` bigint(20) unsigned NOT NULL,
  PRIMARY KEY (`user_id`,`role_id`),
  KEY `user_roles_user_id_index` (`user_id`),
  KEY `user_roles_role_id_index` (`role_id`),
  CONSTRAINT `user_roles_role_id_foreign` FOREIGN KEY (`role_id`) REFERENCES `roles` (`id`) ON DELETE CASCADE,
  CONSTRAINT `user_roles_user_id_foreign` FOREIGN KEY (`user_id`) REFERENCES `users` (`id`) ON DELETE CASCADE
) ENGINE=InnoDB DEFAULT CHARSET=utf8mb4 COLLATE=utf8mb4_unicode_ci;

-- Dumping data for table cynosure-website.user_roles: ~0 rows (approximately)